2025-01-23 12:14:46,166 - INFO - package: mysql.connector.plugins
2025-01-23 12:14:46,166 - INFO - plugin_name: mysql_native_password
2025-01-23 12:14:46,166 - INFO - AUTHENTICATION_PLUGIN_CLASS: MySQLNativePasswordAuthPlugin
2025-01-23 12:14:47,311 - ERROR - MQTT Broker Connection Failed!
2025-01-23 12:15:03,436 - ERROR - MQTT Broker Connection Failed!
2025-01-23 12:15:19,333 - ERROR - MQTT Broker Connection Failed!
2025-01-23 12:15:35,477 - ERROR - MQTT Broker Connection Failed!
2025-01-23 12:15:38,399 - INFO - package: mysql.connector.plugins
2025-01-23 12:15:38,399 - INFO - plugin_name: mysql_native_password
2025-01-23 12:15:38,399 - INFO - AUTHENTICATION_PLUGIN_CLASS: MySQLNativePasswordAuthPlugin
2025-01-23 12:18:25,033 - INFO - package: mysql.connector.plugins
2025-01-23 12:18:25,033 - INFO - plugin_name: mysql_native_password
2025-01-23 12:18:25,033 - INFO - AUTHENTICATION_PLUGIN_CLASS: MySQLNativePasswordAuthPlugin
2025-01-23 12:35:03,800 - INFO - package: mysql.connector.plugins
2025-01-23 12:35:03,800 - INFO - plugin_name: mysql_native_password
2025-01-23 12:35:03,801 - INFO - AUTHENTICATION_PLUGIN_CLASS: MySQLNativePasswordAuthPlugin
2025-01-23 12:35:44,921 - INFO - Mqtt Inserted to the Database
2025-01-23 12:38:02,719 - INFO - package: mysql.connector.plugins
2025-01-23 12:38:02,719 - INFO - plugin_name: mysql_native_password
2025-01-23 12:38:02,720 - INFO - AUTHENTICATION_PLUGIN_CLASS: MySQLNativePasswordAuthPlugin
2025-01-23 12:38:12,930 - INFO - Mqtt Inserted to the Database
2025-01-23 12:40:28,923 - INFO - Mqtt Inserted to the Database
2025-01-23 12:42:39,411 - INFO - Mqtt Inserted to the Database
2025-01-23 12:44:49,895 - INFO - Mqtt Inserted to the Database
2025-01-23 12:47:00,320 - INFO - Mqtt Inserted to the Database
2025-01-23 12:49:10,778 - INFO - Mqtt Inserted to the Database
2025-01-23 12:51:21,252 - INFO - Mqtt Inserted to the Database
2025-01-23 12:52:41,083 - INFO - package: mysql.connector.plugins
2025-01-23 12:52:41,084 - INFO - plugin_name: mysql_native_password
2025-01-23 12:52:41,084 - INFO - AUTHENTICATION_PLUGIN_CLASS: MySQLNativePasswordAuthPlugin
2025-01-23 12:52:51,283 - INFO - Mqtt Inserted to the Database
2025-01-23 12:52:57,307 - INFO - Mqtt Inserted to the Database
2025-01-23 12:53:03,340 - INFO - Mqtt Inserted to the Database
2025-01-23 12:53:21,383 - INFO - Mqtt Inserted to the Database
2025-01-23 12:53:30,410 - INFO - Mqtt Inserted to the Database
2025-01-23 12:53:57,456 - INFO - Mqtt Inserted to the Database
2025-01-23 12:54:04,670 - INFO - package: mysql.connector.plugins
2025-01-23 12:54:04,670 - INFO - plugin_name: mysql_native_password
2025-01-23 12:54:04,670 - INFO - AUTHENTICATION_PLUGIN_CLASS: MySQLNativePasswordAuthPlugin
2025-01-23 12:54:14,540 - INFO - Mqtt Inserted to the Database
2025-01-23 12:54:20,600 - INFO - Mqtt Inserted to the Database
2025-01-23 12:54:26,623 - INFO - Mqtt Inserted to the Database
2025-01-23 12:54:44,677 - INFO - Mqtt Inserted to the Database
2025-01-23 12:55:11,753 - INFO - Mqtt Inserted to the Database
2025-01-23 12:55:38,836 - INFO - Mqtt Inserted to the Database
2025-01-23 12:56:05,914 - INFO - Mqtt Inserted to the Database
2025-01-23 12:56:32,968 - INFO - Mqtt Inserted to the Database
2025-01-23 12:57:02,548 - INFO - Mqtt Inserted to the Database
2025-01-23 12:57:32,652 - INFO - Mqtt Inserted to the Database
2025-01-23 12:58:02,730 - INFO - Mqtt Inserted to the Database
2025-01-23 12:58:32,819 - INFO - Mqtt Inserted to the Database
2025-01-23 12:59:02,943 - INFO - Mqtt Inserted to the Database
2025-01-23 12:59:33,063 - INFO - Mqtt Inserted to the Database
2025-01-23 13:00:03,224 - INFO - Mqtt Inserted to the Database
2025-01-23 13:00:33,219 - INFO - Mqtt Inserted to the Database
2025-01-23 13:01:03,322 - INFO - Mqtt Inserted to the Database
2025-01-23 13:01:33,460 - INFO - Mqtt Inserted to the Database
2025-01-23 13:02:03,546 - INFO - Mqtt Inserted to the Database
2025-01-23 13:02:33,700 - INFO - Mqtt Inserted to the Database
2025-01-23 13:03:03,826 - INFO - Mqtt Inserted to the Database
2025-01-23 13:03:33,906 - INFO - Mqtt Inserted to the Database
2025-01-23 13:04:03,990 - INFO - Mqtt Inserted to the Database
2025-01-23 13:04:34,110 - INFO - Mqtt Inserted to the Database
2025-01-23 13:05:04,210 - INFO - Mqtt Inserted to the Database
2025-01-23 13:05:34,315 - INFO - Mqtt Inserted to the Database
2025-01-23 13:06:04,418 - INFO - Mqtt Inserted to the Database
2025-01-23 13:06:13,458 - INFO - Mqtt Inserted to the Database
2025-01-23 13:06:31,499 - INFO - Mqtt Inserted to the Database
2025-01-23 13:06:40,546 - INFO - Mqtt Inserted to the Database
2025-01-23 13:06:58,591 - INFO - Mqtt Inserted to the Database
2025-01-23 13:07:07,633 - INFO - Mqtt Inserted to the Database
2025-01-23 13:07:25,693 - INFO - Mqtt Inserted to the Database
2025-01-23 13:07:34,735 - INFO - Mqtt Inserted to the Database
2025-01-23 13:07:52,793 - INFO - Mqtt Inserted to the Database
2025-01-23 13:08:01,835 - INFO - Mqtt Inserted to the Database
2025-01-23 13:08:19,889 - INFO - Mqtt Inserted to the Database
2025-01-23 13:08:28,930 - INFO - Mqtt Inserted to the Database
2025-01-23 13:08:46,990 - INFO - Mqtt Inserted to the Database
2025-01-23 13:08:56,024 - INFO - Mqtt Inserted to the Database
2025-01-23 13:09:14,072 - INFO - Mqtt Inserted to the Database
2025-01-23 13:09:23,109 - INFO - Mqtt Inserted to the Database
2025-01-23 13:09:41,169 - INFO - Mqtt Inserted to the Database
2025-01-23 13:51:23,809 - INFO - package: mysql.connector.plugins
2025-01-23 13:51:23,809 - INFO - plugin_name: mysql_native_password
2025-01-23 13:51:23,810 - INFO - AUTHENTICATION_PLUGIN_CLASS: MySQLNativePasswordAuthPlugin
2025-01-23 13:51:34,047 - INFO - Mqtt Inserted to the Database
2025-01-23 13:51:43,078 - INFO - Mqtt Inserted to the Database
2025-01-23 13:51:52,110 - INFO - Mqtt Inserted to the Database
2025-01-23 13:52:10,142 - INFO - Mqtt Inserted to the Database
2025-01-23 13:52:19,170 - INFO - Mqtt Inserted to the Database
2025-01-23 13:52:46,229 - INFO - Mqtt Inserted to the Database
2025-01-23 13:52:55,260 - INFO - Mqtt Inserted to the Database
2025-01-23 13:53:22,323 - INFO - Mqtt Inserted to the Database
2025-01-23 13:53:31,354 - INFO - Mqtt Inserted to the Database
2025-01-23 13:53:58,431 - INFO - Mqtt Inserted to the Database
2025-01-23 13:54:07,462 - INFO - Mqtt Inserted to the Database
2025-01-23 13:54:34,503 - INFO - Mqtt Inserted to the Database
2025-01-23 13:54:43,528 - INFO - Mqtt Inserted to the Database
2025-01-23 13:55:12,476 - INFO - Mqtt Inserted to the Database
2025-01-23 13:55:23,067 - INFO - Mqtt Inserted to the Database
2025-01-23 13:55:52,133 - INFO - Mqtt Inserted to the Database
2025-01-23 13:56:03,209 - INFO - Mqtt Inserted to the Database
2025-01-23 13:56:32,254 - INFO - Mqtt Inserted to the Database
2025-01-23 13:56:43,270 - INFO - Mqtt Inserted to the Database
2025-01-23 13:57:12,375 - INFO - Mqtt Inserted to the Database
2025-01-23 13:57:23,394 - INFO - Mqtt Inserted to the Database
2025-01-23 13:57:52,452 - INFO - Mqtt Inserted to the Database
2025-01-23 13:58:03,514 - INFO - Mqtt Inserted to the Database
2025-01-23 13:58:32,617 - INFO - Mqtt Inserted to the Database
2025-01-23 13:58:43,654 - INFO - Mqtt Inserted to the Database
2025-01-23 13:59:12,699 - INFO - Mqtt Inserted to the Database
2025-01-23 13:59:23,755 - INFO - Mqtt Inserted to the Database
2025-01-23 13:59:52,815 - INFO - Mqtt Inserted to the Database
2025-01-23 14:00:03,821 - INFO - Mqtt Inserted to the Database
2025-01-23 14:00:32,929 - INFO - Mqtt Inserted to the Database
2025-01-23 14:00:43,942 - INFO - Mqtt Inserted to the Database
2025-01-23 14:01:13,056 - INFO - Mqtt Inserted to the Database
2025-01-23 14:01:24,072 - INFO - Mqtt Inserted to the Database
2025-01-23 14:01:53,131 - INFO - Mqtt Inserted to the Database
2025-01-23 14:02:04,198 - INFO - Mqtt Inserted to the Database
2025-01-23 14:02:33,256 - INFO - Mqtt Inserted to the Database
2025-01-23 14:02:44,277 - INFO - Mqtt Inserted to the Database
2025-01-23 14:03:13,336 - INFO - Mqtt Inserted to the Database
2025-01-23 14:03:24,394 - INFO - Mqtt Inserted to the Database
2025-01-23 14:03:53,457 - INFO - Mqtt Inserted to the Database
2025-01-23 14:04:04,475 - INFO - Mqtt Inserted to the Database
2025-01-23 14:04:33,578 - INFO - Mqtt Inserted to the Database
2025-01-23 14:04:45,113 - INFO - Mqtt Inserted to the Database
2025-01-23 14:05:13,658 - INFO - Mqtt Inserted to the Database
2025-01-23 14:05:24,667 - INFO - Mqtt Inserted to the Database
2025-01-23 14:05:54,135 - INFO - Mqtt Inserted to the Database
2025-01-23 14:06:04,844 - INFO - Mqtt Inserted to the Database
2025-01-23 14:06:33,886 - INFO - Mqtt Inserted to the Database
2025-01-23 14:06:44,947 - INFO - Mqtt Inserted to the Database
2025-01-23 14:07:14,560 - INFO - Mqtt Inserted to the Database
2025-01-23 14:07:25,036 - INFO - Mqtt Inserted to the Database
2025-01-23 14:08:05,150 - INFO - Mqtt Inserted to the Database
2025-01-23 14:08:45,268 - INFO - Mqtt Inserted to the Database
2025-01-23 14:09:25,402 - INFO - Mqtt Inserted to the Database
2025-01-23 14:10:05,538 - INFO - Mqtt Inserted to the Database
2025-01-23 14:10:45,684 - INFO - Mqtt Inserted to the Database
2025-01-23 14:11:25,743 - INFO - Mqtt Inserted to the Database
2025-01-23 14:12:05,876 - INFO - Mqtt Inserted to the Database
2025-01-23 14:12:45,974 - INFO - Mqtt Inserted to the Database
2025-01-23 14:13:26,123 - INFO - Mqtt Inserted to the Database
2025-01-23 14:14:06,243 - INFO - Mqtt Inserted to the Database
2025-01-23 14:14:46,375 - INFO - Mqtt Inserted to the Database
2025-01-23 14:15:26,451 - INFO - Mqtt Inserted to the Database
2025-01-23 14:16:06,573 - INFO - Mqtt Inserted to the Database
2025-01-23 14:16:46,728 - INFO - Mqtt Inserted to the Database
2025-01-23 14:17:26,840 - INFO - Mqtt Inserted to the Database
2025-01-23 14:18:06,956 - INFO - Mqtt Inserted to the Database
2025-01-23 14:18:47,084 - INFO - Mqtt Inserted to the Database
2025-01-23 14:19:27,197 - INFO - Mqtt Inserted to the Database
2025-01-23 14:20:07,328 - INFO - Mqtt Inserted to the Database
2025-01-23 14:20:47,480 - INFO - Mqtt Inserted to the Database
2025-01-23 14:21:27,564 - INFO - Mqtt Inserted to the Database
2025-01-23 14:22:07,688 - INFO - Mqtt Inserted to the Database
2025-01-23 14:22:47,929 - INFO - Mqtt Inserted to the Database
2025-01-23 14:23:27,913 - INFO - Mqtt Inserted to the Database
2025-01-23 14:24:08,013 - INFO - Mqtt Inserted to the Database
2025-01-23 14:24:48,129 - INFO - Mqtt Inserted to the Database
2025-01-23 14:25:28,234 - INFO - Mqtt Inserted to the Database
2025-01-23 14:26:08,415 - INFO - Mqtt Inserted to the Database
2025-01-23 14:26:48,528 - INFO - Mqtt Inserted to the Database
2025-01-23 14:27:28,610 - INFO - Mqtt Inserted to the Database
2025-01-23 14:28:10,932 - INFO - Mqtt Inserted to the Database
2025-01-23 14:28:49,566 - INFO - Mqtt Inserted to the Database
2025-01-23 14:29:30,292 - INFO - Mqtt Inserted to the Database
2025-01-23 14:30:09,948 - INFO - Mqtt Inserted to the Database
2025-01-23 14:30:51,694 - INFO - Mqtt Inserted to the Database
2025-01-23 14:31:30,214 - INFO - Mqtt Inserted to the Database
2025-01-23 14:32:10,295 - INFO - Mqtt Inserted to the Database
2025-01-23 14:32:51,493 - INFO - Mqtt Inserted to the Database
2025-01-23 14:33:30,496 - INFO - Mqtt Inserted to the Database
2025-01-23 14:34:10,574 - INFO - Mqtt Inserted to the Database
2025-01-23 14:34:51,572 - INFO - Mqtt Inserted to the Database
2025-01-23 14:35:30,737 - INFO - Mqtt Inserted to the Database
2025-01-23 14:36:10,947 - INFO - Mqtt Inserted to the Database
2025-01-23 14:36:51,779 - INFO - Mqtt Inserted to the Database
2025-01-23 14:37:31,337 - INFO - Mqtt Inserted to the Database
2025-01-23 14:38:11,454 - INFO - Mqtt Inserted to the Database
2025-01-23 14:38:51,776 - INFO - Mqtt Inserted to the Database
2025-01-23 14:39:32,539 - INFO - Mqtt Inserted to the Database
2025-01-23 14:40:11,805 - INFO - Mqtt Inserted to the Database
2025-01-23 14:40:52,058 - INFO - Mqtt Inserted to the Database
2025-01-24 06:15:17,305 - INFO - package: mysql.connector.plugins
2025-01-24 06:15:17,305 - INFO - plugin_name: mysql_native_password
2025-01-24 06:15:17,305 - INFO - AUTHENTICATION_PLUGIN_CLASS: MySQLNativePasswordAuthPlugin
2025-01-24 06:15:27,628 - INFO - Mqtt Inserted to the Database
2025-01-24 06:15:36,657 - INFO - Mqtt Inserted to the Database
2025-01-24 06:15:45,680 - INFO - Mqtt Inserted to the Database
2025-01-24 06:16:03,730 - INFO - Mqtt Inserted to the Database
2025-01-24 06:16:12,768 - INFO - Mqtt Inserted to the Database
2025-01-24 06:16:39,839 - INFO - Mqtt Inserted to the Database
2025-01-24 06:16:48,874 - INFO - Mqtt Inserted to the Database
2025-01-24 06:17:15,930 - INFO - Mqtt Inserted to the Database
2025-01-24 06:17:24,963 - INFO - Mqtt Inserted to the Database
2025-01-24 06:17:52,018 - INFO - Mqtt Inserted to the Database
2025-01-24 06:18:01,042 - INFO - Mqtt Inserted to the Database
2025-01-24 06:18:28,103 - INFO - Mqtt Inserted to the Database
2025-01-24 06:18:37,142 - INFO - Mqtt Inserted to the Database
2025-01-24 06:19:04,213 - INFO - Mqtt Inserted to the Database
2025-01-24 06:19:14,351 - INFO - Mqtt Inserted to the Database
2025-01-24 06:19:43,480 - INFO - Mqtt Inserted to the Database
2025-01-24 06:19:54,478 - INFO - Mqtt Inserted to the Database
2025-01-24 06:20:23,530 - INFO - Mqtt Inserted to the Database
2025-01-24 06:20:34,601 - INFO - Mqtt Inserted to the Database
2025-01-24 06:21:03,660 - INFO - Mqtt Inserted to the Database
2025-01-24 06:21:14,726 - INFO - Mqtt Inserted to the Database
2025-01-24 06:21:43,780 - INFO - Mqtt Inserted to the Database
2025-01-24 06:21:54,850 - INFO - Mqtt Inserted to the Database
2025-01-24 06:22:23,930 - INFO - Mqtt Inserted to the Database
2025-01-24 06:22:34,985 - INFO - Mqtt Inserted to the Database
2025-01-24 06:23:04,029 - INFO - Mqtt Inserted to the Database
2025-01-24 06:23:15,088 - INFO - Mqtt Inserted to the Database
2025-01-24 06:23:44,132 - INFO - Mqtt Inserted to the Database
2025-01-24 06:23:55,443 - INFO - Mqtt Inserted to the Database
2025-01-24 06:24:24,245 - INFO - Mqtt Inserted to the Database
2025-01-24 06:24:35,313 - INFO - Mqtt Inserted to the Database
2025-01-24 06:25:04,378 - INFO - Mqtt Inserted to the Database
2025-01-24 06:25:15,443 - INFO - Mqtt Inserted to the Database
2025-01-24 06:25:44,517 - INFO - Mqtt Inserted to the Database
2025-01-24 06:25:55,543 - INFO - Mqtt Inserted to the Database
2025-01-24 06:26:24,638 - INFO - Mqtt Inserted to the Database
2025-01-24 06:26:35,679 - INFO - Mqtt Inserted to the Database
2025-01-24 09:23:36,257 - INFO - Mqtt Inserted to the Database
2025-01-27 07:39:09,032 - INFO - package: mysql.connector.plugins
2025-01-27 07:39:09,033 - INFO - plugin_name: mysql_native_password
2025-01-27 07:39:09,039 - INFO - AUTHENTICATION_PLUGIN_CLASS: MySQLNativePasswordAuthPlugin
2025-01-27 07:39:19,347 - INFO - Mqtt Inserted to the Database
2025-01-27 07:39:28,364 - INFO - Mqtt Inserted to the Database
2025-01-27 07:39:37,380 - INFO - Mqtt Inserted to the Database
2025-01-27 07:39:46,396 - INFO - Mqtt Inserted to the Database
2025-01-27 07:40:09,640 - INFO - Mqtt Inserted to the Database
2025-01-27 07:40:49,780 - INFO - Mqtt Inserted to the Database
2025-01-27 07:52:18,160 - INFO - package: mysql.connector.plugins
2025-01-27 07:52:18,160 - INFO - plugin_name: mysql_native_password
2025-01-27 07:52:18,161 - INFO - AUTHENTICATION_PLUGIN_CLASS: MySQLNativePasswordAuthPlugin
2025-01-27 07:52:25,381 - INFO - Mqtt Inserted to the Database
2025-01-27 07:52:31,416 - INFO - Mqtt Inserted to the Database
2025-01-27 07:52:37,443 - INFO - Mqtt Inserted to the Database
2025-01-27 07:52:55,485 - INFO - Mqtt Inserted to the Database
2025-01-27 07:53:32,442 - INFO - Mqtt Inserted to the Database
2025-01-27 07:54:13,209 - INFO - Mqtt Inserted to the Database
2025-01-27 07:54:52,723 - INFO - Mqtt Inserted to the Database
2025-01-27 07:55:32,875 - INFO - Mqtt Inserted to the Database
2025-01-27 07:56:13,013 - INFO - Mqtt Inserted to the Database
2025-01-27 07:56:53,165 - INFO - Mqtt Inserted to the Database
2025-01-27 07:57:33,289 - INFO - Mqtt Inserted to the Database
2025-01-27 07:58:13,442 - INFO - Mqtt Inserted to the Database
2025-01-27 07:58:53,549 - INFO - Mqtt Inserted to the Database
2025-01-27 07:59:33,722 - INFO - Mqtt Inserted to the Database
2025-01-27 08:00:14,208 - INFO - Mqtt Inserted to the Database
2025-01-27 08:00:54,010 - INFO - Mqtt Inserted to the Database
2025-01-27 08:01:34,124 - INFO - Mqtt Inserted to the Database
2025-01-27 08:02:14,286 - INFO - Mqtt Inserted to the Database
2025-01-27 08:02:54,439 - INFO - Mqtt Inserted to the Database
2025-01-27 08:03:34,566 - INFO - Mqtt Inserted to the Database
2025-01-27 08:04:14,696 - INFO - Mqtt Inserted to the Database
2025-01-27 08:04:55,004 - INFO - Mqtt Inserted to the Database
2025-01-27 08:05:34,975 - INFO - Mqtt Inserted to the Database
2025-01-27 08:06:15,409 - INFO - Mqtt Inserted to the Database
2025-01-27 08:06:55,412 - INFO - Mqtt Inserted to the Database
2025-01-27 08:07:35,450 - INFO - Mqtt Inserted to the Database
2025-01-27 08:08:15,571 - INFO - Mqtt Inserted to the Database
2025-01-27 08:08:55,725 - INFO - Mqtt Inserted to the Database
2025-01-27 08:09:35,849 - INFO - Mqtt Inserted to the Database
2025-01-27 08:10:16,006 - INFO - Mqtt Inserted to the Database
2025-01-27 08:10:56,163 - INFO - Mqtt Inserted to the Database
2025-01-27 08:11:36,830 - INFO - Mqtt Inserted to the Database
2025-01-27 08:12:16,452 - INFO - Mqtt Inserted to the Database
2025-01-27 08:12:56,581 - INFO - Mqtt Inserted to the Database
2025-01-27 08:13:36,736 - INFO - Mqtt Inserted to the Database
2025-01-27 08:14:16,829 - INFO - Mqtt Inserted to the Database
2025-01-27 08:14:56,974 - INFO - Mqtt Inserted to the Database
2025-01-27 08:15:37,142 - INFO - Mqtt Inserted to the Database
2025-01-27 08:16:17,245 - INFO - Mqtt Inserted to the Database
2025-01-27 08:16:57,397 - INFO - Mqtt Inserted to the Database
2025-01-27 08:17:37,520 - INFO - Mqtt Inserted to the Database
2025-01-27 08:18:17,850 - INFO - Mqtt Inserted to the Database
2025-01-27 08:18:57,813 - INFO - Mqtt Inserted to the Database
2025-01-27 08:19:37,946 - INFO - Mqtt Inserted to the Database
2025-01-27 08:20:18,114 - INFO - Mqtt Inserted to the Database
2025-01-27 08:20:58,246 - INFO - Mqtt Inserted to the Database
2025-01-27 08:21:38,377 - INFO - Mqtt Inserted to the Database
2025-01-27 08:22:18,531 - INFO - Mqtt Inserted to the Database
2025-01-27 08:22:58,671 - INFO - Mqtt Inserted to the Database
2025-01-27 08:23:38,818 - INFO - Mqtt Inserted to the Database
2025-01-27 08:24:18,978 - INFO - Mqtt Inserted to the Database
2025-01-27 08:24:59,100 - INFO - Mqtt Inserted to the Database
2025-01-27 08:25:39,263 - INFO - Mqtt Inserted to the Database
2025-01-27 08:26:19,426 - INFO - Mqtt Inserted to the Database
2025-01-27 08:26:59,543 - INFO - Mqtt Inserted to the Database
2025-01-27 08:27:39,708 - INFO - Mqtt Inserted to the Database
2025-01-27 08:28:19,820 - INFO - Mqtt Inserted to the Database
2025-01-27 08:28:59,975 - INFO - Mqtt Inserted to the Database
2025-01-27 08:29:40,106 - INFO - Mqtt Inserted to the Database
2025-01-27 08:30:20,221 - INFO - Mqtt Inserted to the Database
2025-01-27 08:31:00,390 - INFO - Mqtt Inserted to the Database
2025-01-27 08:31:40,551 - INFO - Mqtt Inserted to the Database
2025-01-27 08:32:20,664 - INFO - Mqtt Inserted to the Database
2025-01-27 08:33:00,789 - INFO - Mqtt Inserted to the Database
2025-01-27 08:33:41,116 - INFO - Mqtt Inserted to the Database
2025-01-27 08:34:21,111 - INFO - Mqtt Inserted to the Database
2025-01-27 08:35:01,229 - INFO - Mqtt Inserted to the Database
2025-01-27 08:35:41,388 - INFO - Mqtt Inserted to the Database
2025-01-27 08:36:21,523 - INFO - Mqtt Inserted to the Database
2025-01-27 08:37:01,671 - INFO - Mqtt Inserted to the Database
2025-01-27 08:37:41,792 - INFO - Mqtt Inserted to the Database
2025-01-27 08:38:21,953 - INFO - Mqtt Inserted to the Database
2025-01-27 08:39:02,072 - INFO - Mqtt Inserted to the Database
2025-01-27 08:39:42,231 - INFO - Mqtt Inserted to the Database
2025-01-27 08:40:22,417 - INFO - Mqtt Inserted to the Database
2025-01-27 08:41:02,514 - INFO - Mqtt Inserted to the Database
2025-01-27 08:41:43,235 - INFO - Mqtt Inserted to the Database
2025-01-27 08:42:22,794 - INFO - Mqtt Inserted to the Database
2025-01-27 08:43:02,949 - INFO - Mqtt Inserted to the Database
2025-01-27 08:43:43,068 - INFO - Mqtt Inserted to the Database
2025-01-27 08:44:23,203 - INFO - Mqtt Inserted to the Database
2025-01-27 08:45:03,343 - INFO - Mqtt Inserted to the Database
2025-01-27 08:45:43,497 - INFO - Mqtt Inserted to the Database
2025-01-27 08:46:23,624 - INFO - Mqtt Inserted to the Database
2025-01-27 08:47:03,914 - INFO - Mqtt Inserted to the Database
2025-01-27 08:47:43,918 - INFO - Mqtt Inserted to the Database
2025-01-27 08:48:24,064 - INFO - Mqtt Inserted to the Database
2025-01-27 08:49:04,196 - INFO - Mqtt Inserted to the Database
2025-01-27 08:49:44,351 - INFO - Mqtt Inserted to the Database
2025-01-27 08:50:24,505 - INFO - Mqtt Inserted to the Database
2025-01-27 08:51:04,642 - INFO - Mqtt Inserted to the Database
2025-01-27 08:51:44,754 - INFO - Mqtt Inserted to the Database
2025-01-27 08:52:24,914 - INFO - Mqtt Inserted to the Database
2025-01-27 08:53:05,078 - INFO - Mqtt Inserted to the Database
2025-01-27 08:53:45,212 - INFO - Mqtt Inserted to the Database
2025-01-27 08:54:25,352 - INFO - Mqtt Inserted to the Database
2025-01-27 08:55:05,482 - INFO - Mqtt Inserted to the Database
2025-01-27 08:55:45,619 - INFO - Mqtt Inserted to the Database
2025-01-27 08:56:25,803 - INFO - Mqtt Inserted to the Database
2025-01-27 08:57:05,903 - INFO - Mqtt Inserted to the Database
2025-01-27 08:57:46,079 - INFO - Mqtt Inserted to the Database
2025-01-27 08:58:26,219 - INFO - Mqtt Inserted to the Database
2025-01-27 08:59:06,316 - INFO - Mqtt Inserted to the Database
2025-01-27 08:59:46,683 - INFO - Mqtt Inserted to the Database
2025-01-27 09:00:26,593 - INFO - Mqtt Inserted to the Database
2025-01-27 09:01:06,946 - INFO - Mqtt Inserted to the Database
2025-01-27 09:01:46,917 - INFO - Mqtt Inserted to the Database
2025-01-27 09:02:27,034 - INFO - Mqtt Inserted to the Database
2025-01-27 09:03:07,154 - INFO - Mqtt Inserted to the Database
2025-01-27 09:03:47,281 - INFO - Mqtt Inserted to the Database
2025-01-27 09:04:27,441 - INFO - Mqtt Inserted to the Database
2025-01-27 09:05:07,599 - INFO - Mqtt Inserted to the Database
2025-01-27 09:05:47,707 - INFO - Mqtt Inserted to the Database
2025-01-27 09:06:27,876 - INFO - Mqtt Inserted to the Database
2025-01-27 09:07:07,974 - INFO - Mqtt Inserted to the Database
2025-01-27 09:07:48,165 - INFO - Mqtt Inserted to the Database
2025-01-27 09:08:28,325 - INFO - Mqtt Inserted to the Database
2025-01-27 09:09:08,416 - INFO - Mqtt Inserted to the Database
2025-01-27 09:09:48,760 - INFO - Mqtt Inserted to the Database
2025-01-27 09:10:29,066 - INFO - Mqtt Inserted to the Database
2025-01-27 09:11:08,856 - INFO - Mqtt Inserted to the Database
2025-01-27 09:11:49,002 - INFO - Mqtt Inserted to the Database
2025-01-27 09:12:29,171 - INFO - Mqtt Inserted to the Database
2025-01-27 09:13:09,288 - INFO - Mqtt Inserted to the Database
2025-01-27 09:13:49,448 - INFO - Mqtt Inserted to the Database
2025-01-27 09:14:29,570 - INFO - Mqtt Inserted to the Database
2025-01-27 09:15:09,887 - INFO - Mqtt Inserted to the Database
2025-01-27 09:15:49,855 - INFO - Mqtt Inserted to the Database
2025-01-27 09:16:30,011 - INFO - Mqtt Inserted to the Database
2025-01-27 09:17:10,131 - INFO - Mqtt Inserted to the Database
2025-01-27 09:17:50,282 - INFO - Mqtt Inserted to the Database
2025-01-27 09:18:30,399 - INFO - Mqtt Inserted to the Database
2025-01-27 09:19:10,523 - INFO - Mqtt Inserted to the Database
2025-01-27 09:19:50,661 - INFO - Mqtt Inserted to the Database
2025-01-27 09:20:30,778 - INFO - Mqtt Inserted to the Database
2025-01-27 09:21:10,932 - INFO - Mqtt Inserted to the Database
2025-01-27 09:21:51,100 - INFO - Mqtt Inserted to the Database
2025-01-27 09:22:31,225 - INFO - Mqtt Inserted to the Database
2025-01-27 09:23:11,383 - INFO - Mqtt Inserted to the Database
2025-01-27 09:23:51,475 - INFO - Mqtt Inserted to the Database
2025-01-27 09:24:32,057 - INFO - Mqtt Inserted to the Database
2025-01-27 09:25:11,776 - INFO - Mqtt Inserted to the Database
2025-01-27 09:25:51,951 - INFO - Mqtt Inserted to the Database
2025-01-27 09:26:32,063 - INFO - Mqtt Inserted to the Database
2025-01-27 09:27:12,177 - INFO - Mqtt Inserted to the Database
2025-01-27 09:27:52,347 - INFO - Mqtt Inserted to the Database
2025-01-27 09:28:32,498 - INFO - Mqtt Inserted to the Database
2025-01-27 09:29:12,613 - INFO - Mqtt Inserted to the Database
2025-01-27 09:29:52,789 - INFO - Mqtt Inserted to the Database
2025-01-27 09:30:32,910 - INFO - Mqtt Inserted to the Database
2025-01-27 09:31:13,073 - INFO - Mqtt Inserted to the Database
2025-01-27 09:31:53,193 - INFO - Mqtt Inserted to the Database
2025-01-27 09:32:33,335 - INFO - Mqtt Inserted to the Database
2025-01-27 09:33:13,464 - INFO - Mqtt Inserted to the Database
2025-01-27 09:33:53,631 - INFO - Mqtt Inserted to the Database
2025-01-27 09:34:33,792 - INFO - Mqtt Inserted to the Database
2025-01-27 09:35:13,900 - INFO - Mqtt Inserted to the Database
2025-01-27 09:35:54,036 - INFO - Mqtt Inserted to the Database
2025-01-27 09:36:34,234 - INFO - Mqtt Inserted to the Database
2025-01-27 09:37:14,349 - INFO - Mqtt Inserted to the Database
2025-01-27 09:37:54,502 - INFO - Mqtt Inserted to the Database
2025-01-27 09:38:34,623 - INFO - Mqtt Inserted to the Database
2025-01-27 09:39:14,758 - INFO - Mqtt Inserted to the Database
2025-01-27 09:39:54,907 - INFO - Mqtt Inserted to the Database
2025-01-27 09:40:35,049 - INFO - Mqtt Inserted to the Database
2025-01-27 09:41:15,173 - INFO - Mqtt Inserted to the Database
2025-01-27 09:41:55,357 - INFO - Mqtt Inserted to the Database
2025-01-27 09:42:35,483 - INFO - Mqtt Inserted to the Database
2025-01-27 09:43:15,635 - INFO - Mqtt Inserted to the Database
2025-01-27 09:43:55,755 - INFO - Mqtt Inserted to the Database
2025-01-27 09:44:35,873 - INFO - Mqtt Inserted to the Database
2025-01-27 09:45:16,047 - INFO - Mqtt Inserted to the Database
2025-01-27 09:45:56,193 - INFO - Mqtt Inserted to the Database
2025-01-27 09:46:36,308 - INFO - Mqtt Inserted to the Database
2025-01-27 09:47:16,468 - INFO - Mqtt Inserted to the Database
2025-01-27 09:47:56,643 - INFO - Mqtt Inserted to the Database
2025-01-27 09:48:36,761 - INFO - Mqtt Inserted to the Database
2025-01-27 09:49:16,880 - INFO - Mqtt Inserted to the Database
2025-01-27 09:49:57,036 - INFO - Mqtt Inserted to the Database
2025-01-27 09:50:37,157 - INFO - Mqtt Inserted to the Database
2025-01-27 09:51:17,309 - INFO - Mqtt Inserted to the Database
2025-01-27 09:51:57,446 - INFO - Mqtt Inserted to the Database
2025-01-27 09:52:37,602 - INFO - Mqtt Inserted to the Database
2025-01-27 09:53:17,721 - INFO - Mqtt Inserted to the Database
2025-01-27 09:53:57,844 - INFO - Mqtt Inserted to the Database
2025-01-27 09:54:38,000 - INFO - Mqtt Inserted to the Database
2025-01-27 09:55:18,158 - INFO - Mqtt Inserted to the Database
2025-01-27 09:55:58,274 - INFO - Mqtt Inserted to the Database
2025-01-27 09:56:38,443 - INFO - Mqtt Inserted to the Database
2025-01-27 09:57:18,562 - INFO - Mqtt Inserted to the Database
2025-01-27 09:57:58,719 - INFO - Mqtt Inserted to the Database
2025-01-27 09:58:38,864 - INFO - Mqtt Inserted to the Database
2025-01-27 09:59:18,962 - INFO - Mqtt Inserted to the Database
2025-01-27 09:59:59,125 - INFO - Mqtt Inserted to the Database
2025-01-27 10:00:39,278 - INFO - Mqtt Inserted to the Database
2025-01-27 10:01:19,400 - INFO - Mqtt Inserted to the Database
2025-01-27 10:01:59,566 - INFO - Mqtt Inserted to the Database
2025-01-27 10:02:39,696 - INFO - Mqtt Inserted to the Database
2025-01-27 10:03:19,849 - INFO - Mqtt Inserted to the Database
2025-01-27 10:03:59,946 - INFO - Mqtt Inserted to the Database
2025-01-27 10:04:40,128 - INFO - Mqtt Inserted to the Database
2025-01-27 10:05:20,298 - INFO - Mqtt Inserted to the Database
2025-01-27 10:06:00,959 - INFO - Mqtt Inserted to the Database
2025-01-27 10:06:40,533 - INFO - Mqtt Inserted to the Database
2025-01-27 10:07:20,652 - INFO - Mqtt Inserted to the Database
2025-01-27 10:08:00,799 - INFO - Mqtt Inserted to the Database
2025-01-27 10:08:40,936 - INFO - Mqtt Inserted to the Database
2025-01-27 10:09:21,093 - INFO - Mqtt Inserted to the Database
2025-01-27 10:10:01,249 - INFO - Mqtt Inserted to the Database
2025-01-27 10:10:41,349 - INFO - Mqtt Inserted to the Database
2025-01-27 10:11:21,526 - INFO - Mqtt Inserted to the Database
2025-01-27 10:12:01,655 - INFO - Mqtt Inserted to the Database
2025-01-27 10:12:41,809 - INFO - Mqtt Inserted to the Database
2025-01-27 10:13:21,973 - INFO - Mqtt Inserted to the Database
2025-01-27 10:14:02,094 - INFO - Mqtt Inserted to the Database
2025-01-27 10:14:42,257 - INFO - Mqtt Inserted to the Database
2025-01-27 10:15:22,371 - INFO - Mqtt Inserted to the Database
2025-01-27 10:16:02,541 - INFO - Mqtt Inserted to the Database
2025-01-27 10:16:42,626 - INFO - Mqtt Inserted to the Database
2025-01-27 10:17:22,777 - INFO - Mqtt Inserted to the Database
2025-01-27 10:18:02,927 - INFO - Mqtt Inserted to the Database
2025-01-27 10:18:43,090 - INFO - Mqtt Inserted to the Database
2025-01-27 10:19:23,264 - INFO - Mqtt Inserted to the Database
2025-01-27 10:20:03,374 - INFO - Mqtt Inserted to the Database
2025-01-27 10:20:43,502 - INFO - Mqtt Inserted to the Database
2025-01-27 10:21:23,661 - INFO - Mqtt Inserted to the Database
2025-01-27 10:22:03,819 - INFO - Mqtt Inserted to the Database
2025-01-27 10:22:43,896 - INFO - Mqtt Inserted to the Database
2025-01-27 10:23:24,040 - INFO - Mqtt Inserted to the Database
2025-01-27 10:24:04,210 - INFO - Mqtt Inserted to the Database
2025-01-27 10:47:58,514 - INFO - package: mysql.connector.plugins
2025-01-27 10:47:58,521 - INFO - plugin_name: mysql_native_password
2025-01-27 10:47:58,521 - INFO - AUTHENTICATION_PLUGIN_CLASS: MySQLNativePasswordAuthPlugin
2025-01-27 10:48:00,892 - ERROR - MQTT Broker Connection Failed!
2025-01-27 10:48:18,263 - ERROR - MQTT Broker Connection Failed!
2025-01-27 10:48:35,575 - ERROR - MQTT Broker Connection Failed!
2025-01-27 10:48:52,908 - ERROR - MQTT Broker Connection Failed!
2025-01-27 10:49:10,246 - ERROR - MQTT Broker Connection Failed!
2025-01-27 10:49:18,196 - INFO - package: mysql.connector.plugins
2025-01-27 10:49:18,196 - INFO - plugin_name: mysql_native_password
2025-01-27 10:49:18,197 - INFO - AUTHENTICATION_PLUGIN_CLASS: MySQLNativePasswordAuthPlugin
2025-01-27 10:49:20,514 - ERROR - MQTT Broker Connection Failed!
2025-01-27 10:49:33,616 - INFO - package: mysql.connector.plugins
2025-01-27 10:49:33,616 - INFO - plugin_name: mysql_native_password
2025-01-27 10:49:33,616 - INFO - AUTHENTICATION_PLUGIN_CLASS: MySQLNativePasswordAuthPlugin
2025-01-27 10:52:59,316 - INFO - package: mysql.connector.plugins
2025-01-27 10:52:59,316 - INFO - plugin_name: mysql_native_password
2025-01-27 10:52:59,316 - INFO - AUTHENTICATION_PLUGIN_CLASS: MySQLNativePasswordAuthPlugin
2025-01-27 10:53:09,384 - INFO - Mqtt Inserted to the Database
2025-01-27 10:53:39,275 - INFO - package: mysql.connector.plugins
2025-01-27 10:53:39,275 - INFO - plugin_name: mysql_native_password
2025-01-27 10:53:39,275 - INFO - AUTHENTICATION_PLUGIN_CLASS: MySQLNativePasswordAuthPlugin
2025-01-27 10:53:49,518 - INFO - Mqtt Inserted to the Database
2025-01-27 10:55:13,050 - INFO - package: mysql.connector.plugins
2025-01-27 10:55:13,050 - INFO - plugin_name: mysql_native_password
2025-01-27 10:55:13,050 - INFO - AUTHENTICATION_PLUGIN_CLASS: MySQLNativePasswordAuthPlugin
2025-01-27 10:55:23,294 - INFO - Mqtt Inserted to the Database
2025-01-27 11:02:12,104 - INFO - package: mysql.connector.plugins
2025-01-27 11:02:12,104 - INFO - plugin_name: mysql_native_password
2025-01-27 11:02:12,104 - INFO - AUTHENTICATION_PLUGIN_CLASS: MySQLNativePasswordAuthPlugin
2025-01-27 11:02:22,490 - INFO - Mqtt Inserted to the Database
2025-01-27 11:02:36,543 - INFO - Mqtt Inserted to the Database
2025-01-27 11:02:50,585 - INFO - Mqtt Inserted to the Database
2025-01-27 11:05:57,067 - INFO - package: mysql.connector.plugins
2025-01-27 11:05:57,067 - INFO - plugin_name: mysql_native_password
2025-01-27 11:05:57,067 - INFO - AUTHENTICATION_PLUGIN_CLASS: MySQLNativePasswordAuthPlugin
2025-01-27 11:06:07,313 - INFO - Mqtt Inserted to the Database
2025-01-27 11:06:13,340 - INFO - Mqtt Inserted to the Database
2025-01-27 11:06:22,367 - INFO - Mqtt Inserted to the Database
2025-01-27 11:06:28,420 - INFO - Mqtt Inserted to the Database
2025-01-27 11:06:37,460 - INFO - Mqtt Inserted to the Database
2025-01-27 11:06:43,491 - INFO - Mqtt Inserted to the Database
2025-01-27 11:06:52,523 - INFO - Mqtt Inserted to the Database
2025-01-27 11:07:28,608 - INFO - Mqtt Inserted to the Database
2025-01-27 11:08:04,689 - INFO - Mqtt Inserted to the Database
2025-01-27 11:08:40,774 - INFO - Mqtt Inserted to the Database
2025-01-27 11:09:16,855 - INFO - Mqtt Inserted to the Database
2025-01-27 11:09:52,933 - INFO - Mqtt Inserted to the Database
2025-01-27 11:10:29,009 - INFO - Mqtt Inserted to the Database
2025-01-27 11:11:05,083 - INFO - Mqtt Inserted to the Database
2025-01-27 11:11:32,140 - INFO - Mqtt Inserted to the Database
2025-01-27 11:11:41,175 - INFO - Mqtt Inserted to the Database
2025-01-27 11:12:17,245 - INFO - Mqtt Inserted to the Database
2025-01-27 11:12:54,173 - INFO - Mqtt Inserted to the Database
2025-01-27 11:13:34,366 - INFO - Mqtt Inserted to the Database
2025-01-27 11:14:14,460 - INFO - Mqtt Inserted to the Database
2025-01-27 11:14:54,605 - INFO - Mqtt Inserted to the Database
2025-01-27 11:15:35,101 - INFO - Mqtt Inserted to the Database
2025-01-27 11:16:14,883 - INFO - Mqtt Inserted to the Database
2025-01-27 11:16:43,973 - INFO - Mqtt Inserted to the Database
2025-01-27 11:16:55,030 - INFO - Mqtt Inserted to the Database
2025-01-27 11:17:35,174 - INFO - Mqtt Inserted to the Database
2025-01-27 11:18:15,328 - INFO - Mqtt Inserted to the Database
2025-01-27 11:18:55,451 - INFO - Mqtt Inserted to the Database
2025-01-27 11:19:35,579 - INFO - Mqtt Inserted to the Database
2025-01-27 11:20:15,734 - INFO - Mqtt Inserted to the Database
2025-01-27 11:20:55,903 - INFO - Mqtt Inserted to the Database
2025-01-27 11:21:36,052 - INFO - Mqtt Inserted to the Database
2025-01-27 11:22:05,107 - INFO - Mqtt Inserted to the Database
2025-01-27 11:22:16,145 - INFO - Mqtt Inserted to the Database
2025-01-27 11:22:56,339 - INFO - Mqtt Inserted to the Database
2025-01-27 11:23:36,429 - INFO - Mqtt Inserted to the Database
2025-01-27 11:24:16,750 - INFO - Mqtt Inserted to the Database
2025-01-27 11:24:56,776 - INFO - Mqtt Inserted to the Database
2025-01-27 11:25:36,861 - INFO - Mqtt Inserted to the Database
2025-01-27 11:26:17,029 - INFO - Mqtt Inserted to the Database
2025-01-27 11:26:57,125 - INFO - Mqtt Inserted to the Database
2025-01-27 11:27:26,237 - INFO - Mqtt Inserted to the Database
2025-01-27 11:27:37,284 - INFO - Mqtt Inserted to the Database
2025-01-27 11:28:17,414 - INFO - Mqtt Inserted to the Database
2025-01-27 11:28:57,556 - INFO - Mqtt Inserted to the Database
2025-01-27 11:29:37,735 - INFO - Mqtt Inserted to the Database
2025-01-27 11:30:17,859 - INFO - Mqtt Inserted to the Database
2025-01-27 11:30:57,983 - INFO - Mqtt Inserted to the Database
2025-01-27 11:31:38,141 - INFO - Mqtt Inserted to the Database
2025-01-27 11:32:18,284 - INFO - Mqtt Inserted to the Database
2025-01-27 11:32:47,358 - INFO - Mqtt Inserted to the Database
2025-01-27 11:32:58,460 - INFO - Mqtt Inserted to the Database
2025-01-27 11:33:38,579 - INFO - Mqtt Inserted to the Database
2025-01-27 11:34:18,705 - INFO - Mqtt Inserted to the Database
2025-01-27 11:34:58,862 - INFO - Mqtt Inserted to the Database
2025-01-27 11:35:39,171 - INFO - Mqtt Inserted to the Database
2025-01-27 11:36:19,109 - INFO - Mqtt Inserted to the Database
2025-01-27 11:36:59,270 - INFO - Mqtt Inserted to the Database
2025-01-27 11:37:39,422 - INFO - Mqtt Inserted to the Database
2025-01-27 11:38:08,477 - INFO - Mqtt Inserted to the Database
2025-01-27 11:38:19,542 - INFO - Mqtt Inserted to the Database
2025-01-27 11:38:59,706 - INFO - Mqtt Inserted to the Database
2025-01-27 11:39:39,826 - INFO - Mqtt Inserted to the Database
2025-01-27 11:40:19,988 - INFO - Mqtt Inserted to the Database
2025-01-27 11:41:00,094 - INFO - Mqtt Inserted to the Database
2025-01-27 11:41:40,207 - INFO - Mqtt Inserted to the Database
2025-01-27 11:42:20,370 - INFO - Mqtt Inserted to the Database
2025-01-27 11:43:00,536 - INFO - Mqtt Inserted to the Database
2025-01-27 11:43:29,594 - INFO - Mqtt Inserted to the Database
2025-01-27 11:43:40,643 - INFO - Mqtt Inserted to the Database
2025-01-27 11:44:20,828 - INFO - Mqtt Inserted to the Database
2025-01-27 11:45:00,935 - INFO - Mqtt Inserted to the Database
2025-01-27 11:45:41,108 - INFO - Mqtt Inserted to the Database
2025-01-27 11:46:21,234 - INFO - Mqtt Inserted to the Database
2025-01-27 11:47:01,388 - INFO - Mqtt Inserted to the Database
2025-01-27 11:47:41,506 - INFO - Mqtt Inserted to the Database
2025-01-27 11:48:21,667 - INFO - Mqtt Inserted to the Database
2025-01-27 11:48:50,722 - INFO - Mqtt Inserted to the Database
2025-01-27 11:49:01,792 - INFO - Mqtt Inserted to the Database
2025-01-27 11:49:41,925 - INFO - Mqtt Inserted to the Database
2025-01-27 11:50:22,058 - INFO - Mqtt Inserted to the Database
2025-01-27 11:51:02,200 - INFO - Mqtt Inserted to the Database
2025-01-27 11:51:42,320 - INFO - Mqtt Inserted to the Database
2025-01-27 11:52:22,471 - INFO - Mqtt Inserted to the Database
2025-01-27 11:53:02,624 - INFO - Mqtt Inserted to the Database
2025-01-27 11:53:42,810 - INFO - Mqtt Inserted to the Database
2025-01-27 11:54:11,871 - INFO - Mqtt Inserted to the Database
2025-01-27 11:54:22,897 - INFO - Mqtt Inserted to the Database
2025-01-27 11:55:03,017 - INFO - Mqtt Inserted to the Database
2025-01-27 11:55:43,171 - INFO - Mqtt Inserted to the Database
2025-01-27 11:56:23,356 - INFO - Mqtt Inserted to the Database
2025-01-27 11:57:03,472 - INFO - Mqtt Inserted to the Database
2025-01-27 11:57:43,631 - INFO - Mqtt Inserted to the Database
2025-01-27 11:58:23,755 - INFO - Mqtt Inserted to the Database
2025-01-27 11:59:03,888 - INFO - Mqtt Inserted to the Database
2025-01-27 11:59:32,993 - INFO - Mqtt Inserted to the Database
2025-01-27 11:59:44,010 - INFO - Mqtt Inserted to the Database
2025-01-27 12:00:24,196 - INFO - Mqtt Inserted to the Database
2025-01-27 12:01:04,297 - INFO - Mqtt Inserted to the Database
2025-01-27 12:01:44,444 - INFO - Mqtt Inserted to the Database
2025-01-27 12:02:24,601 - INFO - Mqtt Inserted to the Database
2025-01-27 12:03:04,756 - INFO - Mqtt Inserted to the Database
2025-01-27 12:03:44,905 - INFO - Mqtt Inserted to the Database
2025-01-27 12:04:24,999 - INFO - Mqtt Inserted to the Database
2025-01-27 12:04:54,070 - INFO - Mqtt Inserted to the Database
2025-01-27 12:05:05,128 - INFO - Mqtt Inserted to the Database
2025-01-27 12:05:45,268 - INFO - Mqtt Inserted to the Database
2025-01-27 12:06:25,436 - INFO - Mqtt Inserted to the Database
2025-01-27 12:07:05,558 - INFO - Mqtt Inserted to the Database
2025-01-27 12:07:45,763 - INFO - Mqtt Inserted to the Database
2025-01-27 12:08:25,870 - INFO - Mqtt Inserted to the Database
2025-01-27 12:09:05,999 - INFO - Mqtt Inserted to the Database
2025-01-27 12:09:46,111 - INFO - Mqtt Inserted to the Database
2025-01-27 12:10:15,209 - INFO - Mqtt Inserted to the Database
2025-01-27 12:10:26,808 - INFO - Mqtt Inserted to the Database
2025-01-27 12:11:06,435 - INFO - Mqtt Inserted to the Database
2025-01-27 12:11:46,556 - INFO - Mqtt Inserted to the Database
2025-01-27 12:12:26,711 - INFO - Mqtt Inserted to the Database
2025-01-27 12:13:06,825 - INFO - Mqtt Inserted to the Database
2025-01-27 12:13:46,962 - INFO - Mqtt Inserted to the Database
2025-01-27 12:14:27,113 - INFO - Mqtt Inserted to the Database
2025-01-27 12:15:07,273 - INFO - Mqtt Inserted to the Database
2025-01-27 12:15:36,372 - INFO - Mqtt Inserted to the Database
2025-01-27 12:15:47,445 - INFO - Mqtt Inserted to the Database
2025-01-27 12:16:27,570 - INFO - Mqtt Inserted to the Database
2025-01-27 12:17:07,704 - INFO - Mqtt Inserted to the Database
2025-01-27 12:17:47,835 - INFO - Mqtt Inserted to the Database
2025-01-27 12:18:28,020 - INFO - Mqtt Inserted to the Database
2025-01-27 12:19:08,133 - INFO - Mqtt Inserted to the Database
2025-01-27 12:19:48,263 - INFO - Mqtt Inserted to the Database
2025-01-27 12:20:28,412 - INFO - Mqtt Inserted to the Database
2025-01-27 12:20:57,486 - INFO - Mqtt Inserted to the Database
2025-01-27 12:21:08,545 - INFO - Mqtt Inserted to the Database
2025-01-27 12:21:48,673 - INFO - Mqtt Inserted to the Database
2025-01-27 12:22:28,837 - INFO - Mqtt Inserted to the Database
2025-01-27 12:23:09,005 - INFO - Mqtt Inserted to the Database
2025-01-27 12:23:49,138 - INFO - Mqtt Inserted to the Database
2025-01-27 12:24:29,288 - INFO - Mqtt Inserted to the Database
2025-01-27 12:25:09,402 - INFO - Mqtt Inserted to the Database
2025-01-27 12:25:49,591 - INFO - Mqtt Inserted to the Database
2025-01-27 12:26:18,617 - INFO - Mqtt Inserted to the Database
2025-01-27 12:26:29,663 - INFO - Mqtt Inserted to the Database
2025-01-27 12:27:09,844 - INFO - Mqtt Inserted to the Database
2025-01-27 12:27:50,005 - INFO - Mqtt Inserted to the Database
2025-01-27 12:28:30,139 - INFO - Mqtt Inserted to the Database
2025-01-27 12:29:10,245 - INFO - Mqtt Inserted to the Database
2025-01-27 12:29:50,396 - INFO - Mqtt Inserted to the Database
2025-01-27 12:30:30,532 - INFO - Mqtt Inserted to the Database
2025-01-27 12:31:10,687 - INFO - Mqtt Inserted to the Database
2025-01-27 12:31:39,789 - INFO - Mqtt Inserted to the Database
2025-01-27 12:31:50,817 - INFO - Mqtt Inserted to the Database
2025-01-27 12:32:31,019 - INFO - Mqtt Inserted to the Database
2025-01-27 12:33:11,133 - INFO - Mqtt Inserted to the Database
2025-01-27 12:33:51,255 - INFO - Mqtt Inserted to the Database
2025-01-27 12:34:31,390 - INFO - Mqtt Inserted to the Database
2025-01-27 12:35:11,538 - INFO - Mqtt Inserted to the Database
2025-01-27 12:35:51,690 - INFO - Mqtt Inserted to the Database
2025-01-27 12:36:31,867 - INFO - Mqtt Inserted to the Database
2025-01-27 12:37:00,936 - INFO - Mqtt Inserted to the Database
2025-01-27 12:37:12,014 - INFO - Mqtt Inserted to the Database
2025-01-27 12:37:52,098 - INFO - Mqtt Inserted to the Database
2025-01-27 12:38:32,239 - INFO - Mqtt Inserted to the Database
2025-01-27 12:39:12,374 - INFO - Mqtt Inserted to the Database
2025-01-27 12:39:52,582 - INFO - Mqtt Inserted to the Database
2025-01-27 12:40:32,709 - INFO - Mqtt Inserted to the Database
2025-01-27 12:41:12,805 - INFO - Mqtt Inserted to the Database
2025-01-27 12:41:52,973 - INFO - Mqtt Inserted to the Database
2025-01-27 12:42:22,065 - INFO - Mqtt Inserted to the Database
2025-01-27 12:42:33,129 - INFO - Mqtt Inserted to the Database
2025-01-27 12:43:13,229 - INFO - Mqtt Inserted to the Database
2025-01-27 12:43:53,390 - INFO - Mqtt Inserted to the Database
2025-01-27 12:44:33,512 - INFO - Mqtt Inserted to the Database
2025-01-27 12:45:13,636 - INFO - Mqtt Inserted to the Database
2025-01-27 12:45:53,766 - INFO - Mqtt Inserted to the Database
2025-01-27 12:46:33,904 - INFO - Mqtt Inserted to the Database
2025-01-27 12:47:14,064 - INFO - Mqtt Inserted to the Database
2025-01-27 12:47:43,205 - INFO - Mqtt Inserted to the Database
2025-01-27 12:47:54,229 - INFO - Mqtt Inserted to the Database
2025-01-27 12:48:34,376 - INFO - Mqtt Inserted to the Database
2025-01-27 12:49:14,480 - INFO - Mqtt Inserted to the Database
2025-01-27 12:49:54,650 - INFO - Mqtt Inserted to the Database
2025-01-27 12:50:34,799 - INFO - Mqtt Inserted to the Database
2025-01-27 12:51:14,913 - INFO - Mqtt Inserted to the Database
2025-01-27 12:51:55,053 - INFO - Mqtt Inserted to the Database
2025-01-27 12:52:35,220 - INFO - Mqtt Inserted to the Database
2025-01-27 12:53:04,280 - INFO - Mqtt Inserted to the Database
2025-01-27 12:53:15,384 - INFO - Mqtt Inserted to the Database
2025-01-27 12:53:55,472 - INFO - Mqtt Inserted to the Database
2025-01-27 12:54:35,595 - INFO - Mqtt Inserted to the Database
2025-01-27 12:55:15,765 - INFO - Mqtt Inserted to the Database
2025-01-27 12:55:55,904 - INFO - Mqtt Inserted to the Database
2025-01-27 12:56:36,076 - INFO - Mqtt Inserted to the Database
2025-01-27 12:57:16,186 - INFO - Mqtt Inserted to the Database
2025-01-27 12:57:56,323 - INFO - Mqtt Inserted to the Database
2025-01-27 12:58:25,420 - INFO - Mqtt Inserted to the Database
2025-01-27 12:58:36,447 - INFO - Mqtt Inserted to the Database
2025-01-27 12:59:16,638 - INFO - Mqtt Inserted to the Database
2025-01-27 12:59:56,755 - INFO - Mqtt Inserted to the Database
2025-01-27 13:00:36,916 - INFO - Mqtt Inserted to the Database
2025-01-27 13:01:17,033 - INFO - Mqtt Inserted to the Database
2025-01-27 13:01:57,157 - INFO - Mqtt Inserted to the Database
2025-01-27 13:02:37,562 - INFO - Mqtt Inserted to the Database
2025-01-27 13:03:17,625 - INFO - Mqtt Inserted to the Database
2025-01-27 13:03:46,503 - INFO - Mqtt Inserted to the Database
2025-01-27 13:03:57,557 - INFO - Mqtt Inserted to the Database
2025-01-27 13:04:37,712 - INFO - Mqtt Inserted to the Database
2025-01-27 13:05:17,852 - INFO - Mqtt Inserted to the Database
2025-01-27 13:05:58,197 - INFO - Mqtt Inserted to the Database
2025-01-27 13:06:38,192 - INFO - Mqtt Inserted to the Database
2025-01-27 13:07:18,296 - INFO - Mqtt Inserted to the Database
2025-01-27 13:07:58,432 - INFO - Mqtt Inserted to the Database
2025-01-27 13:08:38,552 - INFO - Mqtt Inserted to the Database
2025-01-27 13:09:07,653 - INFO - Mqtt Inserted to the Database
2025-01-27 13:09:18,715 - INFO - Mqtt Inserted to the Database
2025-01-27 13:09:58,843 - INFO - Mqtt Inserted to the Database
2025-01-27 13:10:38,971 - INFO - Mqtt Inserted to the Database
2025-01-27 13:11:19,135 - INFO - Mqtt Inserted to the Database
2025-01-27 13:11:59,278 - INFO - Mqtt Inserted to the Database
2025-01-27 13:12:39,590 - INFO - Mqtt Inserted to the Database
2025-01-27 13:13:19,540 - INFO - Mqtt Inserted to the Database
2025-01-27 13:13:59,686 - INFO - Mqtt Inserted to the Database
2025-01-27 13:14:28,741 - INFO - Mqtt Inserted to the Database
2025-01-27 13:14:39,809 - INFO - Mqtt Inserted to the Database
2025-01-27 13:15:19,957 - INFO - Mqtt Inserted to the Database
2025-01-27 13:16:01,487 - INFO - Mqtt Inserted to the Database
2025-01-27 13:16:40,233 - INFO - Mqtt Inserted to the Database
2025-01-27 13:17:20,350 - INFO - Mqtt Inserted to the Database
2025-01-27 13:18:00,486 - INFO - Mqtt Inserted to the Database
2025-01-27 13:18:40,649 - INFO - Mqtt Inserted to the Database
2025-01-27 13:19:20,767 - INFO - Mqtt Inserted to the Database
2025-01-27 13:19:49,865 - INFO - Mqtt Inserted to the Database
2025-01-27 13:20:00,923 - INFO - Mqtt Inserted to the Database
2025-01-27 13:20:41,087 - INFO - Mqtt Inserted to the Database
2025-01-27 13:21:21,209 - INFO - Mqtt Inserted to the Database
2025-01-27 13:22:01,354 - INFO - Mqtt Inserted to the Database
2025-01-27 13:22:41,509 - INFO - Mqtt Inserted to the Database
2025-01-27 13:23:21,726 - INFO - Mqtt Inserted to the Database
2025-01-27 13:24:01,760 - INFO - Mqtt Inserted to the Database
2025-01-27 13:24:41,900 - INFO - Mqtt Inserted to the Database
2025-01-27 13:25:11,102 - INFO - Mqtt Inserted to the Database
2025-01-27 13:25:22,126 - INFO - Mqtt Inserted to the Database
2025-01-27 13:26:02,240 - INFO - Mqtt Inserted to the Database
2025-01-27 13:26:42,367 - INFO - Mqtt Inserted to the Database
2025-01-27 13:27:22,490 - INFO - Mqtt Inserted to the Database
2025-01-27 13:28:02,666 - INFO - Mqtt Inserted to the Database
2025-01-27 13:28:42,778 - INFO - Mqtt Inserted to the Database
2025-01-27 13:29:22,946 - INFO - Mqtt Inserted to the Database
2025-01-27 13:29:46,291 - INFO - Mqtt Inserted to the Database
2025-01-27 13:30:24,601 - INFO - Mqtt Inserted to the Database
2025-01-27 13:30:33,638 - INFO - Mqtt Inserted to the Database
2025-01-27 13:31:03,295 - INFO - Mqtt Inserted to the Database
2025-01-27 13:31:43,409 - INFO - Mqtt Inserted to the Database
2025-01-27 13:32:23,576 - INFO - Mqtt Inserted to the Database
2025-01-27 13:33:03,688 - INFO - Mqtt Inserted to the Database
2025-01-27 13:33:44,176 - INFO - Mqtt Inserted to the Database
2025-01-27 13:34:23,971 - INFO - Mqtt Inserted to the Database
2025-01-27 13:35:04,095 - INFO - Mqtt Inserted to the Database
2025-01-27 13:35:44,255 - INFO - Mqtt Inserted to the Database
2025-01-27 13:35:53,284 - INFO - Mqtt Inserted to the Database
2025-01-27 13:36:24,378 - INFO - Mqtt Inserted to the Database
2025-01-27 13:37:04,531 - INFO - Mqtt Inserted to the Database
2025-01-27 13:37:46,472 - INFO - Mqtt Inserted to the Database
2025-01-27 13:38:24,812 - INFO - Mqtt Inserted to the Database
2025-01-27 13:39:04,975 - INFO - Mqtt Inserted to the Database
2025-01-27 13:39:45,097 - INFO - Mqtt Inserted to the Database
2025-01-27 13:40:25,259 - INFO - Mqtt Inserted to the Database
2025-01-27 13:41:05,379 - INFO - Mqtt Inserted to the Database
2025-01-27 13:41:14,411 - INFO - Mqtt Inserted to the Database
2025-01-27 13:41:45,516 - INFO - Mqtt Inserted to the Database
2025-01-27 13:42:25,659 - INFO - Mqtt Inserted to the Database
2025-01-27 13:43:05,818 - INFO - Mqtt Inserted to the Database
2025-01-27 13:43:45,945 - INFO - Mqtt Inserted to the Database
2025-01-27 13:44:26,099 - INFO - Mqtt Inserted to the Database
2025-01-27 13:45:06,255 - INFO - Mqtt Inserted to the Database
2025-01-27 13:45:46,378 - INFO - Mqtt Inserted to the Database
2025-01-27 13:46:26,544 - INFO - Mqtt Inserted to the Database
2025-01-27 13:46:35,571 - INFO - Mqtt Inserted to the Database
2025-01-27 13:47:06,965 - INFO - Mqtt Inserted to the Database
2025-01-27 13:47:46,806 - INFO - Mqtt Inserted to the Database
2025-01-27 13:48:26,977 - INFO - Mqtt Inserted to the Database
2025-01-27 13:49:07,105 - INFO - Mqtt Inserted to the Database
2025-01-27 13:49:47,227 - INFO - Mqtt Inserted to the Database
2025-01-27 13:50:27,364 - INFO - Mqtt Inserted to the Database
2025-01-27 13:51:07,502 - INFO - Mqtt Inserted to the Database
2025-01-27 13:51:47,617 - INFO - Mqtt Inserted to the Database
2025-01-27 13:51:56,648 - INFO - Mqtt Inserted to the Database
2025-01-27 13:52:27,790 - INFO - Mqtt Inserted to the Database
2025-01-27 13:53:07,903 - INFO - Mqtt Inserted to the Database
2025-01-27 13:53:48,066 - INFO - Mqtt Inserted to the Database
2025-01-27 13:54:28,171 - INFO - Mqtt Inserted to the Database
2025-01-27 13:55:08,344 - INFO - Mqtt Inserted to the Database
2025-01-27 13:55:48,503 - INFO - Mqtt Inserted to the Database
2025-01-27 13:56:28,597 - INFO - Mqtt Inserted to the Database
2025-01-27 13:57:08,755 - INFO - Mqtt Inserted to the Database
2025-01-27 13:57:17,792 - INFO - Mqtt Inserted to the Database
2025-01-27 13:57:48,917 - INFO - Mqtt Inserted to the Database
2025-01-27 13:58:29,066 - INFO - Mqtt Inserted to the Database
2025-01-27 13:59:09,190 - INFO - Mqtt Inserted to the Database
2025-01-27 13:59:49,350 - INFO - Mqtt Inserted to the Database
2025-01-27 14:00:29,465 - INFO - Mqtt Inserted to the Database
2025-01-27 14:01:09,630 - INFO - Mqtt Inserted to the Database
2025-01-27 14:01:49,752 - INFO - Mqtt Inserted to the Database
2025-01-27 14:02:29,909 - INFO - Mqtt Inserted to the Database
2025-01-27 14:02:38,932 - INFO - Mqtt Inserted to the Database
2025-01-27 14:03:10,027 - INFO - Mqtt Inserted to the Database
2025-01-27 14:03:50,200 - INFO - Mqtt Inserted to the Database
2025-01-27 14:36:53,795 - INFO - Mqtt Inserted to the Database
2025-01-27 14:37:27,499 - INFO - package: mysql.connector.plugins
2025-01-27 14:37:27,499 - INFO - plugin_name: mysql_native_password
2025-01-27 14:37:27,499 - INFO - AUTHENTICATION_PLUGIN_CLASS: MySQLNativePasswordAuthPlugin
2025-01-27 14:37:37,725 - INFO - Mqtt Inserted to the Database
2025-01-27 14:37:55,746 - INFO - Mqtt Inserted to the Database
2025-01-27 14:38:04,763 - INFO - Mqtt Inserted to the Database
2025-01-27 14:38:13,792 - INFO - Mqtt Inserted to the Database
2025-01-27 14:38:22,824 - INFO - Mqtt Inserted to the Database
2025-01-27 14:38:31,873 - INFO - Mqtt Inserted to the Database
2025-01-27 14:39:07,960 - INFO - Mqtt Inserted to the Database
2025-01-27 14:39:44,042 - INFO - Mqtt Inserted to the Database
2025-01-27 14:40:20,128 - INFO - Mqtt Inserted to the Database
2025-01-27 14:40:56,218 - INFO - Mqtt Inserted to the Database
2025-01-27 14:41:32,300 - INFO - Mqtt Inserted to the Database
2025-01-27 14:42:08,381 - INFO - Mqtt Inserted to the Database
2025-01-27 14:42:17,417 - INFO - Mqtt Inserted to the Database
2025-01-27 14:42:44,485 - INFO - Mqtt Inserted to the Database
2025-01-27 14:43:20,569 - INFO - Mqtt Inserted to the Database
2025-01-27 14:43:56,647 - INFO - Mqtt Inserted to the Database
2025-01-27 14:44:32,719 - INFO - Mqtt Inserted to the Database
2025-01-27 14:45:08,806 - INFO - Mqtt Inserted to the Database
2025-01-27 14:45:44,883 - INFO - Mqtt Inserted to the Database
2025-01-27 14:46:20,955 - INFO - Mqtt Inserted to the Database
2025-01-27 14:46:59,390 - INFO - Mqtt Inserted to the Database
2025-01-27 14:47:28,490 - INFO - Mqtt Inserted to the Database
2025-01-27 14:47:39,559 - INFO - Mqtt Inserted to the Database
2025-01-27 14:48:19,682 - INFO - Mqtt Inserted to the Database
2025-01-27 14:48:59,848 - INFO - Mqtt Inserted to the Database
2025-01-27 14:49:39,962 - INFO - Mqtt Inserted to the Database
2025-01-27 14:50:20,123 - INFO - Mqtt Inserted to the Database
2025-01-27 14:51:00,243 - INFO - Mqtt Inserted to the Database
2025-01-27 14:51:40,400 - INFO - Mqtt Inserted to the Database
2025-01-27 14:52:20,555 - INFO - Mqtt Inserted to the Database
2025-01-27 14:52:49,611 - INFO - Mqtt Inserted to the Database
2025-01-27 14:53:00,687 - INFO - Mqtt Inserted to the Database
2025-01-27 14:53:40,843 - INFO - Mqtt Inserted to the Database
2025-01-27 14:54:20,997 - INFO - Mqtt Inserted to the Database
2025-01-27 14:55:01,124 - INFO - Mqtt Inserted to the Database
2025-01-27 14:55:41,283 - INFO - Mqtt Inserted to the Database
2025-01-27 14:56:21,407 - INFO - Mqtt Inserted to the Database
2025-01-27 14:57:01,515 - INFO - Mqtt Inserted to the Database
2025-01-27 14:57:41,681 - INFO - Mqtt Inserted to the Database
2025-01-27 14:58:10,784 - INFO - Mqtt Inserted to the Database
2025-01-27 14:58:21,853 - INFO - Mqtt Inserted to the Database
2025-01-27 14:59:01,978 - INFO - Mqtt Inserted to the Database
2025-01-27 14:59:42,087 - INFO - Mqtt Inserted to the Database
2025-01-27 15:00:22,255 - INFO - Mqtt Inserted to the Database
2025-01-27 15:01:02,407 - INFO - Mqtt Inserted to the Database
2025-01-27 15:01:42,533 - INFO - Mqtt Inserted to the Database
2025-01-27 15:02:22,709 - INFO - Mqtt Inserted to the Database
2025-01-27 15:03:03,170 - INFO - Mqtt Inserted to the Database
2025-01-27 15:03:31,866 - INFO - Mqtt Inserted to the Database
2025-01-27 15:03:42,922 - INFO - Mqtt Inserted to the Database
2025-01-27 15:04:23,092 - INFO - Mqtt Inserted to the Database
2025-01-27 15:05:03,270 - INFO - Mqtt Inserted to the Database
2025-01-27 15:05:43,373 - INFO - Mqtt Inserted to the Database
2025-01-27 15:06:23,528 - INFO - Mqtt Inserted to the Database
2025-01-27 15:07:03,657 - INFO - Mqtt Inserted to the Database
2025-01-27 15:07:43,777 - INFO - Mqtt Inserted to the Database
2025-01-27 15:08:23,908 - INFO - Mqtt Inserted to the Database
2025-01-27 15:08:53,025 - INFO - Mqtt Inserted to the Database
2025-01-27 15:09:04,069 - INFO - Mqtt Inserted to the Database
2025-01-27 15:09:44,191 - INFO - Mqtt Inserted to the Database
2025-01-27 15:10:24,370 - INFO - Mqtt Inserted to the Database
2025-01-27 15:11:04,510 - INFO - Mqtt Inserted to the Database
2025-01-27 15:11:44,651 - INFO - Mqtt Inserted to the Database
2025-01-27 15:12:24,779 - INFO - Mqtt Inserted to the Database
2025-01-27 15:13:04,901 - INFO - Mqtt Inserted to the Database
2025-01-27 15:13:45,062 - INFO - Mqtt Inserted to the Database
2025-01-27 15:14:14,141 - INFO - Mqtt Inserted to the Database
2025-01-27 15:14:25,254 - INFO - Mqtt Inserted to the Database
2025-01-27 15:15:05,322 - INFO - Mqtt Inserted to the Database
2025-01-27 15:15:45,462 - INFO - Mqtt Inserted to the Database
2025-01-27 15:16:25,587 - INFO - Mqtt Inserted to the Database
2025-01-27 15:17:05,742 - INFO - Mqtt Inserted to the Database
2025-01-27 15:17:45,895 - INFO - Mqtt Inserted to the Database
2025-01-27 15:18:26,022 - INFO - Mqtt Inserted to the Database
2025-01-27 15:19:06,183 - INFO - Mqtt Inserted to the Database
2025-01-27 15:19:35,234 - INFO - Mqtt Inserted to the Database
2025-01-27 15:19:46,297 - INFO - Mqtt Inserted to the Database
2025-01-27 15:20:26,462 - INFO - Mqtt Inserted to the Database
2025-01-27 15:21:06,562 - INFO - Mqtt Inserted to the Database
2025-01-27 15:21:46,748 - INFO - Mqtt Inserted to the Database
2025-01-27 15:22:26,859 - INFO - Mqtt Inserted to the Database
2025-01-27 15:23:07,030 - INFO - Mqtt Inserted to the Database
2025-01-27 15:23:47,182 - INFO - Mqtt Inserted to the Database
2025-01-27 15:24:27,308 - INFO - Mqtt Inserted to the Database
2025-01-27 15:24:56,397 - INFO - Mqtt Inserted to the Database
2025-01-27 15:25:07,469 - INFO - Mqtt Inserted to the Database
2025-01-27 15:25:47,591 - INFO - Mqtt Inserted to the Database
2025-01-27 15:26:27,686 - INFO - Mqtt Inserted to the Database
2025-01-27 15:27:07,865 - INFO - Mqtt Inserted to the Database
2025-01-27 15:27:47,980 - INFO - Mqtt Inserted to the Database
2025-01-27 15:28:28,141 - INFO - Mqtt Inserted to the Database
2025-01-27 15:29:08,265 - INFO - Mqtt Inserted to the Database
2025-01-27 15:29:48,444 - INFO - Mqtt Inserted to the Database
2025-01-27 15:30:17,517 - INFO - Mqtt Inserted to the Database
2025-01-27 15:30:28,548 - INFO - Mqtt Inserted to the Database
2025-01-27 15:31:08,705 - INFO - Mqtt Inserted to the Database
2025-01-27 15:31:48,850 - INFO - Mqtt Inserted to the Database
2025-01-27 15:32:28,959 - INFO - Mqtt Inserted to the Database
2025-01-27 15:33:09,093 - INFO - Mqtt Inserted to the Database
2025-01-27 15:33:49,233 - INFO - Mqtt Inserted to the Database
2025-01-27 15:34:29,353 - INFO - Mqtt Inserted to the Database
2025-01-27 15:35:09,461 - INFO - Mqtt Inserted to the Database
2025-01-27 15:35:38,548 - INFO - Mqtt Inserted to the Database
2025-01-27 15:35:49,613 - INFO - Mqtt Inserted to the Database
2025-01-27 15:36:30,019 - INFO - Mqtt Inserted to the Database
2025-01-27 15:37:09,906 - INFO - Mqtt Inserted to the Database
2025-01-27 15:37:50,067 - INFO - Mqtt Inserted to the Database
2025-01-27 15:38:30,186 - INFO - Mqtt Inserted to the Database
2025-01-27 15:39:10,384 - INFO - Mqtt Inserted to the Database
2025-01-27 15:39:50,471 - INFO - Mqtt Inserted to the Database
2025-01-27 15:40:30,625 - INFO - Mqtt Inserted to the Database
2025-01-27 15:40:59,713 - INFO - Mqtt Inserted to the Database
2025-01-27 15:41:10,820 - INFO - Mqtt Inserted to the Database
2025-01-27 15:41:50,901 - INFO - Mqtt Inserted to the Database
2025-01-27 15:42:31,063 - INFO - Mqtt Inserted to the Database
2025-01-27 15:43:11,192 - INFO - Mqtt Inserted to the Database
2025-01-27 15:43:51,354 - INFO - Mqtt Inserted to the Database
2025-01-27 15:44:31,477 - INFO - Mqtt Inserted to the Database
2025-01-27 15:45:11,624 - INFO - Mqtt Inserted to the Database
2025-01-27 15:45:51,755 - INFO - Mqtt Inserted to the Database
2025-01-27 15:46:20,837 - INFO - Mqtt Inserted to the Database
2025-01-27 15:46:31,916 - INFO - Mqtt Inserted to the Database
2025-01-27 15:47:12,035 - INFO - Mqtt Inserted to the Database
2025-01-27 15:47:52,192 - INFO - Mqtt Inserted to the Database
2025-01-27 15:48:32,312 - INFO - Mqtt Inserted to the Database
2025-01-27 15:49:12,474 - INFO - Mqtt Inserted to the Database
2025-01-27 15:49:52,619 - INFO - Mqtt Inserted to the Database
2025-01-27 15:50:32,741 - INFO - Mqtt Inserted to the Database
2025-01-27 16:00:47,681 - INFO - package: mysql.connector.plugins
2025-01-27 16:00:47,681 - INFO - plugin_name: mysql_native_password
2025-01-27 16:00:47,681 - INFO - AUTHENTICATION_PLUGIN_CLASS: MySQLNativePasswordAuthPlugin
2025-01-27 16:00:58,005 - INFO - Mqtt Inserted to the Database
2025-01-27 16:01:07,033 - INFO - Mqtt Inserted to the Database
2025-01-27 16:01:16,094 - INFO - Mqtt Inserted to the Database
2025-01-27 16:01:25,118 - INFO - Mqtt Inserted to the Database
2025-01-27 16:01:34,151 - INFO - Mqtt Inserted to the Database
2025-01-27 16:01:43,184 - INFO - Mqtt Inserted to the Database
2025-01-27 16:01:52,219 - INFO - Mqtt Inserted to the Database
2025-01-27 16:02:28,302 - INFO - Mqtt Inserted to the Database
2025-01-27 16:03:04,371 - INFO - Mqtt Inserted to the Database
2025-01-27 16:03:40,451 - INFO - Mqtt Inserted to the Database
2025-01-27 16:04:16,527 - INFO - Mqtt Inserted to the Database
2025-01-27 16:04:52,612 - INFO - Mqtt Inserted to the Database
2025-01-27 16:05:28,693 - INFO - Mqtt Inserted to the Database
2025-01-27 16:06:04,760 - INFO - Mqtt Inserted to the Database
2025-01-27 16:06:31,815 - INFO - Mqtt Inserted to the Database
2025-01-27 16:06:40,844 - INFO - Mqtt Inserted to the Database
2025-01-27 16:07:16,899 - INFO - Mqtt Inserted to the Database
2025-01-27 16:07:56,369 - INFO - Mqtt Inserted to the Database
2025-01-27 16:08:36,699 - INFO - Mqtt Inserted to the Database
2025-01-27 16:09:16,644 - INFO - Mqtt Inserted to the Database
2025-01-27 16:09:56,807 - INFO - Mqtt Inserted to the Database
2025-01-27 16:10:36,968 - INFO - Mqtt Inserted to the Database
2025-01-27 16:11:17,184 - INFO - Mqtt Inserted to the Database
2025-01-27 16:11:46,188 - INFO - Mqtt Inserted to the Database
2025-01-27 16:11:57,248 - INFO - Mqtt Inserted to the Database
2025-01-27 16:12:37,366 - INFO - Mqtt Inserted to the Database
2025-01-27 16:13:17,609 - INFO - Mqtt Inserted to the Database
2025-01-27 16:13:57,692 - INFO - Mqtt Inserted to the Database
2025-01-27 16:14:37,810 - INFO - Mqtt Inserted to the Database
2025-01-27 16:15:17,948 - INFO - Mqtt Inserted to the Database
2025-01-27 16:15:58,274 - INFO - Mqtt Inserted to the Database
2025-01-27 16:16:38,194 - INFO - Mqtt Inserted to the Database
2025-01-27 16:17:07,266 - INFO - Mqtt Inserted to the Database
2025-01-27 16:17:18,333 - INFO - Mqtt Inserted to the Database
2025-01-27 16:17:58,489 - INFO - Mqtt Inserted to the Database
2025-01-27 16:18:38,608 - INFO - Mqtt Inserted to the Database
2025-01-27 16:19:18,758 - INFO - Mqtt Inserted to the Database
2025-01-27 16:19:58,889 - INFO - Mqtt Inserted to the Database
2025-01-27 16:20:39,062 - INFO - Mqtt Inserted to the Database
2025-01-27 16:21:19,218 - INFO - Mqtt Inserted to the Database
2025-01-27 16:21:59,368 - INFO - Mqtt Inserted to the Database
2025-01-27 16:22:28,434 - INFO - Mqtt Inserted to the Database
2025-01-27 16:22:39,496 - INFO - Mqtt Inserted to the Database
2025-01-27 16:23:19,659 - INFO - Mqtt Inserted to the Database
2025-01-27 16:23:59,779 - INFO - Mqtt Inserted to the Database
2025-01-27 16:24:39,933 - INFO - Mqtt Inserted to the Database
2025-01-27 16:25:20,063 - INFO - Mqtt Inserted to the Database
2025-01-27 16:26:00,178 - INFO - Mqtt Inserted to the Database
2025-01-27 16:26:40,338 - INFO - Mqtt Inserted to the Database
2025-01-27 16:27:20,481 - INFO - Mqtt Inserted to the Database
2025-01-27 16:27:49,553 - INFO - Mqtt Inserted to the Database
2025-01-27 16:28:00,621 - INFO - Mqtt Inserted to the Database
2025-01-27 16:28:40,764 - INFO - Mqtt Inserted to the Database
2025-01-27 16:29:20,878 - INFO - Mqtt Inserted to the Database
2025-01-27 16:30:01,028 - INFO - Mqtt Inserted to the Database
2025-01-27 16:30:41,159 - INFO - Mqtt Inserted to the Database
2025-01-27 16:31:21,300 - INFO - Mqtt Inserted to the Database
2025-01-27 16:32:01,423 - INFO - Mqtt Inserted to the Database
2025-01-27 16:32:41,550 - INFO - Mqtt Inserted to the Database
2025-01-27 16:33:10,679 - INFO - Mqtt Inserted to the Database
2025-01-27 16:33:22,267 - INFO - Mqtt Inserted to the Database
2025-01-27 16:34:01,856 - INFO - Mqtt Inserted to the Database
2025-01-27 16:34:41,982 - INFO - Mqtt Inserted to the Database
2025-01-27 16:35:22,144 - INFO - Mqtt Inserted to the Database
2025-01-27 16:36:02,264 - INFO - Mqtt Inserted to the Database
2025-01-27 16:36:42,428 - INFO - Mqtt Inserted to the Database
2025-01-27 16:37:22,582 - INFO - Mqtt Inserted to the Database
2025-01-27 16:38:02,708 - INFO - Mqtt Inserted to the Database
2025-01-27 16:38:31,798 - INFO - Mqtt Inserted to the Database
2025-01-27 16:38:42,865 - INFO - Mqtt Inserted to the Database
2025-01-27 16:39:22,991 - INFO - Mqtt Inserted to the Database
2025-01-27 16:40:03,271 - INFO - Mqtt Inserted to the Database
2025-01-27 16:40:43,251 - INFO - Mqtt Inserted to the Database
2025-01-27 16:41:23,380 - INFO - Mqtt Inserted to the Database
2025-01-27 16:42:03,513 - INFO - Mqtt Inserted to the Database
2025-01-27 16:42:43,658 - INFO - Mqtt Inserted to the Database
2025-01-27 16:43:23,822 - INFO - Mqtt Inserted to the Database
2025-01-27 16:43:52,895 - INFO - Mqtt Inserted to the Database
2025-01-27 16:44:03,982 - INFO - Mqtt Inserted to the Database
2025-01-27 16:44:44,161 - INFO - Mqtt Inserted to the Database
2025-01-27 16:45:24,230 - INFO - Mqtt Inserted to the Database
2025-01-27 16:46:04,386 - INFO - Mqtt Inserted to the Database
2025-01-27 16:46:44,543 - INFO - Mqtt Inserted to the Database
2025-01-27 16:47:24,680 - INFO - Mqtt Inserted to the Database
2025-01-27 16:48:04,836 - INFO - Mqtt Inserted to the Database
2025-01-27 16:48:44,949 - INFO - Mqtt Inserted to the Database
2025-01-27 16:49:14,047 - INFO - Mqtt Inserted to the Database
2025-01-27 16:49:25,098 - INFO - Mqtt Inserted to the Database
2025-01-27 16:50:05,216 - INFO - Mqtt Inserted to the Database
2025-01-27 16:50:45,400 - INFO - Mqtt Inserted to the Database
2025-01-27 16:51:25,517 - INFO - Mqtt Inserted to the Database
2025-01-27 16:52:05,640 - INFO - Mqtt Inserted to the Database
2025-01-27 16:52:45,806 - INFO - Mqtt Inserted to the Database
2025-01-27 16:52:57,732 - INFO - package: mysql.connector.plugins
2025-01-27 16:52:57,734 - INFO - plugin_name: mysql_native_password
2025-01-27 16:52:57,734 - INFO - AUTHENTICATION_PLUGIN_CLASS: MySQLNativePasswordAuthPlugin
2025-01-27 16:52:58,967 - ERROR - InCorrect Message Format
2025-01-27 16:52:58,971 - ERROR - InCorrect Message Format
2025-01-27 16:52:58,974 - ERROR - InCorrect Message Format
2025-01-27 16:53:16,887 - ERROR - InCorrect Message Format
2025-01-27 16:53:36,969 - ERROR - InCorrect Message Format
2025-01-27 16:53:43,025 - INFO - package: mysql.connector.plugins
2025-01-27 16:53:43,025 - INFO - plugin_name: mysql_native_password
2025-01-27 16:53:43,025 - INFO - AUTHENTICATION_PLUGIN_CLASS: MySQLNativePasswordAuthPlugin
2025-01-27 16:53:53,245 - INFO - Mqtt Inserted to the Database
2025-01-27 16:54:11,292 - INFO - Mqtt Inserted to the Database
2025-01-27 16:54:20,322 - INFO - Mqtt Inserted to the Database
2025-01-27 16:54:29,347 - INFO - Mqtt Inserted to the Database
2025-01-27 16:54:38,362 - INFO - Mqtt Inserted to the Database
2025-01-27 16:54:47,391 - INFO - Mqtt Inserted to the Database
2025-01-27 16:54:56,418 - INFO - Mqtt Inserted to the Database
2025-01-27 16:58:34,492 - INFO - package: mysql.connector.plugins
2025-01-27 16:58:34,492 - INFO - plugin_name: mysql_native_password
2025-01-27 16:58:34,494 - INFO - AUTHENTICATION_PLUGIN_CLASS: MySQLNativePasswordAuthPlugin
2025-01-27 16:58:38,825 - ERROR - event is not available in MQTT
2025-01-27 17:01:06,623 - INFO - package: mysql.connector.plugins
2025-01-27 17:01:06,623 - INFO - plugin_name: mysql_native_password
2025-01-27 17:01:06,623 - INFO - AUTHENTICATION_PLUGIN_CLASS: MySQLNativePasswordAuthPlugin
2025-01-27 17:01:11,154 - ERROR - event is not available in MQTT
2025-01-27 17:07:45,205 - INFO - package: mysql.connector.plugins
2025-01-27 17:07:45,206 - INFO - plugin_name: mysql_native_password
2025-01-27 17:07:45,206 - INFO - AUTHENTICATION_PLUGIN_CLASS: MySQLNativePasswordAuthPlugin
2025-01-27 17:07:49,977 - ERROR - event is not available in MQTT
2025-01-27 17:09:15,976 - INFO - package: mysql.connector.plugins
2025-01-27 17:09:15,976 - INFO - plugin_name: mysql_native_password
2025-01-27 17:09:15,976 - INFO - AUTHENTICATION_PLUGIN_CLASS: MySQLNativePasswordAuthPlugin
2025-01-27 17:09:21,106 - ERROR - event is not available in MQTT
2025-01-27 17:10:58,076 - INFO - package: mysql.connector.plugins
2025-01-27 17:10:58,076 - INFO - plugin_name: mysql_native_password
2025-01-27 17:10:58,076 - INFO - AUTHENTICATION_PLUGIN_CLASS: MySQLNativePasswordAuthPlugin
2025-01-27 17:11:01,420 - ERROR - event is not available in MQTT
2025-01-27 17:11:43,895 - INFO - package: mysql.connector.plugins
2025-01-27 17:11:43,895 - INFO - plugin_name: mysql_native_password
2025-01-27 17:11:43,895 - INFO - AUTHENTICATION_PLUGIN_CLASS: MySQLNativePasswordAuthPlugin
2025-01-27 17:11:46,301 - ERROR - event is not available in MQTT
2025-01-27 17:11:46,633 - ERROR - event is not available in MQTT
2025-01-27 17:12:56,312 - INFO - package: mysql.connector.plugins
2025-01-27 17:12:56,313 - INFO - plugin_name: mysql_native_password
2025-01-27 17:12:56,313 - INFO - AUTHENTICATION_PLUGIN_CLASS: MySQLNativePasswordAuthPlugin
2025-01-27 17:12:58,982 - ERROR - event is not available in MQTT
2025-01-27 17:13:00,858 - ERROR - event is not available in MQTT
2025-01-27 17:13:02,500 - ERROR - event is not available in MQTT
2025-01-27 17:13:49,962 - INFO - package: mysql.connector.plugins
2025-01-27 17:13:49,962 - INFO - plugin_name: mysql_native_password
2025-01-27 17:13:49,962 - INFO - AUTHENTICATION_PLUGIN_CLASS: MySQLNativePasswordAuthPlugin
2025-01-27 17:13:53,221 - ERROR - event is not available in MQTT
2025-01-27 17:15:30,323 - INFO - package: mysql.connector.plugins
2025-01-27 17:15:30,323 - INFO - plugin_name: mysql_native_password
2025-01-27 17:15:30,324 - INFO - AUTHENTICATION_PLUGIN_CLASS: MySQLNativePasswordAuthPlugin
2025-01-27 17:15:34,501 - ERROR - event is not available in MQTT
2025-01-27 17:15:35,948 - ERROR - event is not available in MQTT
2025-01-27 17:17:59,624 - INFO - package: mysql.connector.plugins
2025-01-27 17:17:59,624 - INFO - plugin_name: mysql_native_password
2025-01-27 17:17:59,625 - INFO - AUTHENTICATION_PLUGIN_CLASS: MySQLNativePasswordAuthPlugin
2025-01-27 17:18:03,143 - ERROR - event is not available in MQTT
2025-01-27 17:18:18,259 - INFO - package: mysql.connector.plugins
2025-01-27 17:18:18,260 - INFO - plugin_name: mysql_native_password
2025-01-27 17:18:18,260 - INFO - AUTHENTICATION_PLUGIN_CLASS: MySQLNativePasswordAuthPlugin
2025-01-27 17:18:21,264 - ERROR - event is not available in MQTT
2025-01-27 17:18:22,503 - ERROR - event is not available in MQTT
2025-01-27 17:18:24,064 - ERROR - event is not available in MQTT
2025-01-27 17:33:21,993 - ERROR - event is not available in MQTT
2025-01-27 17:50:16,248 - INFO - package: mysql.connector.plugins
2025-01-27 17:50:16,248 - INFO - plugin_name: mysql_native_password
2025-01-27 17:50:16,250 - INFO - AUTHENTICATION_PLUGIN_CLASS: MySQLNativePasswordAuthPlugin
2025-01-27 17:50:19,404 - ERROR - event is not available in MQTT
2025-01-27 17:50:37,843 - ERROR - event is not available in MQTT
2025-01-27 17:52:22,955 - ERROR - event is not available in MQTT
2025-01-27 17:54:07,207 - INFO - package: mysql.connector.plugins
2025-01-27 17:54:07,207 - INFO - plugin_name: mysql_native_password
2025-01-27 17:54:07,208 - INFO - AUTHENTICATION_PLUGIN_CLASS: MySQLNativePasswordAuthPlugin
2025-01-27 17:54:11,390 - ERROR - event is not available in MQTT
2025-01-27 17:54:12,645 - ERROR - event is not available in MQTT
2025-01-27 17:54:59,055 - INFO - package: mysql.connector.plugins
2025-01-27 17:54:59,055 - INFO - plugin_name: mysql_native_password
2025-01-27 17:54:59,055 - INFO - AUTHENTICATION_PLUGIN_CLASS: MySQLNativePasswordAuthPlugin
2025-01-27 17:55:04,488 - ERROR - event is not available in MQTT
2025-01-27 17:57:55,848 - ERROR - event is not available in MQTT
2025-01-27 17:59:11,793 - INFO - package: mysql.connector.plugins
2025-01-27 17:59:11,793 - INFO - plugin_name: mysql_native_password
2025-01-27 17:59:11,794 - INFO - AUTHENTICATION_PLUGIN_CLASS: MySQLNativePasswordAuthPlugin
2025-01-27 17:59:15,729 - ERROR - event is not available in MQTT
2025-01-27 17:59:51,470 - INFO - package: mysql.connector.plugins
2025-01-27 17:59:51,470 - INFO - plugin_name: mysql_native_password
2025-01-27 17:59:51,470 - INFO - AUTHENTICATION_PLUGIN_CLASS: MySQLNativePasswordAuthPlugin
2025-01-27 17:59:54,080 - ERROR - event is not available in MQTT
2025-01-27 17:59:56,567 - ERROR - event is not available in MQTT
2025-01-27 18:01:18,970 - ERROR - event is not available in MQTT
2025-01-27 18:04:30,848 - INFO - package: mysql.connector.plugins
2025-01-27 18:04:30,848 - INFO - plugin_name: mysql_native_password
2025-01-27 18:04:30,848 - INFO - AUTHENTICATION_PLUGIN_CLASS: MySQLNativePasswordAuthPlugin
2025-01-27 18:04:34,216 - ERROR - event is not available in MQTT
2025-01-27 18:04:37,054 - ERROR - event is not available in MQTT
2025-01-27 18:06:24,356 - INFO - package: mysql.connector.plugins
2025-01-27 18:06:24,356 - INFO - plugin_name: mysql_native_password
2025-01-27 18:06:24,357 - INFO - AUTHENTICATION_PLUGIN_CLASS: MySQLNativePasswordAuthPlugin
2025-01-27 18:06:28,213 - ERROR - event is not available in MQTT
2025-01-27 18:09:32,831 - INFO - package: mysql.connector.plugins
2025-01-27 18:09:32,841 - INFO - plugin_name: mysql_native_password
2025-01-27 18:09:32,841 - INFO - AUTHENTICATION_PLUGIN_CLASS: MySQLNativePasswordAuthPlugin
2025-01-27 18:09:38,017 - ERROR - event is not available in MQTT
2025-01-27 18:10:12,414 - ERROR - event is not available in MQTT
2025-01-27 18:12:14,742 - ERROR - event is not available in MQTT
2025-01-27 18:12:15,600 - ERROR - event is not available in MQTT
2025-01-27 18:12:16,345 - ERROR - event is not available in MQTT
2025-01-27 18:12:17,098 - ERROR - event is not available in MQTT
2025-01-27 18:12:18,142 - ERROR - event is not available in MQTT
2025-01-27 18:13:56,962 - INFO - package: mysql.connector.plugins
2025-01-27 18:13:56,962 - INFO - plugin_name: mysql_native_password
2025-01-27 18:13:56,962 - INFO - AUTHENTICATION_PLUGIN_CLASS: MySQLNativePasswordAuthPlugin
2025-01-27 18:14:15,737 - ERROR - event is not available in MQTT
2025-01-27 18:14:25,176 - ERROR - event is not available in MQTT
2025-01-27 18:14:26,458 - ERROR - event is not available in MQTT
2025-01-27 18:14:27,418 - ERROR - event is not available in MQTT
2025-01-27 18:14:28,138 - ERROR - event is not available in MQTT
2025-01-27 18:14:28,452 - ERROR - event is not available in MQTT
2025-01-27 18:14:28,775 - ERROR - event is not available in MQTT
2025-01-27 18:14:29,096 - ERROR - event is not available in MQTT
2025-01-27 18:14:29,097 - ERROR - event is not available in MQTT
2025-01-27 18:14:29,458 - ERROR - event is not available in MQTT
2025-01-27 18:14:29,459 - ERROR - event is not available in MQTT
2025-01-27 18:14:29,776 - ERROR - event is not available in MQTT
2025-01-27 18:14:30,138 - ERROR - event is not available in MQTT
2025-01-27 18:14:30,141 - ERROR - event is not available in MQTT
2025-01-27 18:14:30,498 - ERROR - event is not available in MQTT
2025-01-27 18:14:30,500 - ERROR - event is not available in MQTT
2025-01-27 18:14:30,818 - ERROR - event is not available in MQTT
2025-01-27 18:14:31,136 - ERROR - event is not available in MQTT
2025-01-27 18:14:31,137 - ERROR - event is not available in MQTT
2025-01-27 18:14:31,500 - ERROR - event is not available in MQTT
2025-01-27 18:14:56,258 - ERROR - MAC address is not available in MQTT
2025-01-27 18:14:58,298 - ERROR - MAC address is not available in MQTT
2025-01-27 18:27:48,307 - ERROR - MAC address is not available in MQTT
2025-01-27 18:27:51,786 - ERROR - MAC address is not available in MQTT
2025-01-27 18:31:04,253 - INFO - package: mysql.connector.plugins
2025-01-27 18:31:04,253 - INFO - plugin_name: mysql_native_password
2025-01-27 18:31:04,253 - INFO - AUTHENTICATION_PLUGIN_CLASS: MySQLNativePasswordAuthPlugin
2025-01-27 18:31:07,199 - ERROR - MAC address is not available in MQTT
2025-01-27 18:31:09,355 - ERROR - MAC address is not available in MQTT
2025-01-27 18:31:15,482 - ERROR - event is not available in MQTT
2025-01-27 18:31:17,269 - ERROR - event is not available in MQTT
2025-01-27 18:32:41,319 - INFO - package: mysql.connector.plugins
2025-01-27 18:32:41,319 - INFO - plugin_name: mysql_native_password
2025-01-27 18:32:41,320 - INFO - AUTHENTICATION_PLUGIN_CLASS: MySQLNativePasswordAuthPlugin
2025-01-27 18:32:44,468 - ERROR - event is not available in MQTT
2025-01-27 18:33:40,974 - INFO - package: mysql.connector.plugins
2025-01-27 18:33:40,974 - INFO - plugin_name: mysql_native_password
2025-01-27 18:33:40,974 - INFO - AUTHENTICATION_PLUGIN_CLASS: MySQLNativePasswordAuthPlugin
2025-01-27 18:33:50,824 - ERROR - event is not available in MQTT
2025-01-27 18:33:52,109 - ERROR - event is not available in MQTT
2025-01-27 18:33:54,500 - ERROR - event is not available in MQTT
2025-01-27 18:33:55,137 - ERROR - event is not available in MQTT
2025-01-27 18:35:14,318 - INFO - package: mysql.connector.plugins
2025-01-27 18:35:14,318 - INFO - plugin_name: mysql_native_password
2025-01-27 18:35:14,319 - INFO - AUTHENTICATION_PLUGIN_CLASS: MySQLNativePasswordAuthPlugin
2025-01-27 18:35:19,551 - ERROR - event is not available in MQTT
2025-01-27 18:36:15,805 - ERROR - event is not available in MQTT
2025-01-27 18:36:34,977 - INFO - package: mysql.connector.plugins
2025-01-27 18:36:34,977 - INFO - plugin_name: mysql_native_password
2025-01-27 18:36:34,984 - INFO - AUTHENTICATION_PLUGIN_CLASS: MySQLNativePasswordAuthPlugin
2025-01-27 18:36:38,032 - ERROR - event is not available in MQTT
2025-01-27 18:37:02,287 - INFO - package: mysql.connector.plugins
2025-01-27 18:37:02,288 - INFO - plugin_name: mysql_native_password
2025-01-27 18:37:02,288 - INFO - AUTHENTICATION_PLUGIN_CLASS: MySQLNativePasswordAuthPlugin
2025-01-27 18:37:25,512 - INFO - package: mysql.connector.plugins
2025-01-27 18:37:25,512 - INFO - plugin_name: mysql_native_password
2025-01-27 18:37:25,513 - INFO - AUTHENTICATION_PLUGIN_CLASS: MySQLNativePasswordAuthPlugin
2025-01-27 18:37:28,070 - ERROR - event is not available in MQTT
2025-01-27 18:37:48,302 - INFO - package: mysql.connector.plugins
2025-01-27 18:37:48,302 - INFO - plugin_name: mysql_native_password
2025-01-27 18:37:48,303 - INFO - AUTHENTICATION_PLUGIN_CLASS: MySQLNativePasswordAuthPlugin
2025-01-27 18:37:51,050 - ERROR - event is not available in MQTT
2025-01-27 18:42:12,929 - INFO - package: mysql.connector.plugins
2025-01-27 18:42:12,929 - INFO - plugin_name: mysql_native_password
2025-01-27 18:42:12,929 - INFO - AUTHENTICATION_PLUGIN_CLASS: MySQLNativePasswordAuthPlugin
2025-01-27 18:42:16,263 - ERROR - event is not available in MQTT
2025-01-27 23:46:56,996 - INFO - package: mysql.connector.plugins
2025-01-27 23:46:56,997 - INFO - plugin_name: mysql_native_password
2025-01-27 23:46:57,003 - INFO - AUTHENTICATION_PLUGIN_CLASS: MySQLNativePasswordAuthPlugin
2025-01-27 23:47:35,489 - ERROR - event is not available in MQTT
2025-01-28 00:00:29,046 - ERROR - event is not available in MQTT
2025-01-28 00:01:04,336 - INFO - package: mysql.connector.plugins
2025-01-28 00:01:04,336 - INFO - plugin_name: mysql_native_password
2025-01-28 00:01:04,336 - INFO - AUTHENTICATION_PLUGIN_CLASS: MySQLNativePasswordAuthPlugin
2025-01-28 00:01:07,950 - ERROR - event is not available in MQTT
2025-01-28 00:08:48,572 - INFO - package: mysql.connector.plugins
2025-01-28 00:08:48,572 - INFO - plugin_name: mysql_native_password
2025-01-28 00:08:48,572 - INFO - AUTHENTICATION_PLUGIN_CLASS: MySQLNativePasswordAuthPlugin
2025-01-28 00:08:51,619 - ERROR - event is not available in MQTT
2025-01-28 00:08:51,619 - ERROR - MQTT Broker Connection Failed!
2025-01-28 00:14:12,323 - ERROR - event is not available in MQTT
2025-01-28 00:14:12,323 - ERROR - MQTT Broker Connection Failed!
2025-01-28 00:16:44,839 - INFO - package: mysql.connector.plugins
2025-01-28 00:16:44,839 - INFO - plugin_name: mysql_native_password
2025-01-28 00:16:44,839 - INFO - AUTHENTICATION_PLUGIN_CLASS: MySQLNativePasswordAuthPlugin
2025-01-28 00:16:49,652 - ERROR - event is not available in MQTT
2025-01-28 00:16:49,668 - ERROR - MQTT Broker Connection Failed!
2025-01-28 00:17:10,522 - INFO - package: mysql.connector.plugins
2025-01-28 00:17:10,522 - INFO - plugin_name: mysql_native_password
2025-01-28 00:17:10,522 - INFO - AUTHENTICATION_PLUGIN_CLASS: MySQLNativePasswordAuthPlugin
2025-01-28 00:17:13,808 - ERROR - event is not available in MQTT
2025-01-28 00:17:13,808 - ERROR - MQTT Broker Connection Failed!
2025-01-28 00:20:03,370 - INFO - package: mysql.connector.plugins
2025-01-28 00:20:03,370 - INFO - plugin_name: mysql_native_password
2025-01-28 00:20:03,370 - INFO - AUTHENTICATION_PLUGIN_CLASS: MySQLNativePasswordAuthPlugin
2025-01-28 00:20:06,402 - ERROR - event is not available in MQTT
2025-01-28 00:20:06,402 - ERROR - MQTT Broker Connection Failed!
2025-01-28 00:20:56,602 - INFO - package: mysql.connector.plugins
2025-01-28 00:20:56,602 - INFO - plugin_name: mysql_native_password
2025-01-28 00:20:56,602 - INFO - AUTHENTICATION_PLUGIN_CLASS: MySQLNativePasswordAuthPlugin
2025-01-28 00:21:02,200 - ERROR - event is not available in MQTT
2025-01-28 00:21:03,847 - ERROR - event is not available in MQTT
2025-01-28 00:24:28,071 - INFO - package: mysql.connector.plugins
2025-01-28 00:24:28,071 - INFO - plugin_name: mysql_native_password
2025-01-28 00:24:28,071 - INFO - AUTHENTICATION_PLUGIN_CLASS: MySQLNativePasswordAuthPlugin
2025-01-28 00:24:30,839 - ERROR - event is not available in MQTT
2025-01-28 00:24:30,854 - ERROR - MQTT Broker Connection Failed!
2025-01-28 00:24:50,756 - INFO - package: mysql.connector.plugins
2025-01-28 00:24:50,771 - INFO - plugin_name: mysql_native_password
2025-01-28 00:24:50,771 - INFO - AUTHENTICATION_PLUGIN_CLASS: MySQLNativePasswordAuthPlugin
2025-01-28 00:24:54,884 - ERROR - event is not available in MQTT
2025-01-28 00:24:54,884 - ERROR - MQTT Broker Connection Failed!
2025-01-28 00:25:27,873 - INFO - package: mysql.connector.plugins
2025-01-28 00:25:27,873 - INFO - plugin_name: mysql_native_password
2025-01-28 00:25:27,873 - INFO - AUTHENTICATION_PLUGIN_CLASS: MySQLNativePasswordAuthPlugin
2025-01-28 00:25:31,689 - ERROR - event is not available in MQTT
2025-01-28 00:25:31,689 - ERROR - MQTT Broker Connection Failed!
2025-01-28 00:26:27,843 - INFO - package: mysql.connector.plugins
2025-01-28 00:26:27,843 - INFO - plugin_name: mysql_native_password
2025-01-28 00:26:27,843 - INFO - AUTHENTICATION_PLUGIN_CLASS: MySQLNativePasswordAuthPlugin
2025-01-28 00:26:33,729 - ERROR - event is not available in MQTT
2025-01-28 00:27:01,737 - INFO - package: mysql.connector.plugins
2025-01-28 00:27:01,737 - INFO - plugin_name: mysql_native_password
2025-01-28 00:27:01,737 - INFO - AUTHENTICATION_PLUGIN_CLASS: MySQLNativePasswordAuthPlugin
2025-01-28 00:27:06,087 - ERROR - event is not available in MQTT
2025-01-28 00:35:21,221 - INFO - package: mysql.connector.plugins
2025-01-28 00:35:21,221 - INFO - plugin_name: mysql_native_password
2025-01-28 00:35:21,221 - INFO - AUTHENTICATION_PLUGIN_CLASS: MySQLNativePasswordAuthPlugin
2025-01-28 00:35:32,375 - ERROR - event is not available in MQTT
2025-01-28 00:37:59,093 - INFO - package: mysql.connector.plugins
2025-01-28 00:37:59,093 - INFO - plugin_name: mysql_native_password
2025-01-28 00:37:59,094 - INFO - AUTHENTICATION_PLUGIN_CLASS: MySQLNativePasswordAuthPlugin
2025-01-28 00:38:01,978 - ERROR - event is not available in MQTT
2025-01-28 00:38:10,971 - INFO - package: mysql.connector.plugins
2025-01-28 00:38:10,971 - INFO - plugin_name: mysql_native_password
2025-01-28 00:38:10,971 - INFO - AUTHENTICATION_PLUGIN_CLASS: MySQLNativePasswordAuthPlugin
2025-01-28 00:38:14,328 - ERROR - event is not available in MQTT
2025-01-28 00:40:57,939 - INFO - package: mysql.connector.plugins
2025-01-28 00:40:57,939 - INFO - plugin_name: mysql_native_password
2025-01-28 00:40:57,939 - INFO - AUTHENTICATION_PLUGIN_CLASS: MySQLNativePasswordAuthPlugin
2025-01-28 00:41:01,406 - ERROR - event is not available in MQTT
2025-01-28 00:41:01,422 - INFO - MacAdd is Not Available in tbl_work_center_setting 
2025-01-28 00:41:11,182 - ERROR - event is not available in MQTT
2025-01-28 09:20:42,935 - INFO - package: mysql.connector.plugins
2025-01-28 09:20:42,936 - INFO - plugin_name: mysql_native_password
2025-01-28 09:20:42,936 - INFO - AUTHENTICATION_PLUGIN_CLASS: MySQLNativePasswordAuthPlugin
2025-01-28 09:20:53,206 - INFO - Mqtt Inserted to the Database
2025-01-28 09:21:02,235 - INFO - Mqtt Inserted to the Database
2025-01-28 09:21:11,267 - INFO - Mqtt Inserted to the Database
2025-01-28 09:21:20,301 - INFO - Mqtt Inserted to the Database
2025-01-28 09:21:29,336 - INFO - Mqtt Inserted to the Database
2025-01-28 09:21:38,353 - INFO - Mqtt Inserted to the Database
2025-01-28 09:21:47,375 - INFO - Mqtt Inserted to the Database
2025-01-28 09:22:23,421 - INFO - Mqtt Inserted to the Database
2025-01-28 09:22:59,512 - INFO - Mqtt Inserted to the Database
2025-01-28 09:23:35,586 - INFO - Mqtt Inserted to the Database
2025-01-28 09:24:11,668 - INFO - Mqtt Inserted to the Database
2025-01-28 09:24:47,755 - INFO - Mqtt Inserted to the Database
2025-01-28 09:25:23,825 - INFO - Mqtt Inserted to the Database
2025-01-28 09:25:59,917 - INFO - Mqtt Inserted to the Database
2025-01-28 09:26:26,963 - INFO - Mqtt Inserted to the Database
2025-01-28 09:26:36,005 - INFO - Mqtt Inserted to the Database
2025-01-28 09:27:12,118 - INFO - Mqtt Inserted to the Database
2025-01-28 09:27:52,261 - INFO - Mqtt Inserted to the Database
2025-01-28 09:28:32,407 - INFO - Mqtt Inserted to the Database
2025-01-28 09:29:12,553 - INFO - Mqtt Inserted to the Database
2025-01-28 09:29:45,709 - ERROR - MQTT Broker Connection Failed!
2025-01-28 09:30:02,727 - ERROR - Database Connection Faild
2025-01-28 09:30:19,781 - ERROR - Database Connection Faild
2025-01-28 09:30:36,825 - ERROR - Database Connection Faild
2025-01-28 09:30:53,842 - ERROR - Database Connection Faild
2025-01-28 09:31:10,865 - ERROR - Database Connection Faild
2025-01-28 09:31:27,885 - ERROR - Database Connection Faild
2025-01-28 09:31:44,907 - ERROR - Database Connection Faild
2025-01-28 09:32:01,929 - ERROR - Database Connection Faild
2025-01-28 09:32:18,955 - ERROR - Database Connection Faild
2025-01-28 09:32:35,968 - ERROR - Database Connection Faild
2025-01-28 09:32:52,980 - ERROR - Database Connection Faild
2025-01-28 09:33:09,991 - ERROR - Database Connection Faild
2025-01-28 09:33:27,013 - ERROR - Database Connection Faild
2025-01-28 09:33:44,032 - ERROR - Database Connection Faild
2025-01-28 09:34:01,048 - ERROR - Database Connection Faild
2025-01-28 09:34:18,073 - ERROR - Database Connection Faild
2025-01-28 09:34:35,086 - ERROR - Database Connection Faild
2025-01-28 09:35:00,479 - INFO - Mqtt Inserted to the Database
2025-01-28 09:35:09,510 - INFO - Mqtt Inserted to the Database
2025-01-28 09:35:18,539 - INFO - Mqtt Inserted to the Database
2025-01-28 09:35:21,643 - INFO - package: mysql.connector.plugins
2025-01-28 09:35:21,643 - INFO - plugin_name: mysql_native_password
2025-01-28 09:35:21,643 - INFO - AUTHENTICATION_PLUGIN_CLASS: MySQLNativePasswordAuthPlugin
2025-01-28 09:35:31,849 - INFO - Mqtt Inserted to the Database
2025-01-28 09:35:49,885 - INFO - Mqtt Inserted to the Database
2025-01-28 09:35:58,907 - INFO - Mqtt Inserted to the Database
2025-01-28 09:36:07,944 - INFO - Mqtt Inserted to the Database
2025-01-28 09:36:16,973 - INFO - Mqtt Inserted to the Database
2025-01-28 09:36:26,009 - INFO - Mqtt Inserted to the Database
2025-01-28 09:37:02,095 - INFO - Mqtt Inserted to the Database
2025-01-28 09:37:38,193 - INFO - Mqtt Inserted to the Database
2025-01-28 09:38:14,264 - INFO - Mqtt Inserted to the Database
2025-01-28 09:38:50,330 - INFO - Mqtt Inserted to the Database
2025-01-28 09:39:26,399 - INFO - Mqtt Inserted to the Database
2025-01-28 09:40:02,487 - INFO - Mqtt Inserted to the Database
2025-01-28 09:40:29,549 - INFO - Mqtt Inserted to the Database
2025-01-28 09:40:38,580 - INFO - Mqtt Inserted to the Database
2025-01-28 09:41:14,639 - INFO - Mqtt Inserted to the Database
2025-01-28 09:41:51,890 - INFO - Mqtt Inserted to the Database
2025-01-28 09:42:32,007 - INFO - Mqtt Inserted to the Database
2025-01-28 09:43:12,166 - INFO - Mqtt Inserted to the Database
2025-01-28 09:43:52,268 - INFO - Mqtt Inserted to the Database
2025-01-28 09:44:32,413 - INFO - Mqtt Inserted to the Database
2025-01-28 09:45:12,563 - INFO - Mqtt Inserted to the Database
2025-01-28 09:45:41,644 - INFO - Mqtt Inserted to the Database
2025-01-28 09:45:52,695 - INFO - Mqtt Inserted to the Database
2025-01-28 09:46:32,844 - INFO - Mqtt Inserted to the Database
2025-01-28 09:47:12,973 - INFO - Mqtt Inserted to the Database
2025-01-28 09:47:53,128 - INFO - Mqtt Inserted to the Database
2025-01-28 09:48:33,240 - INFO - Mqtt Inserted to the Database
2025-01-28 09:49:13,469 - INFO - Mqtt Inserted to the Database
2025-01-28 09:49:53,525 - INFO - Mqtt Inserted to the Database
2025-01-28 09:50:33,683 - INFO - Mqtt Inserted to the Database
2025-01-28 09:51:02,733 - INFO - Mqtt Inserted to the Database
2025-01-28 09:51:13,806 - INFO - Mqtt Inserted to the Database
2025-01-28 09:51:53,971 - INFO - Mqtt Inserted to the Database
2025-01-28 09:52:34,092 - INFO - Mqtt Inserted to the Database
2025-01-28 09:53:14,256 - INFO - Mqtt Inserted to the Database
2025-01-28 09:53:54,381 - INFO - Mqtt Inserted to the Database
2025-01-28 09:54:34,531 - INFO - Mqtt Inserted to the Database
2025-01-28 09:55:14,641 - INFO - Mqtt Inserted to the Database
2025-01-28 09:55:39,529 - INFO - Mqtt Inserted to the Database
2025-01-28 09:56:15,671 - INFO - Mqtt Inserted to the Database
2025-01-28 09:56:24,690 - INFO - Mqtt Inserted to the Database
2025-01-28 13:52:31,575 - INFO - package: mysql.connector.plugins
2025-01-28 13:52:31,575 - INFO - plugin_name: mysql_native_password
2025-01-28 13:52:31,575 - INFO - AUTHENTICATION_PLUGIN_CLASS: MySQLNativePasswordAuthPlugin
2025-01-28 13:52:41,636 - INFO - Mqtt Inserted to the Database
2025-01-28 13:52:50,764 - INFO - Mqtt Inserted to the Database
2025-01-28 13:52:59,789 - INFO - Mqtt Inserted to the Database
2025-01-28 13:53:08,813 - INFO - Mqtt Inserted to the Database
2025-01-28 13:53:17,854 - INFO - Mqtt Inserted to the Database
2025-01-28 13:53:26,899 - INFO - Mqtt Inserted to the Database
2025-01-28 15:58:02,153 - INFO - package: mysql.connector.plugins
2025-01-28 15:58:02,153 - INFO - plugin_name: mysql_native_password
2025-01-28 15:58:02,153 - INFO - AUTHENTICATION_PLUGIN_CLASS: MySQLNativePasswordAuthPlugin
2025-01-28 15:58:12,519 - INFO - Mqtt Inserted to the Database
2025-01-28 15:58:21,546 - INFO - Mqtt Inserted to the Database
2025-01-28 15:58:30,597 - INFO - Mqtt Inserted to the Database
2025-01-28 15:58:39,620 - INFO - Mqtt Inserted to the Database
2025-01-28 15:58:48,651 - INFO - Mqtt Inserted to the Database
2025-01-28 15:58:57,675 - INFO - Mqtt Inserted to the Database
2025-01-28 16:21:18,198 - INFO - package: mysql.connector.plugins
2025-01-28 16:21:18,198 - INFO - plugin_name: mysql_native_password
2025-01-28 16:21:18,198 - INFO - AUTHENTICATION_PLUGIN_CLASS: MySQLNativePasswordAuthPlugin
2025-01-28 16:21:28,531 - INFO - Mqtt Inserted to the Database
2025-01-28 16:21:37,552 - INFO - Mqtt Inserted to the Database
2025-01-28 16:21:46,584 - INFO - Mqtt Inserted to the Database
2025-01-28 16:21:55,613 - INFO - Mqtt Inserted to the Database
2025-01-28 16:22:04,662 - INFO - Mqtt Inserted to the Database
2025-01-28 16:22:13,696 - INFO - Mqtt Inserted to the Database
2025-01-28 16:31:49,899 - INFO - package: mysql.connector.plugins
2025-01-28 16:31:49,899 - INFO - plugin_name: mysql_native_password
2025-01-28 16:31:49,899 - INFO - AUTHENTICATION_PLUGIN_CLASS: MySQLNativePasswordAuthPlugin
2025-01-28 16:31:59,968 - INFO - Mqtt Inserted to the Database
2025-01-28 16:32:18,019 - INFO - Mqtt Inserted to the Database
2025-01-28 16:32:36,080 - INFO - Mqtt Inserted to the Database
2025-01-28 16:32:54,137 - INFO - Mqtt Inserted to the Database
2025-01-28 16:33:03,168 - INFO - Mqtt Inserted to the Database
2025-01-28 16:33:12,218 - INFO - Mqtt Inserted to the Database
2025-01-28 16:33:21,246 - INFO - Mqtt Inserted to the Database
2025-01-28 16:33:30,281 - INFO - Mqtt Inserted to the Database
2025-01-28 16:33:48,323 - INFO - Mqtt Inserted to the Database
2025-01-28 16:34:06,364 - INFO - Mqtt Inserted to the Database
2025-01-28 16:36:01,010 - INFO - package: mysql.connector.plugins
2025-01-28 16:36:01,010 - INFO - plugin_name: mysql_native_password
2025-01-28 16:36:01,010 - INFO - AUTHENTICATION_PLUGIN_CLASS: MySQLNativePasswordAuthPlugin
2025-01-28 16:36:11,254 - INFO - Mqtt Inserted to the Database
2025-01-28 16:36:20,294 - INFO - Mqtt Inserted to the Database
2025-01-28 16:36:29,323 - INFO - Mqtt Inserted to the Database
2025-01-28 16:36:37,182 - INFO - package: mysql.connector.plugins
2025-01-28 16:36:37,182 - INFO - plugin_name: mysql_native_password
2025-01-28 16:36:37,183 - INFO - AUTHENTICATION_PLUGIN_CLASS: MySQLNativePasswordAuthPlugin
2025-01-28 16:36:47,347 - INFO - Mqtt Inserted to the Database
2025-01-28 16:37:05,394 - INFO - Mqtt Inserted to the Database
2025-01-28 16:37:23,445 - INFO - Mqtt Inserted to the Database
2025-01-28 16:37:32,464 - INFO - Mqtt Inserted to the Database
2025-01-28 16:37:41,490 - INFO - Mqtt Inserted to the Database
2025-01-28 16:37:59,535 - INFO - Mqtt Inserted to the Database
2025-01-28 16:38:17,585 - INFO - Mqtt Inserted to the Database
2025-01-28 16:38:26,608 - INFO - Mqtt Inserted to the Database
2025-01-28 16:38:35,652 - INFO - Mqtt Inserted to the Database
2025-01-28 16:38:44,671 - INFO - Mqtt Inserted to the Database
2025-01-28 16:38:53,717 - INFO - Mqtt Inserted to the Database
2025-01-28 16:39:29,883 - INFO - package: mysql.connector.plugins
2025-01-28 16:39:29,883 - INFO - plugin_name: mysql_native_password
2025-01-28 16:39:29,883 - INFO - AUTHENTICATION_PLUGIN_CLASS: MySQLNativePasswordAuthPlugin
2025-01-28 16:42:12,137 - INFO - package: mysql.connector.plugins
2025-01-28 16:42:12,137 - INFO - plugin_name: mysql_native_password
2025-01-28 16:42:12,137 - INFO - AUTHENTICATION_PLUGIN_CLASS: MySQLNativePasswordAuthPlugin
2025-01-28 16:45:32,704 - INFO - package: mysql.connector.plugins
2025-01-28 16:45:32,704 - INFO - plugin_name: mysql_native_password
2025-01-28 16:45:32,704 - INFO - AUTHENTICATION_PLUGIN_CLASS: MySQLNativePasswordAuthPlugin
2025-01-28 16:46:59,961 - INFO - package: mysql.connector.plugins
2025-01-28 16:46:59,961 - INFO - plugin_name: mysql_native_password
2025-01-28 16:46:59,961 - INFO - AUTHENTICATION_PLUGIN_CLASS: MySQLNativePasswordAuthPlugin
2025-01-28 16:47:10,232 - INFO - Mqtt Inserted to the Database
2025-01-28 16:47:27,286 - INFO - Mqtt Inserted to the Database
2025-01-28 16:47:44,350 - INFO - Mqtt Inserted to the Database
2025-01-28 16:48:01,380 - INFO - Mqtt Inserted to the Database
2025-01-28 16:48:18,432 - INFO - Mqtt Inserted to the Database
2025-01-28 16:48:35,478 - INFO - Mqtt Inserted to the Database
2025-01-28 16:48:52,533 - INFO - Mqtt Inserted to the Database
2025-01-28 16:49:09,579 - INFO - Mqtt Inserted to the Database
2025-01-28 16:50:00,720 - INFO - package: mysql.connector.plugins
2025-01-28 16:50:00,720 - INFO - plugin_name: mysql_native_password
2025-01-28 16:50:00,720 - INFO - AUTHENTICATION_PLUGIN_CLASS: MySQLNativePasswordAuthPlugin
2025-01-28 16:50:11,059 - INFO - Mqtt Inserted to the Database
2025-01-28 16:50:20,104 - INFO - Mqtt Inserted to the Database
2025-01-28 16:50:29,139 - INFO - Mqtt Inserted to the Database
2025-01-28 16:50:47,211 - INFO - Mqtt Inserted to the Database
2025-01-28 16:50:56,242 - INFO - Mqtt Inserted to the Database
2025-01-28 16:51:23,335 - INFO - Mqtt Inserted to the Database
2025-01-28 16:51:32,375 - INFO - Mqtt Inserted to the Database
2025-01-28 16:51:59,471 - INFO - Mqtt Inserted to the Database
2025-01-28 16:52:08,514 - INFO - Mqtt Inserted to the Database
2025-01-28 16:52:35,607 - INFO - Mqtt Inserted to the Database
2025-01-28 16:52:44,643 - INFO - Mqtt Inserted to the Database
2025-01-28 16:53:11,713 - INFO - Mqtt Inserted to the Database
2025-01-28 16:53:20,732 - INFO - Mqtt Inserted to the Database
2025-01-28 16:53:47,819 - INFO - Mqtt Inserted to the Database
2025-01-28 16:53:57,384 - INFO - Mqtt Inserted to the Database
2025-01-28 16:54:26,496 - INFO - Mqtt Inserted to the Database
2025-01-28 16:54:37,880 - INFO - Mqtt Inserted to the Database
2025-01-28 16:55:06,673 - INFO - Mqtt Inserted to the Database
2025-01-28 16:55:17,733 - INFO - Mqtt Inserted to the Database
2025-01-28 16:55:46,890 - INFO - Mqtt Inserted to the Database
2025-01-28 16:55:57,858 - INFO - Mqtt Inserted to the Database
2025-01-28 16:56:27,451 - INFO - Mqtt Inserted to the Database
2025-01-28 16:56:38,076 - INFO - Mqtt Inserted to the Database
2025-01-28 16:57:07,174 - INFO - Mqtt Inserted to the Database
2025-01-28 16:57:18,269 - INFO - Mqtt Inserted to the Database
2025-01-28 16:57:47,369 - INFO - Mqtt Inserted to the Database
2025-01-28 16:57:58,468 - INFO - Mqtt Inserted to the Database
2025-01-28 16:58:27,610 - INFO - Mqtt Inserted to the Database
2025-01-28 16:58:38,670 - INFO - Mqtt Inserted to the Database
2025-01-28 16:59:07,789 - INFO - Mqtt Inserted to the Database
2025-01-28 16:59:22,912 - INFO - package: mysql.connector.plugins
2025-01-28 16:59:22,912 - INFO - plugin_name: mysql_native_password
2025-01-28 16:59:22,912 - INFO - AUTHENTICATION_PLUGIN_CLASS: MySQLNativePasswordAuthPlugin
2025-01-28 16:59:33,519 - INFO - Mqtt Inserted to the Database
2025-01-28 16:59:50,571 - INFO - Mqtt Inserted to the Database
2025-01-28 17:00:07,645 - INFO - Mqtt Inserted to the Database
2025-01-28 17:00:24,696 - INFO - Mqtt Inserted to the Database
2025-01-28 17:00:41,752 - INFO - Mqtt Inserted to the Database
2025-01-28 17:00:58,791 - INFO - Mqtt Inserted to the Database
2025-01-28 17:01:15,841 - INFO - Mqtt Inserted to the Database
2025-01-28 17:01:32,896 - INFO - Mqtt Inserted to the Database
2025-01-28 17:11:02,053 - INFO - package: mysql.connector.plugins
2025-01-28 17:11:02,053 - INFO - plugin_name: mysql_native_password
2025-01-28 17:11:02,053 - INFO - AUTHENTICATION_PLUGIN_CLASS: MySQLNativePasswordAuthPlugin
2025-01-28 17:11:12,350 - INFO - Mqtt Inserted to the Database
2025-01-28 17:11:21,381 - INFO - Mqtt Inserted to the Database
2025-01-28 17:11:30,415 - INFO - Mqtt Inserted to the Database
2025-01-28 17:12:06,523 - INFO - Mqtt Inserted to the Database
2025-01-28 17:12:15,553 - INFO - Mqtt Inserted to the Database
2025-01-28 17:12:33,613 - INFO - Mqtt Inserted to the Database
2025-01-28 17:12:42,699 - INFO - Mqtt Inserted to the Database
2025-01-28 17:13:27,829 - INFO - Mqtt Inserted to the Database
2025-01-28 17:13:36,865 - INFO - Mqtt Inserted to the Database
2025-01-28 17:14:22,872 - INFO - Mqtt Inserted to the Database
2025-01-28 17:14:31,916 - INFO - Mqtt Inserted to the Database
2025-01-28 17:15:03,022 - INFO - Mqtt Inserted to the Database
2025-01-28 17:15:12,068 - INFO - Mqtt Inserted to the Database
2025-01-28 17:15:43,148 - INFO - Mqtt Inserted to the Database
2025-01-28 17:15:52,197 - INFO - Mqtt Inserted to the Database
2025-01-28 17:16:23,263 - INFO - Mqtt Inserted to the Database
2025-01-28 17:16:32,311 - INFO - Mqtt Inserted to the Database
2025-01-28 17:17:03,425 - INFO - Mqtt Inserted to the Database
2025-01-28 17:17:12,476 - INFO - Mqtt Inserted to the Database
2025-01-28 17:17:43,606 - INFO - Mqtt Inserted to the Database
2025-01-28 17:17:52,657 - INFO - Mqtt Inserted to the Database
2025-01-28 17:18:23,710 - INFO - Mqtt Inserted to the Database
2025-01-28 17:18:32,752 - INFO - Mqtt Inserted to the Database
2025-01-28 17:19:03,879 - INFO - Mqtt Inserted to the Database
2025-01-28 17:19:12,918 - INFO - Mqtt Inserted to the Database
2025-01-28 17:19:44,045 - INFO - Mqtt Inserted to the Database
2025-01-28 17:19:53,092 - INFO - Mqtt Inserted to the Database
2025-01-28 17:20:24,153 - INFO - Mqtt Inserted to the Database
2025-01-28 17:20:33,194 - INFO - Mqtt Inserted to the Database
2025-01-28 17:21:04,318 - INFO - Mqtt Inserted to the Database
2025-01-28 17:21:13,359 - INFO - Mqtt Inserted to the Database
2025-01-28 17:21:44,451 - INFO - Mqtt Inserted to the Database
2025-01-28 17:21:53,490 - INFO - Mqtt Inserted to the Database
2025-01-28 17:22:24,605 - INFO - Mqtt Inserted to the Database
2025-01-28 17:22:33,650 - INFO - Mqtt Inserted to the Database
2025-01-28 17:23:04,715 - INFO - Mqtt Inserted to the Database
2025-01-28 17:23:13,760 - INFO - Mqtt Inserted to the Database
2025-01-28 17:23:44,851 - INFO - Mqtt Inserted to the Database
2025-01-28 17:23:53,882 - INFO - Mqtt Inserted to the Database
2025-01-28 17:24:25,013 - INFO - Mqtt Inserted to the Database
2025-01-28 17:24:34,054 - INFO - Mqtt Inserted to the Database
2025-01-28 17:25:05,153 - INFO - Mqtt Inserted to the Database
2025-01-28 17:25:14,190 - INFO - Mqtt Inserted to the Database
2025-01-28 17:25:45,271 - INFO - Mqtt Inserted to the Database
2025-01-28 17:25:54,308 - INFO - Mqtt Inserted to the Database
2025-01-28 17:26:25,439 - INFO - Mqtt Inserted to the Database
2025-01-28 17:26:34,490 - INFO - Mqtt Inserted to the Database
2025-01-28 17:27:05,568 - INFO - Mqtt Inserted to the Database
2025-01-28 17:27:14,603 - INFO - Mqtt Inserted to the Database
2025-01-28 17:27:45,714 - INFO - Mqtt Inserted to the Database
2025-01-28 17:27:54,750 - INFO - Mqtt Inserted to the Database
2025-01-28 17:28:25,856 - INFO - Mqtt Inserted to the Database
2025-01-28 17:28:34,908 - INFO - Mqtt Inserted to the Database
2025-01-28 17:29:07,003 - INFO - Mqtt Inserted to the Database
2025-01-28 17:29:16,048 - INFO - Mqtt Inserted to the Database
2025-01-28 17:29:46,171 - INFO - Mqtt Inserted to the Database
2025-01-28 17:29:55,209 - INFO - Mqtt Inserted to the Database
2025-01-28 17:30:26,322 - INFO - Mqtt Inserted to the Database
2025-01-28 17:30:35,365 - INFO - Mqtt Inserted to the Database
2025-01-28 17:31:06,446 - INFO - Mqtt Inserted to the Database
2025-01-28 17:31:15,491 - INFO - Mqtt Inserted to the Database
2025-01-28 17:31:46,557 - INFO - Mqtt Inserted to the Database
2025-01-28 17:31:55,590 - INFO - Mqtt Inserted to the Database
2025-01-28 17:32:26,736 - INFO - Mqtt Inserted to the Database
2025-01-28 17:32:35,788 - INFO - Mqtt Inserted to the Database
2025-01-28 17:33:06,888 - INFO - Mqtt Inserted to the Database
2025-01-28 17:33:15,928 - INFO - Mqtt Inserted to the Database
2025-01-28 17:33:46,995 - INFO - Mqtt Inserted to the Database
2025-01-28 17:33:56,032 - INFO - Mqtt Inserted to the Database
2025-01-28 17:34:27,133 - INFO - Mqtt Inserted to the Database
2025-01-28 17:34:36,188 - INFO - Mqtt Inserted to the Database
2025-01-28 17:35:07,240 - INFO - Mqtt Inserted to the Database
2025-01-28 17:35:16,301 - INFO - Mqtt Inserted to the Database
2025-01-28 17:35:47,607 - INFO - Mqtt Inserted to the Database
2025-01-28 17:35:56,642 - INFO - Mqtt Inserted to the Database
2025-01-28 17:36:27,526 - INFO - Mqtt Inserted to the Database
2025-01-28 17:36:36,587 - INFO - Mqtt Inserted to the Database
2025-01-28 17:37:07,697 - INFO - Mqtt Inserted to the Database
2025-01-28 17:37:16,739 - INFO - Mqtt Inserted to the Database
2025-01-28 17:37:47,827 - INFO - Mqtt Inserted to the Database
2025-01-28 17:37:56,863 - INFO - Mqtt Inserted to the Database
2025-01-28 17:38:27,917 - INFO - Mqtt Inserted to the Database
2025-01-28 17:38:36,955 - INFO - Mqtt Inserted to the Database
2025-01-28 17:38:52,542 - INFO - package: mysql.connector.plugins
2025-01-28 17:38:52,542 - INFO - plugin_name: mysql_native_password
2025-01-28 17:38:52,542 - INFO - AUTHENTICATION_PLUGIN_CLASS: MySQLNativePasswordAuthPlugin
2025-01-28 17:39:10,880 - INFO - Mqtt Inserted to the Database
2025-01-28 17:39:11,900 - INFO - Mqtt Inserted to the Database
2025-01-28 17:39:28,962 - INFO - Mqtt Inserted to the Database
2025-01-28 17:39:29,972 - INFO - Mqtt Inserted to the Database
2025-01-28 17:39:47,016 - INFO - Mqtt Inserted to the Database
2025-01-28 17:39:48,031 - INFO - Mqtt Inserted to the Database
2025-01-28 17:40:42,145 - INFO - Mqtt Inserted to the Database
2025-01-28 17:41:18,248 - INFO - Mqtt Inserted to the Database
2025-01-28 17:43:15,563 - INFO - package: mysql.connector.plugins
2025-01-28 17:43:15,563 - INFO - plugin_name: mysql_native_password
2025-01-28 17:43:15,563 - INFO - AUTHENTICATION_PLUGIN_CLASS: MySQLNativePasswordAuthPlugin
2025-01-28 17:43:52,873 - INFO - Mqtt Inserted to the Database
2025-01-28 17:44:10,922 - INFO - Mqtt Inserted to the Database
2025-01-28 17:44:27,969 - INFO - Mqtt Inserted to the Database
2025-01-28 17:44:45,008 - INFO - Mqtt Inserted to the Database
2025-01-28 17:45:02,045 - INFO - Mqtt Inserted to the Database
2025-01-28 17:45:19,080 - INFO - Mqtt Inserted to the Database
2025-01-28 17:45:36,120 - INFO - Mqtt Inserted to the Database
2025-01-28 17:45:50,908 - INFO - package: mysql.connector.plugins
2025-01-28 17:45:50,910 - INFO - plugin_name: mysql_native_password
2025-01-28 17:45:50,910 - INFO - AUTHENTICATION_PLUGIN_CLASS: MySQLNativePasswordAuthPlugin
2025-01-28 17:46:01,144 - INFO - Mqtt Inserted to the Database
2025-01-28 17:46:19,198 - INFO - Mqtt Inserted to the Database
2025-01-28 17:46:28,240 - INFO - Mqtt Inserted to the Database
2025-01-28 17:46:37,284 - INFO - Mqtt Inserted to the Database
2025-01-28 17:47:04,432 - INFO - Mqtt Inserted to the Database
2025-01-28 17:47:13,473 - INFO - Mqtt Inserted to the Database
2025-01-28 17:47:40,554 - INFO - Mqtt Inserted to the Database
2025-01-28 17:47:49,593 - INFO - Mqtt Inserted to the Database
2025-01-28 17:48:16,671 - INFO - Mqtt Inserted to the Database
2025-01-28 17:48:25,709 - INFO - Mqtt Inserted to the Database
2025-01-28 17:48:52,822 - INFO - Mqtt Inserted to the Database
2025-01-28 17:49:01,849 - INFO - Mqtt Inserted to the Database
2025-01-28 17:49:30,229 - INFO - Mqtt Inserted to the Database
2025-01-28 17:49:39,269 - INFO - Mqtt Inserted to the Database
2025-01-28 17:50:10,375 - INFO - Mqtt Inserted to the Database
2025-01-28 17:50:19,417 - INFO - Mqtt Inserted to the Database
2025-01-28 17:50:50,512 - INFO - Mqtt Inserted to the Database
2025-01-28 17:50:59,548 - INFO - Mqtt Inserted to the Database
2025-01-28 17:51:30,667 - INFO - Mqtt Inserted to the Database
2025-01-28 17:51:39,713 - INFO - Mqtt Inserted to the Database
2025-01-28 17:52:23,055 - INFO - package: mysql.connector.plugins
2025-01-28 17:52:23,055 - INFO - plugin_name: mysql_native_password
2025-01-28 17:52:23,055 - INFO - AUTHENTICATION_PLUGIN_CLASS: MySQLNativePasswordAuthPlugin
2025-01-28 17:52:35,384 - INFO - Mqtt Inserted to the Database
2025-01-28 17:52:36,385 - INFO - Mqtt Inserted to the Database
2025-01-28 17:52:47,421 - INFO - Mqtt Inserted to the Database
2025-01-28 17:52:48,429 - INFO - Mqtt Inserted to the Database
2025-01-28 17:52:59,462 - INFO - Mqtt Inserted to the Database
2025-01-28 17:53:00,474 - INFO - Mqtt Inserted to the Database
2025-01-28 17:53:12,511 - INFO - Mqtt Inserted to the Database
2025-01-28 17:53:24,553 - INFO - Mqtt Inserted to the Database
2025-01-28 17:53:36,607 - INFO - Mqtt Inserted to the Database
2025-01-28 17:53:47,657 - INFO - Mqtt Inserted to the Database
2025-01-28 17:53:48,668 - INFO - Mqtt Inserted to the Database
2025-01-28 17:53:59,707 - INFO - Mqtt Inserted to the Database
2025-01-28 17:54:00,726 - INFO - Mqtt Inserted to the Database
2025-01-28 17:54:12,758 - INFO - Mqtt Inserted to the Database
2025-01-28 17:54:24,796 - INFO - Mqtt Inserted to the Database
2025-01-28 17:54:35,846 - INFO - Mqtt Inserted to the Database
2025-01-28 17:54:36,859 - INFO - Mqtt Inserted to the Database
2025-01-28 17:54:47,895 - INFO - Mqtt Inserted to the Database
2025-01-28 17:54:48,912 - INFO - Mqtt Inserted to the Database
2025-01-28 17:55:00,956 - INFO - Mqtt Inserted to the Database
2025-01-28 17:55:12,996 - INFO - Mqtt Inserted to the Database
2025-01-28 17:55:25,046 - INFO - Mqtt Inserted to the Database
2025-01-28 23:49:20,245 - INFO - package: mysql.connector.plugins
2025-01-28 23:49:20,246 - INFO - plugin_name: mysql_native_password
2025-01-28 23:49:20,247 - INFO - AUTHENTICATION_PLUGIN_CLASS: MySQLNativePasswordAuthPlugin
2025-01-28 23:49:45,014 - INFO - package: mysql.connector.plugins
2025-01-28 23:49:45,015 - INFO - plugin_name: mysql_native_password
2025-01-28 23:49:45,015 - INFO - AUTHENTICATION_PLUGIN_CLASS: MySQLNativePasswordAuthPlugin
2025-01-28 23:49:57,126 - INFO - Mqtt Inserted to the Database
2025-01-28 23:50:08,174 - INFO - Mqtt Inserted to the Database
2025-01-28 23:50:19,223 - INFO - Mqtt Inserted to the Database
2025-01-28 23:50:41,284 - INFO - Mqtt Inserted to the Database
2025-01-28 23:50:52,317 - INFO - Mqtt Inserted to the Database
2025-01-28 23:51:25,425 - INFO - Mqtt Inserted to the Database
2025-01-28 23:51:36,457 - INFO - Mqtt Inserted to the Database
2025-01-28 23:52:09,537 - INFO - Mqtt Inserted to the Database
2025-01-28 23:52:20,567 - INFO - Mqtt Inserted to the Database
2025-01-28 23:52:53,653 - INFO - Mqtt Inserted to the Database
2025-01-28 23:53:04,693 - INFO - Mqtt Inserted to the Database
2025-01-28 23:53:37,767 - INFO - Mqtt Inserted to the Database
2025-01-28 23:53:48,794 - INFO - Mqtt Inserted to the Database
2025-01-28 23:54:21,886 - INFO - Mqtt Inserted to the Database
2025-01-28 23:54:32,924 - INFO - Mqtt Inserted to the Database
2025-01-28 23:55:06,013 - INFO - Mqtt Inserted to the Database
2025-01-28 23:55:17,046 - INFO - Mqtt Inserted to the Database
2025-01-28 23:56:05,135 - INFO - package: mysql.connector.plugins
2025-01-28 23:56:05,136 - INFO - plugin_name: mysql_native_password
2025-01-28 23:56:05,136 - INFO - AUTHENTICATION_PLUGIN_CLASS: MySQLNativePasswordAuthPlugin
2025-01-28 23:56:15,303 - INFO - Mqtt Inserted to the Database
2025-01-28 23:56:24,344 - INFO - Mqtt Inserted to the Database
2025-01-28 23:56:33,387 - INFO - Mqtt Inserted to the Database
2025-01-28 23:56:51,462 - INFO - Mqtt Inserted to the Database
2025-01-28 23:57:00,505 - INFO - Mqtt Inserted to the Database
2025-01-28 23:57:27,601 - INFO - Mqtt Inserted to the Database
2025-01-28 23:57:36,637 - INFO - Mqtt Inserted to the Database
2025-01-28 23:58:03,708 - INFO - Mqtt Inserted to the Database
2025-01-28 23:58:12,746 - INFO - Mqtt Inserted to the Database
2025-01-28 23:58:39,828 - INFO - Mqtt Inserted to the Database
2025-01-28 23:58:48,853 - INFO - Mqtt Inserted to the Database
2025-01-28 23:59:15,954 - INFO - Mqtt Inserted to the Database
2025-01-28 23:59:25,003 - INFO - Mqtt Inserted to the Database
2025-01-28 23:59:52,098 - INFO - Mqtt Inserted to the Database
2025-01-29 00:00:01,138 - INFO - Mqtt Inserted to the Database
2025-01-29 00:00:28,247 - INFO - Mqtt Inserted to the Database
2025-01-29 00:00:38,424 - INFO - Mqtt Inserted to the Database
2025-01-29 00:01:07,975 - INFO - Mqtt Inserted to the Database
2025-01-29 00:01:18,605 - INFO - Mqtt Inserted to the Database
2025-01-29 00:01:48,186 - INFO - Mqtt Inserted to the Database
2025-01-29 00:01:58,801 - INFO - Mqtt Inserted to the Database
2025-01-29 00:02:28,303 - INFO - Mqtt Inserted to the Database
2025-01-29 00:02:38,999 - INFO - Mqtt Inserted to the Database
2025-01-29 00:03:08,457 - INFO - Mqtt Inserted to the Database
2025-01-29 00:03:19,173 - INFO - Mqtt Inserted to the Database
2025-01-29 00:03:48,568 - INFO - Mqtt Inserted to the Database
2025-01-29 00:03:59,424 - INFO - Mqtt Inserted to the Database
2025-01-29 00:04:28,736 - INFO - Mqtt Inserted to the Database
2025-01-29 00:04:39,593 - INFO - Mqtt Inserted to the Database
2025-01-29 00:05:08,868 - INFO - Mqtt Inserted to the Database
2025-01-29 00:05:19,788 - INFO - Mqtt Inserted to the Database
2025-01-29 00:05:49,045 - INFO - Mqtt Inserted to the Database
2025-01-29 00:05:59,983 - INFO - Mqtt Inserted to the Database
2025-01-29 00:06:29,153 - INFO - Mqtt Inserted to the Database
2025-01-29 00:06:40,180 - INFO - Mqtt Inserted to the Database
2025-01-29 00:07:09,015 - INFO - package: mysql.connector.plugins
2025-01-29 00:07:09,015 - INFO - plugin_name: mysql_native_password
2025-01-29 00:07:09,015 - INFO - AUTHENTICATION_PLUGIN_CLASS: MySQLNativePasswordAuthPlugin
2025-01-29 00:07:20,948 - INFO - Mqtt Inserted to the Database
2025-01-29 00:07:31,991 - INFO - Mqtt Inserted to the Database
2025-01-29 00:07:43,026 - INFO - Mqtt Inserted to the Database
2025-01-29 00:08:05,081 - INFO - Mqtt Inserted to the Database
2025-01-29 00:08:16,115 - INFO - Mqtt Inserted to the Database
2025-01-29 00:08:49,231 - INFO - Mqtt Inserted to the Database
2025-01-29 00:09:00,266 - INFO - Mqtt Inserted to the Database
2025-01-29 00:10:08,471 - INFO - package: mysql.connector.plugins
2025-01-29 00:10:08,471 - INFO - plugin_name: mysql_native_password
2025-01-29 00:10:08,472 - INFO - AUTHENTICATION_PLUGIN_CLASS: MySQLNativePasswordAuthPlugin
2025-01-29 00:10:20,631 - INFO - Mqtt Inserted to the Database
2025-01-29 00:10:31,682 - INFO - Mqtt Inserted to the Database
2025-01-29 00:10:42,730 - INFO - Mqtt Inserted to the Database
2025-01-29 00:11:04,787 - INFO - Mqtt Inserted to the Database
2025-01-29 00:11:15,815 - INFO - Mqtt Inserted to the Database
2025-01-29 00:11:48,908 - INFO - Mqtt Inserted to the Database
2025-01-29 00:11:59,941 - INFO - Mqtt Inserted to the Database
2025-01-29 00:12:33,027 - INFO - Mqtt Inserted to the Database
2025-01-29 00:12:44,071 - INFO - Mqtt Inserted to the Database
2025-01-29 00:13:17,145 - INFO - Mqtt Inserted to the Database
2025-01-29 00:13:28,184 - INFO - Mqtt Inserted to the Database
2025-01-29 00:14:01,266 - INFO - Mqtt Inserted to the Database
2025-01-29 00:14:12,293 - INFO - Mqtt Inserted to the Database
2025-01-29 00:14:45,405 - INFO - Mqtt Inserted to the Database
2025-01-29 00:14:57,310 - INFO - package: mysql.connector.plugins
2025-01-29 00:14:57,310 - INFO - plugin_name: mysql_native_password
2025-01-29 00:14:57,311 - INFO - AUTHENTICATION_PLUGIN_CLASS: MySQLNativePasswordAuthPlugin
2025-01-29 00:15:20,615 - INFO - Mqtt Inserted to the Database
2025-01-29 00:15:31,657 - INFO - Mqtt Inserted to the Database
2025-01-29 00:15:42,702 - INFO - Mqtt Inserted to the Database
2025-01-29 00:15:53,749 - INFO - Mqtt Inserted to the Database
2025-01-29 00:16:26,848 - INFO - Mqtt Inserted to the Database
2025-01-29 00:16:37,888 - INFO - Mqtt Inserted to the Database
2025-01-29 00:17:10,975 - INFO - Mqtt Inserted to the Database
2025-01-29 00:17:22,008 - INFO - Mqtt Inserted to the Database
2025-01-29 00:17:55,081 - INFO - Mqtt Inserted to the Database
2025-01-29 00:18:06,115 - INFO - Mqtt Inserted to the Database
2025-01-29 00:18:39,206 - INFO - Mqtt Inserted to the Database
2025-01-29 00:18:50,255 - INFO - Mqtt Inserted to the Database
2025-01-29 00:19:23,325 - INFO - Mqtt Inserted to the Database
2025-01-29 00:19:34,365 - INFO - Mqtt Inserted to the Database
2025-01-29 00:20:07,467 - INFO - Mqtt Inserted to the Database
2025-01-29 00:20:18,583 - INFO - Mqtt Inserted to the Database
2025-01-29 00:21:57,554 - INFO - package: mysql.connector.plugins
2025-01-29 00:21:57,554 - INFO - plugin_name: mysql_native_password
2025-01-29 00:21:57,555 - INFO - AUTHENTICATION_PLUGIN_CLASS: MySQLNativePasswordAuthPlugin
2025-01-29 00:22:09,713 - INFO - Mqtt Inserted to the Database
2025-01-29 00:22:20,760 - INFO - Mqtt Inserted to the Database
2025-01-29 00:22:31,803 - INFO - Mqtt Inserted to the Database
2025-01-29 00:22:42,839 - INFO - Mqtt Inserted to the Database
2025-01-29 00:23:08,926 - INFO - package: mysql.connector.plugins
2025-01-29 00:23:08,927 - INFO - plugin_name: mysql_native_password
2025-01-29 00:23:08,927 - INFO - AUTHENTICATION_PLUGIN_CLASS: MySQLNativePasswordAuthPlugin
2025-01-29 00:23:21,018 - INFO - Mqtt Inserted to the Database
2025-01-29 00:23:32,060 - INFO - Mqtt Inserted to the Database
2025-01-29 00:24:02,094 - INFO - package: mysql.connector.plugins
2025-01-29 00:24:02,094 - INFO - plugin_name: mysql_native_password
2025-01-29 00:24:02,095 - INFO - AUTHENTICATION_PLUGIN_CLASS: MySQLNativePasswordAuthPlugin
2025-01-29 00:24:14,232 - INFO - Mqtt Inserted to the Database
2025-01-29 00:24:14,233 - ERROR - MQTT Broker Connection Failed!
2025-01-29 00:24:41,386 - INFO - Mqtt Inserted to the Database
2025-01-29 00:24:41,386 - ERROR - MQTT Broker Connection Failed!
2025-01-29 00:26:34,055 - INFO - package: mysql.connector.plugins
2025-01-29 00:26:34,056 - INFO - plugin_name: mysql_native_password
2025-01-29 00:26:34,056 - INFO - AUTHENTICATION_PLUGIN_CLASS: MySQLNativePasswordAuthPlugin
2025-01-29 00:26:46,324 - INFO - Mqtt Inserted to the Database
2025-01-29 00:26:57,369 - INFO - Mqtt Inserted to the Database
2025-01-29 00:27:08,393 - INFO - Mqtt Inserted to the Database
2025-01-29 00:27:30,457 - INFO - Mqtt Inserted to the Database
2025-01-29 00:27:41,501 - INFO - Mqtt Inserted to the Database
2025-01-29 00:28:01,835 - INFO - package: mysql.connector.plugins
2025-01-29 00:28:01,835 - INFO - plugin_name: mysql_native_password
2025-01-29 00:28:01,835 - INFO - AUTHENTICATION_PLUGIN_CLASS: MySQLNativePasswordAuthPlugin
2025-01-29 00:28:13,960 - INFO - Mqtt Inserted to the Database
2025-01-29 00:28:16,962 - INFO - Mqtt Inserted to the Database
2025-01-29 00:28:28,009 - INFO - Mqtt Inserted to the Database
2025-01-29 00:28:31,030 - INFO - Mqtt Inserted to the Database
2025-01-29 00:28:42,065 - INFO - Mqtt Inserted to the Database
2025-01-29 00:28:45,083 - INFO - Mqtt Inserted to the Database
2025-01-29 00:28:57,237 - INFO - package: mysql.connector.plugins
2025-01-29 00:28:57,237 - INFO - plugin_name: mysql_native_password
2025-01-29 00:28:57,238 - INFO - AUTHENTICATION_PLUGIN_CLASS: MySQLNativePasswordAuthPlugin
2025-01-29 00:29:07,361 - INFO - Mqtt Inserted to the Database
2025-01-29 00:29:10,364 - INFO - Mqtt Inserted to the Database
2025-01-29 00:29:19,401 - INFO - Mqtt Inserted to the Database
2025-01-29 00:29:22,410 - INFO - Mqtt Inserted to the Database
2025-01-29 00:29:31,442 - INFO - Mqtt Inserted to the Database
2025-01-29 00:29:34,456 - INFO - Mqtt Inserted to the Database
2025-01-29 00:31:35,008 - INFO - package: mysql.connector.plugins
2025-01-29 00:31:35,008 - INFO - plugin_name: mysql_native_password
2025-01-29 00:31:35,008 - INFO - AUTHENTICATION_PLUGIN_CLASS: MySQLNativePasswordAuthPlugin
2025-01-29 00:31:45,364 - INFO - Mqtt Inserted to the Database
2025-01-29 00:31:48,381 - INFO - Mqtt Inserted to the Database
2025-01-29 00:31:57,440 - INFO - Mqtt Inserted to the Database
2025-01-29 00:32:00,460 - INFO - Mqtt Inserted to the Database
2025-01-29 00:32:09,517 - INFO - Mqtt Inserted to the Database
2025-01-29 00:32:12,538 - INFO - Mqtt Inserted to the Database
2025-01-29 00:32:21,572 - INFO - Mqtt Inserted to the Database
2025-01-29 00:32:24,591 - INFO - Mqtt Inserted to the Database
2025-01-29 00:32:33,639 - INFO - Mqtt Inserted to the Database
2025-01-29 00:32:36,650 - INFO - Mqtt Inserted to the Database
2025-01-29 00:32:45,692 - INFO - Mqtt Inserted to the Database
2025-01-29 00:32:48,700 - INFO - Mqtt Inserted to the Database
2025-01-29 00:32:57,741 - INFO - Mqtt Inserted to the Database
2025-01-29 00:33:00,754 - INFO - Mqtt Inserted to the Database
2025-01-29 00:33:09,800 - INFO - Mqtt Inserted to the Database
2025-01-29 00:33:12,820 - INFO - Mqtt Inserted to the Database
2025-01-29 00:33:21,864 - INFO - Mqtt Inserted to the Database
2025-01-29 00:33:24,868 - INFO - Mqtt Inserted to the Database
2025-01-29 00:33:33,899 - INFO - Mqtt Inserted to the Database
2025-01-29 00:33:36,922 - INFO - Mqtt Inserted to the Database
2025-01-29 00:33:45,956 - INFO - Mqtt Inserted to the Database
2025-01-29 00:33:48,976 - INFO - Mqtt Inserted to the Database
2025-01-29 00:33:58,004 - INFO - Mqtt Inserted to the Database
2025-01-29 00:34:01,035 - INFO - Mqtt Inserted to the Database
2025-01-29 00:34:10,071 - INFO - Mqtt Inserted to the Database
2025-01-29 00:34:13,087 - INFO - Mqtt Inserted to the Database
2025-01-29 00:34:22,133 - INFO - Mqtt Inserted to the Database
2025-01-29 00:34:25,143 - INFO - Mqtt Inserted to the Database
2025-01-29 00:34:34,176 - INFO - Mqtt Inserted to the Database
2025-01-29 00:34:37,190 - INFO - Mqtt Inserted to the Database
2025-01-29 00:36:16,463 - INFO - package: mysql.connector.plugins
2025-01-29 00:36:16,463 - INFO - plugin_name: mysql_native_password
2025-01-29 00:36:16,463 - INFO - AUTHENTICATION_PLUGIN_CLASS: MySQLNativePasswordAuthPlugin
2025-01-29 00:37:53,595 - INFO - package: mysql.connector.plugins
2025-01-29 00:37:53,596 - INFO - plugin_name: mysql_native_password
2025-01-29 00:37:53,596 - INFO - AUTHENTICATION_PLUGIN_CLASS: MySQLNativePasswordAuthPlugin
2025-01-29 00:43:03,786 - INFO - package: mysql.connector.plugins
2025-01-29 00:43:03,786 - INFO - plugin_name: mysql_native_password
2025-01-29 00:43:03,787 - INFO - AUTHENTICATION_PLUGIN_CLASS: MySQLNativePasswordAuthPlugin
2025-01-29 00:43:16,069 - INFO - Mqtt Inserted to the Database
2025-01-29 00:43:17,085 - INFO - Mqtt Inserted to the Database
2025-01-29 00:43:28,133 - INFO - Mqtt Inserted to the Database
2025-01-29 00:43:29,136 - INFO - Mqtt Inserted to the Database
2025-01-29 00:43:40,180 - INFO - Mqtt Inserted to the Database
2025-01-29 00:43:41,194 - INFO - Mqtt Inserted to the Database
2025-01-29 00:43:52,217 - INFO - Mqtt Inserted to the Database
2025-01-29 00:43:53,230 - INFO - Mqtt Inserted to the Database
2025-01-29 00:44:04,264 - INFO - Mqtt Inserted to the Database
2025-01-29 00:44:05,283 - INFO - Mqtt Inserted to the Database
2025-01-29 00:44:17,316 - INFO - Mqtt Inserted to the Database
2025-01-29 00:44:29,353 - INFO - Mqtt Inserted to the Database
2025-01-29 00:44:40,395 - INFO - Mqtt Inserted to the Database
2025-01-29 00:44:41,416 - INFO - Mqtt Inserted to the Database
2025-01-29 00:44:52,438 - INFO - Mqtt Inserted to the Database
2025-01-29 00:44:53,462 - INFO - Mqtt Inserted to the Database
2025-01-29 00:45:05,510 - INFO - Mqtt Inserted to the Database
2025-01-29 00:45:17,559 - INFO - Mqtt Inserted to the Database
2025-01-29 00:45:28,609 - INFO - Mqtt Inserted to the Database
2025-01-29 00:45:29,617 - INFO - Mqtt Inserted to the Database
2025-01-29 00:45:40,650 - INFO - Mqtt Inserted to the Database
2025-01-29 00:45:41,663 - INFO - Mqtt Inserted to the Database
2025-01-29 00:45:53,690 - INFO - Mqtt Inserted to the Database
2025-01-29 00:46:05,720 - INFO - Mqtt Inserted to the Database
2025-01-29 00:47:34,781 - INFO - package: mysql.connector.plugins
2025-01-29 00:47:34,781 - INFO - plugin_name: mysql_native_password
2025-01-29 00:47:34,783 - INFO - AUTHENTICATION_PLUGIN_CLASS: MySQLNativePasswordAuthPlugin
2025-01-29 00:47:44,603 - INFO - package: mysql.connector.plugins
2025-01-29 00:47:44,603 - INFO - plugin_name: mysql_native_password
2025-01-29 00:47:44,604 - INFO - AUTHENTICATION_PLUGIN_CLASS: MySQLNativePasswordAuthPlugin
2025-01-29 00:47:54,764 - INFO - Mqtt Inserted to the Database
2025-01-29 00:47:55,234 - INFO - Mqtt Inserted to the Database
2025-01-29 00:47:57,777 - INFO - Mqtt Inserted to the Database
2025-01-29 00:48:05,096 - INFO - Mqtt Inserted to the Database
2025-01-29 00:48:06,802 - INFO - Mqtt Inserted to the Database
2025-01-29 00:48:09,815 - INFO - Mqtt Inserted to the Database
2025-01-29 00:48:18,841 - INFO - Mqtt Inserted to the Database
2025-01-29 00:48:21,852 - INFO - Mqtt Inserted to the Database
2025-01-29 00:48:30,884 - INFO - Mqtt Inserted to the Database
2025-01-29 00:48:33,904 - INFO - Mqtt Inserted to the Database
2025-01-29 00:48:34,347 - INFO - package: mysql.connector.plugins
2025-01-29 00:48:34,347 - INFO - plugin_name: mysql_native_password
2025-01-29 00:48:34,348 - INFO - AUTHENTICATION_PLUGIN_CLASS: MySQLNativePasswordAuthPlugin
2025-01-29 00:48:42,106 - INFO - Mqtt Inserted to the Database
2025-01-29 00:48:47,818 - INFO - Mqtt Inserted to the Database
2025-01-29 00:48:59,850 - INFO - Mqtt Inserted to the Database
2025-01-29 00:49:07,656 - INFO - package: mysql.connector.plugins
2025-01-29 00:49:07,656 - INFO - plugin_name: mysql_native_password
2025-01-29 00:49:07,657 - INFO - AUTHENTICATION_PLUGIN_CLASS: MySQLNativePasswordAuthPlugin
2025-01-29 00:49:17,822 - INFO - Mqtt Inserted to the Database
2025-01-29 00:49:20,835 - INFO - Mqtt Inserted to the Database
2025-01-29 00:49:29,863 - INFO - Mqtt Inserted to the Database
2025-01-29 00:49:32,879 - INFO - Mqtt Inserted to the Database
2025-01-29 00:49:41,910 - INFO - Mqtt Inserted to the Database
2025-01-29 00:49:44,920 - INFO - Mqtt Inserted to the Database
2025-01-29 00:49:53,939 - INFO - Mqtt Inserted to the Database
2025-01-29 00:49:57,000 - INFO - Mqtt Inserted to the Database
2025-01-29 00:50:06,028 - INFO - Mqtt Inserted to the Database
2025-01-29 00:50:09,045 - INFO - Mqtt Inserted to the Database
2025-01-29 00:50:18,091 - INFO - Mqtt Inserted to the Database
2025-01-29 00:50:21,111 - INFO - Mqtt Inserted to the Database
2025-01-29 00:50:30,139 - INFO - Mqtt Inserted to the Database
2025-01-29 00:50:33,155 - INFO - Mqtt Inserted to the Database
2025-01-29 00:50:42,204 - INFO - Mqtt Inserted to the Database
2025-01-29 00:50:45,225 - INFO - Mqtt Inserted to the Database
2025-01-29 00:50:54,266 - INFO - Mqtt Inserted to the Database
2025-01-29 00:50:57,283 - INFO - Mqtt Inserted to the Database
2025-01-29 00:51:06,323 - INFO - Mqtt Inserted to the Database
2025-01-29 00:51:09,335 - INFO - Mqtt Inserted to the Database
2025-01-29 00:51:18,373 - INFO - Mqtt Inserted to the Database
2025-01-29 00:51:21,387 - INFO - Mqtt Inserted to the Database
2025-01-29 00:51:30,427 - INFO - Mqtt Inserted to the Database
2025-01-29 00:51:33,439 - INFO - Mqtt Inserted to the Database
2025-01-29 00:51:42,485 - INFO - Mqtt Inserted to the Database
2025-01-29 00:51:45,506 - INFO - Mqtt Inserted to the Database
2025-01-29 00:51:54,555 - INFO - Mqtt Inserted to the Database
2025-01-29 00:51:57,572 - INFO - Mqtt Inserted to the Database
2025-01-29 00:52:06,620 - INFO - Mqtt Inserted to the Database
2025-01-29 00:52:09,640 - INFO - Mqtt Inserted to the Database
2025-01-29 00:53:06,553 - INFO - package: mysql.connector.plugins
2025-01-29 00:53:06,553 - INFO - plugin_name: mysql_native_password
2025-01-29 00:53:06,553 - INFO - AUTHENTICATION_PLUGIN_CLASS: MySQLNativePasswordAuthPlugin
2025-01-29 00:53:16,619 - INFO - Mqtt Inserted to the Database
2025-01-29 00:53:25,653 - INFO - Mqtt Inserted to the Database
2025-01-29 00:53:34,700 - INFO - Mqtt Inserted to the Database
2025-01-29 00:53:43,745 - INFO - Mqtt Inserted to the Database
2025-01-29 00:53:52,778 - INFO - Mqtt Inserted to the Database
2025-01-29 00:54:19,925 - INFO - Mqtt Inserted to the Database
2025-01-29 00:54:28,959 - INFO - Mqtt Inserted to the Database
2025-01-29 00:54:56,048 - INFO - Mqtt Inserted to the Database
2025-01-29 00:55:05,092 - INFO - Mqtt Inserted to the Database
2025-01-29 00:55:32,160 - INFO - Mqtt Inserted to the Database
2025-01-29 00:55:41,195 - INFO - Mqtt Inserted to the Database
2025-01-29 00:56:08,272 - INFO - Mqtt Inserted to the Database
2025-01-29 00:56:17,433 - INFO - Mqtt Inserted to the Database
2025-01-29 00:56:44,524 - INFO - Mqtt Inserted to the Database
2025-01-29 00:56:53,874 - INFO - Mqtt Inserted to the Database
2025-01-29 00:57:23,037 - INFO - Mqtt Inserted to the Database
2025-01-29 00:57:34,089 - INFO - Mqtt Inserted to the Database
2025-01-29 00:58:03,178 - INFO - Mqtt Inserted to the Database
2025-01-29 00:58:14,273 - INFO - Mqtt Inserted to the Database
2025-01-29 00:58:43,427 - INFO - Mqtt Inserted to the Database
2025-01-29 00:58:54,460 - INFO - Mqtt Inserted to the Database
2025-01-29 00:59:23,580 - INFO - Mqtt Inserted to the Database
2025-01-29 00:59:34,575 - INFO - Mqtt Inserted to the Database
2025-01-29 01:00:03,598 - INFO - Mqtt Inserted to the Database
2025-01-29 01:00:14,645 - INFO - Mqtt Inserted to the Database
2025-01-29 01:02:26,766 - INFO - package: mysql.connector.plugins
2025-01-29 01:02:26,766 - INFO - plugin_name: mysql_native_password
2025-01-29 01:02:26,767 - INFO - AUTHENTICATION_PLUGIN_CLASS: MySQLNativePasswordAuthPlugin
2025-01-29 01:06:30,348 - INFO - package: mysql.connector.plugins
2025-01-29 01:06:30,349 - INFO - plugin_name: mysql_native_password
2025-01-29 01:06:30,349 - INFO - AUTHENTICATION_PLUGIN_CLASS: MySQLNativePasswordAuthPlugin
2025-01-29 01:06:40,464 - INFO - Mqtt Inserted to the Database
2025-01-29 01:06:43,481 - INFO - Mqtt Inserted to the Database
2025-01-29 01:06:52,520 - INFO - Mqtt Inserted to the Database
2025-01-29 01:06:55,538 - INFO - Mqtt Inserted to the Database
2025-01-29 01:07:04,580 - INFO - Mqtt Inserted to the Database
2025-01-29 01:07:07,596 - INFO - Mqtt Inserted to the Database
2025-01-29 01:07:16,637 - INFO - Mqtt Inserted to the Database
2025-01-29 01:07:19,650 - INFO - Mqtt Inserted to the Database
2025-01-29 01:07:28,694 - INFO - Mqtt Inserted to the Database
2025-01-29 01:07:31,707 - INFO - Mqtt Inserted to the Database
2025-01-29 01:07:40,751 - INFO - Mqtt Inserted to the Database
2025-01-29 01:07:43,767 - INFO - Mqtt Inserted to the Database
2025-01-29 01:07:52,800 - INFO - Mqtt Inserted to the Database
2025-01-29 01:07:55,817 - INFO - Mqtt Inserted to the Database
2025-01-29 01:08:04,863 - INFO - Mqtt Inserted to the Database
2025-01-29 01:08:07,879 - INFO - Mqtt Inserted to the Database
2025-01-29 01:08:16,915 - INFO - Mqtt Inserted to the Database
2025-01-29 01:08:19,935 - INFO - Mqtt Inserted to the Database
2025-01-29 01:08:28,981 - INFO - Mqtt Inserted to the Database
2025-01-29 01:08:31,995 - INFO - Mqtt Inserted to the Database
2025-01-29 01:08:41,037 - INFO - Mqtt Inserted to the Database
2025-01-29 01:08:44,051 - INFO - Mqtt Inserted to the Database
2025-01-29 01:08:53,080 - INFO - Mqtt Inserted to the Database
2025-01-29 01:08:56,101 - INFO - Mqtt Inserted to the Database
2025-01-29 01:09:05,142 - INFO - Mqtt Inserted to the Database
2025-01-29 01:09:08,154 - INFO - Mqtt Inserted to the Database
2025-01-29 01:09:17,187 - INFO - Mqtt Inserted to the Database
2025-01-29 01:09:20,206 - INFO - Mqtt Inserted to the Database
2025-01-29 01:09:29,243 - INFO - Mqtt Inserted to the Database
2025-01-29 01:09:32,252 - INFO - Mqtt Inserted to the Database
2025-01-29 01:14:22,096 - INFO - package: mysql.connector.plugins
2025-01-29 01:14:22,096 - INFO - plugin_name: mysql_native_password
2025-01-29 01:14:22,096 - INFO - AUTHENTICATION_PLUGIN_CLASS: MySQLNativePasswordAuthPlugin
2025-01-29 01:14:32,258 - INFO - Mqtt Inserted to the Database
2025-01-29 01:14:35,270 - INFO - Mqtt Inserted to the Database
2025-01-29 01:14:44,290 - INFO - Mqtt Inserted to the Database
2025-01-29 01:14:47,305 - INFO - Mqtt Inserted to the Database
2025-01-29 01:14:56,348 - INFO - Mqtt Inserted to the Database
2025-01-29 01:14:59,361 - INFO - Mqtt Inserted to the Database
2025-01-29 01:15:08,400 - INFO - Mqtt Inserted to the Database
2025-01-29 01:15:11,415 - INFO - Mqtt Inserted to the Database
2025-01-29 01:15:20,453 - INFO - Mqtt Inserted to the Database
2025-01-29 01:15:23,541 - INFO - Mqtt Inserted to the Database
2025-01-29 01:15:32,582 - INFO - Mqtt Inserted to the Database
2025-01-29 01:15:35,596 - INFO - Mqtt Inserted to the Database
2025-01-29 01:15:44,634 - INFO - Mqtt Inserted to the Database
2025-01-29 01:15:47,647 - INFO - Mqtt Inserted to the Database
2025-01-29 01:15:56,674 - INFO - Mqtt Inserted to the Database
2025-01-29 01:15:59,689 - INFO - Mqtt Inserted to the Database
2025-01-29 01:16:08,714 - INFO - Mqtt Inserted to the Database
2025-01-29 01:16:11,726 - INFO - Mqtt Inserted to the Database
2025-01-29 01:16:20,756 - INFO - Mqtt Inserted to the Database
2025-01-29 01:16:23,768 - INFO - Mqtt Inserted to the Database
2025-01-29 01:16:32,799 - INFO - Mqtt Inserted to the Database
2025-01-29 01:16:35,809 - INFO - Mqtt Inserted to the Database
2025-01-29 01:16:44,840 - INFO - Mqtt Inserted to the Database
2025-01-29 01:16:47,854 - INFO - Mqtt Inserted to the Database
2025-01-29 01:16:56,895 - INFO - Mqtt Inserted to the Database
2025-01-29 01:16:59,906 - INFO - Mqtt Inserted to the Database
2025-01-29 01:17:08,924 - INFO - Mqtt Inserted to the Database
2025-01-29 01:17:11,934 - INFO - Mqtt Inserted to the Database
2025-01-29 01:17:20,959 - INFO - Mqtt Inserted to the Database
2025-01-29 01:17:23,978 - INFO - Mqtt Inserted to the Database
2025-01-29 01:17:55,106 - INFO - package: mysql.connector.plugins
2025-01-29 01:17:55,107 - INFO - plugin_name: mysql_native_password
2025-01-29 01:17:55,107 - INFO - AUTHENTICATION_PLUGIN_CLASS: MySQLNativePasswordAuthPlugin
2025-01-29 01:18:05,672 - INFO - Mqtt Inserted to the Database
2025-01-29 01:18:14,720 - INFO - Mqtt Inserted to the Database
2025-01-29 01:18:23,757 - INFO - Mqtt Inserted to the Database
2025-01-29 01:18:43,818 - INFO - Mqtt Inserted to the Database
2025-01-29 01:18:52,856 - INFO - Mqtt Inserted to the Database
2025-01-29 01:19:00,345 - INFO - package: mysql.connector.plugins
2025-01-29 01:19:00,345 - INFO - plugin_name: mysql_native_password
2025-01-29 01:19:00,346 - INFO - AUTHENTICATION_PLUGIN_CLASS: MySQLNativePasswordAuthPlugin
2025-01-29 01:19:10,473 - INFO - Mqtt Inserted to the Database
2025-01-29 01:19:19,506 - INFO - Mqtt Inserted to the Database
2025-01-29 01:19:28,535 - INFO - Mqtt Inserted to the Database
2025-01-29 01:19:41,958 - INFO - package: mysql.connector.plugins
2025-01-29 01:19:41,958 - INFO - plugin_name: mysql_native_password
2025-01-29 01:19:41,959 - INFO - AUTHENTICATION_PLUGIN_CLASS: MySQLNativePasswordAuthPlugin
2025-01-29 01:19:52,062 - INFO - Mqtt Inserted to the Database
2025-01-29 01:20:01,098 - INFO - Mqtt Inserted to the Database
2025-01-29 01:20:10,136 - INFO - Mqtt Inserted to the Database
2025-01-29 01:20:22,172 - INFO - Mqtt Inserted to the Database
2025-01-29 01:20:31,212 - INFO - Mqtt Inserted to the Database
2025-01-29 01:20:55,233 - INFO - package: mysql.connector.plugins
2025-01-29 01:20:55,233 - INFO - plugin_name: mysql_native_password
2025-01-29 01:20:55,234 - INFO - AUTHENTICATION_PLUGIN_CLASS: MySQLNativePasswordAuthPlugin
2025-01-29 01:21:05,343 - INFO - Mqtt Inserted to the Database
2025-01-29 01:21:14,363 - INFO - Mqtt Inserted to the Database
2025-01-29 01:21:23,387 - INFO - Mqtt Inserted to the Database
2025-01-29 01:21:35,421 - INFO - Mqtt Inserted to the Database
2025-01-29 01:21:44,455 - INFO - Mqtt Inserted to the Database
2025-01-29 01:21:53,477 - INFO - Mqtt Inserted to the Database
2025-01-29 01:22:05,502 - INFO - Mqtt Inserted to the Database
2025-01-29 01:22:17,534 - INFO - Mqtt Inserted to the Database
2025-01-29 01:22:26,567 - INFO - Mqtt Inserted to the Database
2025-01-29 01:22:35,597 - INFO - Mqtt Inserted to the Database
2025-01-29 01:22:47,620 - INFO - Mqtt Inserted to the Database
2025-01-29 01:22:59,645 - INFO - Mqtt Inserted to the Database
2025-01-29 01:23:08,672 - INFO - Mqtt Inserted to the Database
2025-01-29 01:23:17,702 - INFO - Mqtt Inserted to the Database
2025-01-29 01:23:29,737 - INFO - Mqtt Inserted to the Database
2025-01-29 01:23:41,771 - INFO - Mqtt Inserted to the Database
2025-01-29 01:23:50,787 - INFO - Mqtt Inserted to the Database
2025-01-29 01:23:59,833 - INFO - Mqtt Inserted to the Database
2025-01-29 01:24:11,873 - INFO - Mqtt Inserted to the Database
2025-01-29 01:24:23,919 - INFO - Mqtt Inserted to the Database
2025-01-29 01:24:32,953 - INFO - Mqtt Inserted to the Database
2025-01-29 01:24:41,985 - INFO - Mqtt Inserted to the Database
2025-01-29 01:24:54,009 - INFO - Mqtt Inserted to the Database
2025-01-29 01:25:06,050 - INFO - Mqtt Inserted to the Database
2025-01-29 01:25:15,080 - INFO - Mqtt Inserted to the Database
2025-01-29 01:25:24,108 - INFO - Mqtt Inserted to the Database
2025-01-29 01:25:36,140 - INFO - Mqtt Inserted to the Database
2025-01-29 01:25:48,176 - INFO - Mqtt Inserted to the Database
2025-01-29 01:25:57,205 - INFO - Mqtt Inserted to the Database
2025-01-29 01:26:06,233 - INFO - Mqtt Inserted to the Database
2025-01-29 01:26:18,272 - INFO - Mqtt Inserted to the Database
2025-01-29 01:26:30,314 - INFO - Mqtt Inserted to the Database
2025-01-29 01:26:39,350 - INFO - Mqtt Inserted to the Database
2025-01-29 01:26:48,388 - INFO - Mqtt Inserted to the Database
2025-01-29 01:27:00,424 - INFO - Mqtt Inserted to the Database
2025-01-29 01:27:12,450 - INFO - Mqtt Inserted to the Database
2025-01-29 01:27:21,477 - INFO - Mqtt Inserted to the Database
2025-01-29 01:27:30,502 - INFO - Mqtt Inserted to the Database
2025-01-29 01:27:42,529 - INFO - Mqtt Inserted to the Database
2025-01-29 01:27:54,556 - INFO - Mqtt Inserted to the Database
2025-01-29 01:28:03,584 - INFO - Mqtt Inserted to the Database
2025-01-29 01:28:12,614 - INFO - Mqtt Inserted to the Database
2025-01-29 01:28:24,652 - INFO - Mqtt Inserted to the Database
2025-01-29 01:28:36,696 - INFO - Mqtt Inserted to the Database
2025-01-29 01:28:45,735 - INFO - Mqtt Inserted to the Database
2025-01-29 01:28:54,753 - INFO - Mqtt Inserted to the Database
2025-01-29 01:29:06,785 - INFO - Mqtt Inserted to the Database
2025-01-29 01:29:18,827 - INFO - Mqtt Inserted to the Database
2025-01-29 01:29:27,858 - INFO - Mqtt Inserted to the Database
2025-01-29 01:29:36,896 - INFO - Mqtt Inserted to the Database
2025-01-29 01:29:48,942 - INFO - Mqtt Inserted to the Database
2025-01-29 01:30:00,977 - INFO - Mqtt Inserted to the Database
2025-01-29 01:30:10,007 - INFO - Mqtt Inserted to the Database
2025-01-29 01:30:19,030 - INFO - Mqtt Inserted to the Database
2025-01-29 01:30:31,059 - INFO - Mqtt Inserted to the Database
2025-01-29 01:30:43,084 - INFO - Mqtt Inserted to the Database
2025-01-29 01:30:52,115 - INFO - Mqtt Inserted to the Database
2025-01-29 01:31:01,148 - INFO - Mqtt Inserted to the Database
2025-01-29 01:31:13,184 - INFO - Mqtt Inserted to the Database
2025-01-29 01:31:25,223 - INFO - Mqtt Inserted to the Database
2025-01-29 01:31:34,258 - INFO - Mqtt Inserted to the Database
2025-01-29 01:31:43,283 - INFO - Mqtt Inserted to the Database
2025-01-29 01:31:55,317 - INFO - Mqtt Inserted to the Database
2025-01-29 01:32:07,348 - INFO - Mqtt Inserted to the Database
2025-01-29 01:32:16,379 - INFO - Mqtt Inserted to the Database
2025-01-29 01:32:25,414 - INFO - Mqtt Inserted to the Database
2025-01-29 01:32:37,447 - INFO - Mqtt Inserted to the Database
2025-01-29 01:32:49,471 - INFO - Mqtt Inserted to the Database
2025-01-29 01:32:58,496 - INFO - Mqtt Inserted to the Database
2025-01-29 01:33:07,521 - INFO - Mqtt Inserted to the Database
2025-01-29 01:33:19,549 - INFO - Mqtt Inserted to the Database
2025-01-29 01:33:31,575 - INFO - Mqtt Inserted to the Database
2025-01-29 01:33:40,607 - INFO - Mqtt Inserted to the Database
2025-01-29 01:33:49,637 - INFO - Mqtt Inserted to the Database
2025-01-29 01:34:01,662 - INFO - Mqtt Inserted to the Database
2025-01-29 01:34:13,698 - INFO - Mqtt Inserted to the Database
2025-01-29 01:34:22,730 - INFO - Mqtt Inserted to the Database
2025-01-29 01:34:31,769 - INFO - Mqtt Inserted to the Database
2025-01-29 01:34:43,816 - INFO - Mqtt Inserted to the Database
2025-01-29 01:35:17,807 - INFO - package: mysql.connector.plugins
2025-01-29 01:35:17,807 - INFO - plugin_name: mysql_native_password
2025-01-29 01:35:17,807 - INFO - AUTHENTICATION_PLUGIN_CLASS: MySQLNativePasswordAuthPlugin
2025-01-29 01:35:27,921 - INFO - Mqtt Inserted to the Database
2025-01-29 01:35:36,959 - INFO - Mqtt Inserted to the Database
2025-01-29 01:35:45,999 - INFO - Mqtt Inserted to the Database
2025-01-29 01:35:55,046 - INFO - Mqtt Inserted to the Database
2025-01-29 01:36:04,077 - INFO - Mqtt Inserted to the Database
2025-01-29 01:36:16,120 - INFO - Mqtt Inserted to the Database
2025-01-29 01:36:28,157 - INFO - Mqtt Inserted to the Database
2025-01-29 01:36:37,212 - INFO - Mqtt Inserted to the Database
2025-01-29 01:36:46,240 - INFO - Mqtt Inserted to the Database
2025-01-29 01:36:58,279 - INFO - Mqtt Inserted to the Database
2025-01-29 01:37:10,323 - INFO - Mqtt Inserted to the Database
2025-01-29 01:37:19,358 - INFO - Mqtt Inserted to the Database
2025-01-29 01:37:28,395 - INFO - Mqtt Inserted to the Database
2025-01-29 01:37:40,438 - INFO - Mqtt Inserted to the Database
2025-01-29 01:37:52,481 - INFO - Mqtt Inserted to the Database
2025-01-29 01:38:01,523 - INFO - Mqtt Inserted to the Database
2025-01-29 01:38:10,556 - INFO - Mqtt Inserted to the Database
2025-01-29 01:38:22,587 - INFO - Mqtt Inserted to the Database
2025-01-29 01:38:34,609 - INFO - Mqtt Inserted to the Database
2025-01-29 01:38:41,514 - INFO - package: mysql.connector.plugins
2025-01-29 01:38:41,514 - INFO - plugin_name: mysql_native_password
2025-01-29 01:38:41,515 - INFO - AUTHENTICATION_PLUGIN_CLASS: MySQLNativePasswordAuthPlugin
2025-01-29 01:38:51,699 - INFO - Mqtt Inserted to the Database
2025-01-29 01:39:15,578 - INFO - package: mysql.connector.plugins
2025-01-29 01:39:15,578 - INFO - plugin_name: mysql_native_password
2025-01-29 01:39:15,578 - INFO - AUTHENTICATION_PLUGIN_CLASS: MySQLNativePasswordAuthPlugin
2025-01-29 01:39:25,694 - INFO - Mqtt Inserted to the Database
2025-01-29 01:39:34,727 - INFO - Mqtt Inserted to the Database
2025-01-29 01:39:43,771 - INFO - Mqtt Inserted to the Database
2025-01-29 01:39:55,805 - INFO - Mqtt Inserted to the Database
2025-01-29 01:40:04,846 - INFO - Mqtt Inserted to the Database
2025-01-29 01:40:13,883 - INFO - Mqtt Inserted to the Database
2025-01-29 01:40:25,923 - INFO - Mqtt Inserted to the Database
2025-01-29 01:40:37,956 - INFO - Mqtt Inserted to the Database
2025-01-29 01:40:46,987 - INFO - Mqtt Inserted to the Database
2025-01-29 01:40:56,030 - INFO - Mqtt Inserted to the Database
2025-01-29 01:41:08,070 - INFO - Mqtt Inserted to the Database
2025-01-29 01:41:20,115 - INFO - Mqtt Inserted to the Database
2025-01-29 01:41:29,161 - INFO - Mqtt Inserted to the Database
2025-01-29 01:41:38,205 - INFO - Mqtt Inserted to the Database
2025-01-29 01:41:50,252 - INFO - Mqtt Inserted to the Database
2025-01-29 01:42:02,304 - INFO - Mqtt Inserted to the Database
2025-01-29 01:42:11,345 - INFO - Mqtt Inserted to the Database
2025-01-29 01:42:20,387 - INFO - Mqtt Inserted to the Database
2025-01-29 01:42:32,437 - INFO - Mqtt Inserted to the Database
2025-01-29 01:42:44,488 - INFO - Mqtt Inserted to the Database
2025-01-29 01:42:53,530 - INFO - Mqtt Inserted to the Database
2025-01-29 01:43:02,572 - INFO - Mqtt Inserted to the Database
2025-01-29 01:43:14,614 - INFO - Mqtt Inserted to the Database
2025-01-29 01:43:26,666 - INFO - Mqtt Inserted to the Database
2025-01-29 01:43:35,695 - INFO - Mqtt Inserted to the Database
2025-01-29 01:43:44,717 - INFO - Mqtt Inserted to the Database
2025-01-29 01:43:56,740 - INFO - Mqtt Inserted to the Database
2025-01-29 01:44:08,770 - INFO - Mqtt Inserted to the Database
2025-01-29 01:44:17,799 - INFO - Mqtt Inserted to the Database
2025-01-29 01:44:26,834 - INFO - Mqtt Inserted to the Database
2025-01-29 01:44:38,890 - INFO - Mqtt Inserted to the Database
2025-01-29 01:44:50,924 - INFO - Mqtt Inserted to the Database
2025-01-29 01:44:59,969 - INFO - Mqtt Inserted to the Database
2025-01-29 01:45:09,003 - INFO - Mqtt Inserted to the Database
2025-01-29 01:45:21,044 - INFO - Mqtt Inserted to the Database
2025-01-29 01:45:33,080 - INFO - Mqtt Inserted to the Database
2025-01-29 01:45:42,118 - INFO - Mqtt Inserted to the Database
2025-01-29 01:45:51,156 - INFO - Mqtt Inserted to the Database
2025-01-29 01:46:03,188 - INFO - Mqtt Inserted to the Database
2025-01-29 01:46:15,224 - INFO - Mqtt Inserted to the Database
2025-01-29 01:46:24,259 - INFO - Mqtt Inserted to the Database
2025-01-29 01:46:33,300 - INFO - Mqtt Inserted to the Database
2025-01-29 01:46:45,333 - INFO - Mqtt Inserted to the Database
2025-01-29 01:48:09,215 - INFO - package: mysql.connector.plugins
2025-01-29 01:48:09,215 - INFO - plugin_name: mysql_native_password
2025-01-29 01:48:09,216 - INFO - AUTHENTICATION_PLUGIN_CLASS: MySQLNativePasswordAuthPlugin
2025-01-29 01:48:19,389 - INFO - Mqtt Inserted to the Database
2025-01-29 01:48:28,438 - INFO - Mqtt Inserted to the Database
2025-01-29 01:48:37,489 - INFO - Mqtt Inserted to the Database
2025-01-29 01:48:49,561 - INFO - Mqtt Inserted to the Database
2025-01-29 01:48:58,621 - INFO - Mqtt Inserted to the Database
2025-01-29 01:49:07,674 - INFO - Mqtt Inserted to the Database
2025-01-29 01:49:19,736 - INFO - Mqtt Inserted to the Database
2025-01-29 01:49:31,787 - INFO - Mqtt Inserted to the Database
2025-01-29 01:49:40,819 - INFO - Mqtt Inserted to the Database
2025-01-29 01:49:49,849 - INFO - Mqtt Inserted to the Database
2025-01-29 01:50:01,904 - INFO - Mqtt Inserted to the Database
2025-01-29 01:50:13,948 - INFO - Mqtt Inserted to the Database
2025-01-29 01:50:22,997 - INFO - Mqtt Inserted to the Database
2025-01-29 01:50:32,037 - INFO - Mqtt Inserted to the Database
2025-01-29 01:50:44,092 - INFO - Mqtt Inserted to the Database
2025-01-29 01:50:56,132 - INFO - Mqtt Inserted to the Database
2025-01-29 01:51:05,168 - INFO - Mqtt Inserted to the Database
2025-01-29 01:51:14,217 - INFO - Mqtt Inserted to the Database
2025-01-29 01:51:26,267 - INFO - Mqtt Inserted to the Database
2025-01-29 01:51:38,327 - INFO - Mqtt Inserted to the Database
2025-01-29 01:51:47,369 - INFO - Mqtt Inserted to the Database
2025-01-29 01:51:56,423 - INFO - Mqtt Inserted to the Database
2025-01-29 01:52:08,487 - INFO - Mqtt Inserted to the Database
2025-01-29 01:52:20,550 - INFO - Mqtt Inserted to the Database
2025-01-29 01:52:29,610 - INFO - Mqtt Inserted to the Database
2025-01-29 01:52:38,672 - INFO - Mqtt Inserted to the Database
2025-01-29 01:52:50,732 - INFO - Mqtt Inserted to the Database
2025-01-29 01:53:02,781 - INFO - Mqtt Inserted to the Database
2025-01-29 01:53:11,816 - INFO - Mqtt Inserted to the Database
2025-01-29 01:53:20,857 - INFO - Mqtt Inserted to the Database
2025-01-29 01:53:32,889 - INFO - Mqtt Inserted to the Database
2025-01-29 01:53:44,924 - INFO - Mqtt Inserted to the Database
2025-01-29 01:53:53,963 - INFO - Mqtt Inserted to the Database
2025-01-29 01:54:03,003 - INFO - Mqtt Inserted to the Database
2025-01-29 01:54:15,065 - INFO - Mqtt Inserted to the Database
2025-01-29 01:54:27,125 - INFO - Mqtt Inserted to the Database
2025-01-29 01:54:36,182 - INFO - Mqtt Inserted to the Database
2025-01-29 01:54:45,245 - INFO - Mqtt Inserted to the Database
2025-01-29 01:54:57,298 - INFO - Mqtt Inserted to the Database
2025-01-29 01:55:09,326 - INFO - Mqtt Inserted to the Database
2025-01-29 01:55:18,385 - INFO - Mqtt Inserted to the Database
2025-01-29 01:55:27,455 - INFO - Mqtt Inserted to the Database
2025-01-29 01:55:39,518 - INFO - Mqtt Inserted to the Database
2025-01-29 01:55:51,571 - INFO - Mqtt Inserted to the Database
2025-01-29 01:56:00,632 - INFO - Mqtt Inserted to the Database
2025-01-29 01:56:09,685 - INFO - Mqtt Inserted to the Database
2025-01-29 01:56:21,732 - INFO - Mqtt Inserted to the Database
2025-01-29 01:56:33,797 - INFO - Mqtt Inserted to the Database
2025-01-29 01:56:42,864 - INFO - Mqtt Inserted to the Database
2025-01-29 01:56:51,923 - INFO - Mqtt Inserted to the Database
2025-01-29 01:57:03,956 - INFO - Mqtt Inserted to the Database
2025-01-29 01:57:15,995 - INFO - Mqtt Inserted to the Database
2025-01-29 01:57:25,036 - INFO - Mqtt Inserted to the Database
2025-01-29 01:57:34,076 - INFO - Mqtt Inserted to the Database
2025-01-29 01:57:46,123 - INFO - Mqtt Inserted to the Database
2025-01-29 01:57:58,169 - INFO - Mqtt Inserted to the Database
2025-01-29 01:58:07,226 - INFO - Mqtt Inserted to the Database
2025-01-29 01:58:16,282 - INFO - Mqtt Inserted to the Database
2025-01-29 01:58:28,338 - INFO - Mqtt Inserted to the Database
2025-01-29 01:58:40,394 - INFO - Mqtt Inserted to the Database
2025-01-29 01:58:49,426 - INFO - Mqtt Inserted to the Database
2025-01-29 02:01:39,643 - INFO - package: mysql.connector.plugins
2025-01-29 02:01:39,643 - INFO - plugin_name: mysql_native_password
2025-01-29 02:01:39,644 - INFO - AUTHENTICATION_PLUGIN_CLASS: MySQLNativePasswordAuthPlugin
2025-01-29 02:01:49,722 - INFO - Mqtt Inserted to the Database
2025-01-29 02:01:58,771 - INFO - Mqtt Inserted to the Database
2025-01-29 02:02:07,820 - INFO - Mqtt Inserted to the Database
2025-01-29 02:02:25,894 - INFO - Mqtt Inserted to the Database
2025-01-29 02:02:34,940 - INFO - Mqtt Inserted to the Database
2025-01-29 02:03:01,996 - INFO - Mqtt Inserted to the Database
2025-01-29 02:03:11,019 - INFO - Mqtt Inserted to the Database
2025-01-29 02:03:38,102 - INFO - Mqtt Inserted to the Database
2025-01-29 02:03:47,140 - INFO - Mqtt Inserted to the Database
2025-01-29 02:04:14,211 - INFO - Mqtt Inserted to the Database
2025-01-29 02:04:23,244 - INFO - Mqtt Inserted to the Database
2025-01-29 02:04:50,326 - INFO - Mqtt Inserted to the Database
2025-01-29 02:04:59,362 - INFO - Mqtt Inserted to the Database
2025-01-29 02:05:26,448 - INFO - Mqtt Inserted to the Database
2025-01-29 02:05:35,498 - INFO - Mqtt Inserted to the Database
2025-01-29 02:06:02,596 - INFO - Mqtt Inserted to the Database
2025-01-29 02:06:13,481 - INFO - Mqtt Inserted to the Database
2025-01-29 02:06:42,468 - INFO - Mqtt Inserted to the Database
2025-01-29 02:06:53,474 - INFO - Mqtt Inserted to the Database
2025-01-29 02:07:22,603 - INFO - Mqtt Inserted to the Database
2025-01-29 02:07:33,673 - INFO - Mqtt Inserted to the Database
2025-01-29 02:08:02,791 - INFO - Mqtt Inserted to the Database
2025-01-29 02:08:13,861 - INFO - Mqtt Inserted to the Database
2025-01-29 02:08:42,984 - INFO - Mqtt Inserted to the Database
2025-01-29 02:08:54,022 - INFO - Mqtt Inserted to the Database
2025-01-29 02:09:23,160 - INFO - Mqtt Inserted to the Database
2025-01-29 02:09:34,243 - INFO - Mqtt Inserted to the Database
2025-01-29 02:10:03,387 - INFO - Mqtt Inserted to the Database
2025-01-29 02:10:14,438 - INFO - Mqtt Inserted to the Database
2025-01-29 02:10:43,579 - INFO - Mqtt Inserted to the Database
2025-01-29 02:10:54,653 - INFO - Mqtt Inserted to the Database
2025-01-29 02:11:23,770 - INFO - Mqtt Inserted to the Database
2025-01-29 02:11:34,841 - INFO - Mqtt Inserted to the Database
2025-01-29 02:12:03,975 - INFO - Mqtt Inserted to the Database
2025-01-29 02:12:15,042 - INFO - Mqtt Inserted to the Database
2025-01-29 02:12:44,054 - INFO - Mqtt Inserted to the Database
2025-01-29 02:12:55,117 - INFO - Mqtt Inserted to the Database
2025-01-29 02:13:24,271 - INFO - Mqtt Inserted to the Database
2025-01-29 02:13:35,325 - INFO - Mqtt Inserted to the Database
2025-01-29 02:14:04,438 - INFO - Mqtt Inserted to the Database
2025-01-29 02:14:15,532 - INFO - Mqtt Inserted to the Database
2025-01-29 02:14:44,636 - INFO - Mqtt Inserted to the Database
2025-01-29 02:14:55,702 - INFO - Mqtt Inserted to the Database
2025-01-29 02:15:25,212 - INFO - Mqtt Inserted to the Database
2025-01-29 02:15:35,929 - INFO - Mqtt Inserted to the Database
2025-01-29 02:16:05,558 - INFO - Mqtt Inserted to the Database
2025-01-29 02:16:16,101 - INFO - Mqtt Inserted to the Database
2025-01-29 02:16:45,209 - INFO - Mqtt Inserted to the Database
2025-01-29 02:16:56,287 - INFO - Mqtt Inserted to the Database
2025-01-29 02:17:25,465 - INFO - Mqtt Inserted to the Database
2025-01-29 02:17:36,492 - INFO - Mqtt Inserted to the Database
2025-01-29 02:18:05,618 - INFO - Mqtt Inserted to the Database
2025-01-29 02:18:16,698 - INFO - Mqtt Inserted to the Database
2025-01-29 02:18:45,808 - INFO - Mqtt Inserted to the Database
2025-01-29 02:18:56,890 - INFO - Mqtt Inserted to the Database
2025-01-29 02:19:26,009 - INFO - Mqtt Inserted to the Database
2025-01-29 02:19:37,058 - INFO - Mqtt Inserted to the Database
2025-01-29 02:20:06,165 - INFO - Mqtt Inserted to the Database
2025-01-29 02:20:17,225 - INFO - Mqtt Inserted to the Database
2025-01-29 02:20:46,372 - INFO - Mqtt Inserted to the Database
2025-01-29 02:20:57,617 - INFO - Mqtt Inserted to the Database
2025-01-29 02:21:26,858 - INFO - Mqtt Inserted to the Database
2025-01-29 02:21:37,648 - INFO - Mqtt Inserted to the Database
2025-01-29 02:22:06,761 - INFO - Mqtt Inserted to the Database
2025-01-29 02:22:17,843 - INFO - Mqtt Inserted to the Database
2025-01-29 02:22:46,956 - INFO - Mqtt Inserted to the Database
2025-01-29 02:22:58,022 - INFO - Mqtt Inserted to the Database
2025-01-29 02:23:18,129 - INFO - Mqtt Inserted to the Database
2025-01-29 02:23:27,157 - INFO - Mqtt Inserted to the Database
2025-01-29 02:23:58,255 - INFO - Mqtt Inserted to the Database
2025-01-29 02:24:07,284 - INFO - Mqtt Inserted to the Database
2025-01-29 02:24:38,414 - INFO - Mqtt Inserted to the Database
2025-01-29 02:24:47,447 - INFO - Mqtt Inserted to the Database
2025-01-29 02:25:18,575 - INFO - Mqtt Inserted to the Database
2025-01-29 02:25:27,630 - INFO - Mqtt Inserted to the Database
2025-01-29 02:25:58,695 - INFO - Mqtt Inserted to the Database
2025-01-29 02:26:07,731 - INFO - Mqtt Inserted to the Database
2025-01-29 02:26:38,843 - INFO - Mqtt Inserted to the Database
2025-01-29 02:26:47,865 - INFO - Mqtt Inserted to the Database
2025-01-29 02:27:18,967 - INFO - Mqtt Inserted to the Database
2025-01-29 02:27:27,993 - INFO - Mqtt Inserted to the Database
2025-01-29 02:27:35,531 - INFO - package: mysql.connector.plugins
2025-01-29 02:27:35,531 - INFO - plugin_name: mysql_native_password
2025-01-29 02:27:35,531 - INFO - AUTHENTICATION_PLUGIN_CLASS: MySQLNativePasswordAuthPlugin
2025-01-29 02:27:45,697 - INFO - Mqtt Inserted to the Database
2025-01-29 02:27:54,737 - INFO - Mqtt Inserted to the Database
2025-01-29 02:28:03,794 - INFO - Mqtt Inserted to the Database
2025-01-29 02:28:12,844 - INFO - Mqtt Inserted to the Database
2025-01-29 02:28:21,883 - INFO - Mqtt Inserted to the Database
2025-01-29 02:28:52,976 - INFO - Mqtt Inserted to the Database
2025-01-29 02:29:02,009 - INFO - Mqtt Inserted to the Database
2025-01-29 02:29:33,118 - INFO - Mqtt Inserted to the Database
2025-01-29 02:29:42,166 - INFO - Mqtt Inserted to the Database
2025-01-29 02:30:13,263 - INFO - Mqtt Inserted to the Database
2025-01-29 02:30:22,313 - INFO - Mqtt Inserted to the Database
2025-01-29 02:30:53,400 - INFO - Mqtt Inserted to the Database
2025-01-29 02:31:02,420 - INFO - Mqtt Inserted to the Database
2025-01-29 02:31:33,480 - INFO - Mqtt Inserted to the Database
2025-01-29 02:31:42,508 - INFO - Mqtt Inserted to the Database
2025-01-29 02:32:13,613 - INFO - Mqtt Inserted to the Database
2025-01-29 02:32:22,654 - INFO - Mqtt Inserted to the Database
2025-01-29 02:32:53,768 - INFO - Mqtt Inserted to the Database
2025-01-29 02:33:02,801 - INFO - Mqtt Inserted to the Database
2025-01-29 02:33:33,890 - INFO - Mqtt Inserted to the Database
2025-01-29 02:33:42,922 - INFO - Mqtt Inserted to the Database
2025-01-29 02:34:14,022 - INFO - Mqtt Inserted to the Database
2025-01-29 02:34:23,067 - INFO - Mqtt Inserted to the Database
2025-01-29 02:34:54,171 - INFO - Mqtt Inserted to the Database
2025-01-29 02:35:03,218 - INFO - Mqtt Inserted to the Database
2025-01-29 02:35:34,321 - INFO - Mqtt Inserted to the Database
2025-01-29 02:35:43,369 - INFO - Mqtt Inserted to the Database
2025-01-29 02:36:14,470 - INFO - Mqtt Inserted to the Database
2025-01-29 02:36:23,504 - INFO - Mqtt Inserted to the Database
2025-01-29 02:36:54,567 - INFO - Mqtt Inserted to the Database
2025-01-29 02:37:03,600 - INFO - Mqtt Inserted to the Database
2025-01-29 02:37:34,706 - INFO - Mqtt Inserted to the Database
2025-01-29 02:37:43,741 - INFO - Mqtt Inserted to the Database
2025-01-29 02:38:14,853 - INFO - Mqtt Inserted to the Database
2025-01-29 02:38:23,889 - INFO - Mqtt Inserted to the Database
2025-01-29 02:38:54,991 - INFO - Mqtt Inserted to the Database
2025-01-29 02:39:04,039 - INFO - Mqtt Inserted to the Database
2025-01-29 02:39:35,131 - INFO - Mqtt Inserted to the Database
2025-01-29 02:39:44,177 - INFO - Mqtt Inserted to the Database
2025-01-29 02:40:15,281 - INFO - Mqtt Inserted to the Database
2025-01-29 02:40:24,317 - INFO - Mqtt Inserted to the Database
2025-01-29 02:40:55,406 - INFO - Mqtt Inserted to the Database
2025-01-29 02:41:04,452 - INFO - Mqtt Inserted to the Database
2025-01-29 02:41:35,552 - INFO - Mqtt Inserted to the Database
2025-01-29 02:41:44,588 - INFO - Mqtt Inserted to the Database
2025-01-29 02:42:15,663 - INFO - Mqtt Inserted to the Database
2025-01-29 02:42:24,701 - INFO - Mqtt Inserted to the Database
2025-01-29 02:42:55,781 - INFO - Mqtt Inserted to the Database
2025-01-29 02:43:04,832 - INFO - Mqtt Inserted to the Database
2025-01-29 02:43:35,931 - INFO - Mqtt Inserted to the Database
2025-01-29 02:43:44,966 - INFO - Mqtt Inserted to the Database
2025-01-29 02:44:16,067 - INFO - Mqtt Inserted to the Database
2025-01-29 02:44:25,106 - INFO - Mqtt Inserted to the Database
2025-01-29 02:44:56,204 - INFO - Mqtt Inserted to the Database
2025-01-29 02:45:05,247 - INFO - Mqtt Inserted to the Database
2025-01-29 02:45:36,350 - INFO - Mqtt Inserted to the Database
2025-01-29 02:45:45,388 - INFO - Mqtt Inserted to the Database
2025-01-29 02:46:16,504 - INFO - Mqtt Inserted to the Database
2025-01-29 02:46:25,549 - INFO - Mqtt Inserted to the Database
2025-01-29 02:46:56,637 - INFO - Mqtt Inserted to the Database
2025-01-29 02:47:05,669 - INFO - Mqtt Inserted to the Database
2025-01-29 02:47:36,739 - INFO - Mqtt Inserted to the Database
2025-01-29 02:47:45,785 - INFO - Mqtt Inserted to the Database
2025-01-29 02:48:16,864 - INFO - Mqtt Inserted to the Database
2025-01-29 02:48:25,907 - INFO - Mqtt Inserted to the Database
2025-01-29 02:48:57,008 - INFO - Mqtt Inserted to the Database
2025-01-29 02:49:06,054 - INFO - Mqtt Inserted to the Database
2025-01-29 02:49:37,159 - INFO - Mqtt Inserted to the Database
2025-01-29 02:49:46,207 - INFO - Mqtt Inserted to the Database
2025-01-29 02:50:17,305 - INFO - Mqtt Inserted to the Database
2025-01-29 02:50:26,352 - INFO - Mqtt Inserted to the Database
2025-01-29 02:50:57,458 - INFO - Mqtt Inserted to the Database
2025-01-29 02:51:06,499 - INFO - Mqtt Inserted to the Database
2025-01-29 02:51:37,616 - INFO - Mqtt Inserted to the Database
2025-01-29 02:51:46,664 - INFO - Mqtt Inserted to the Database
2025-01-29 02:52:17,736 - INFO - Mqtt Inserted to the Database
2025-01-29 02:52:26,757 - INFO - Mqtt Inserted to the Database
2025-01-29 02:52:57,858 - INFO - Mqtt Inserted to the Database
2025-01-29 02:53:06,904 - INFO - Mqtt Inserted to the Database
2025-01-29 02:53:38,014 - INFO - Mqtt Inserted to the Database
2025-01-29 02:53:47,066 - INFO - Mqtt Inserted to the Database
2025-01-29 09:01:39,026 - INFO - Mqtt Inserted to the Database
2025-01-29 09:02:11,473 - INFO - package: mysql.connector.plugins
2025-01-29 09:02:11,473 - INFO - plugin_name: mysql_native_password
2025-01-29 09:02:11,473 - INFO - AUTHENTICATION_PLUGIN_CLASS: MySQLNativePasswordAuthPlugin
2025-01-29 09:02:21,580 - INFO - Mqtt Inserted to the Database
2025-01-29 09:02:30,600 - INFO - Mqtt Inserted to the Database
2025-01-29 09:02:39,625 - INFO - Mqtt Inserted to the Database
2025-01-29 09:02:48,649 - INFO - Mqtt Inserted to the Database
2025-01-29 09:02:57,677 - INFO - Mqtt Inserted to the Database
2025-01-29 09:03:28,760 - INFO - Mqtt Inserted to the Database
2025-01-29 09:03:37,795 - INFO - Mqtt Inserted to the Database
2025-01-29 09:04:08,899 - INFO - Mqtt Inserted to the Database
2025-01-29 09:04:17,935 - INFO - Mqtt Inserted to the Database
2025-01-29 09:04:49,043 - INFO - Mqtt Inserted to the Database
2025-01-29 09:04:58,085 - INFO - Mqtt Inserted to the Database
2025-01-29 09:05:29,186 - INFO - Mqtt Inserted to the Database
2025-01-29 09:05:38,221 - INFO - Mqtt Inserted to the Database
2025-01-29 09:12:42,775 - INFO - package: mysql.connector.plugins
2025-01-29 09:12:42,792 - INFO - plugin_name: mysql_native_password
2025-01-29 09:12:42,792 - INFO - AUTHENTICATION_PLUGIN_CLASS: MySQLNativePasswordAuthPlugin
2025-01-29 09:12:53,090 - INFO - Mqtt Inserted to the Database
2025-01-29 09:13:02,148 - INFO - Mqtt Inserted to the Database
2025-01-29 09:13:11,189 - INFO - Mqtt Inserted to the Database
2025-01-29 09:14:06,914 - INFO - package: mysql.connector.plugins
2025-01-29 09:14:06,914 - INFO - plugin_name: mysql_native_password
2025-01-29 09:14:06,914 - INFO - AUTHENTICATION_PLUGIN_CLASS: MySQLNativePasswordAuthPlugin
2025-01-29 09:14:17,108 - INFO - Mqtt Inserted to the Database
2025-01-29 09:14:26,162 - INFO - Mqtt Inserted to the Database
2025-01-29 09:14:35,198 - INFO - Mqtt Inserted to the Database
2025-01-29 09:15:29,224 - INFO - package: mysql.connector.plugins
2025-01-29 09:15:29,224 - INFO - plugin_name: mysql_native_password
2025-01-29 09:15:29,224 - INFO - AUTHENTICATION_PLUGIN_CLASS: MySQLNativePasswordAuthPlugin
2025-01-29 09:15:39,410 - INFO - Mqtt Inserted to the Database
2025-01-29 09:15:48,445 - INFO - Mqtt Inserted to the Database
2025-01-29 09:15:57,482 - INFO - Mqtt Inserted to the Database
2025-01-29 09:16:14,815 - INFO - package: mysql.connector.plugins
2025-01-29 09:16:14,815 - INFO - plugin_name: mysql_native_password
2025-01-29 09:16:14,815 - INFO - AUTHENTICATION_PLUGIN_CLASS: MySQLNativePasswordAuthPlugin
2025-01-29 09:16:25,005 - INFO - Mqtt Inserted to the Database
2025-01-29 09:16:34,071 - INFO - Mqtt Inserted to the Database
2025-01-29 09:16:43,110 - INFO - Mqtt Inserted to the Database
2025-01-29 09:21:38,467 - INFO - package: mysql.connector.plugins
2025-01-29 09:21:38,468 - INFO - plugin_name: mysql_native_password
2025-01-29 09:21:38,475 - INFO - AUTHENTICATION_PLUGIN_CLASS: MySQLNativePasswordAuthPlugin
2025-01-29 09:21:48,766 - INFO - Mqtt Inserted to the Database
2025-01-29 09:21:57,787 - INFO - Mqtt Inserted to the Database
2025-01-29 09:22:06,808 - INFO - Mqtt Inserted to the Database
2025-01-29 09:22:38,302 - INFO - package: mysql.connector.plugins
2025-01-29 09:22:38,302 - INFO - plugin_name: mysql_native_password
2025-01-29 09:22:38,303 - INFO - AUTHENTICATION_PLUGIN_CLASS: MySQLNativePasswordAuthPlugin
2025-01-29 09:22:48,193 - INFO - Mqtt Inserted to the Database
2025-01-29 09:22:51,241 - INFO - Mqtt Inserted to the Database
2025-01-29 09:23:00,284 - INFO - Mqtt Inserted to the Database
2025-01-29 09:23:03,289 - INFO - Mqtt Inserted to the Database
2025-01-29 09:23:12,312 - INFO - Mqtt Inserted to the Database
2025-01-29 09:23:15,323 - INFO - Mqtt Inserted to the Database
2025-01-29 09:24:18,517 - INFO - package: mysql.connector.plugins
2025-01-29 09:24:18,518 - INFO - plugin_name: mysql_native_password
2025-01-29 09:24:18,518 - INFO - AUTHENTICATION_PLUGIN_CLASS: MySQLNativePasswordAuthPlugin
2025-01-29 09:24:28,707 - INFO - Mqtt Inserted to the Database
2025-01-29 09:24:46,763 - INFO - Mqtt Inserted to the Database
2025-01-29 09:25:04,807 - INFO - Mqtt Inserted to the Database
2025-01-29 09:31:06,270 - INFO - package: mysql.connector.plugins
2025-01-29 09:31:06,270 - INFO - plugin_name: mysql_native_password
2025-01-29 09:31:06,271 - INFO - AUTHENTICATION_PLUGIN_CLASS: MySQLNativePasswordAuthPlugin
2025-01-29 09:31:16,204 - INFO - Mqtt Inserted to the Database
2025-01-29 09:31:25,230 - INFO - Mqtt Inserted to the Database
2025-01-29 09:31:34,261 - INFO - Mqtt Inserted to the Database
2025-01-29 09:31:43,288 - INFO - Mqtt Inserted to the Database
2025-01-29 09:31:52,329 - INFO - Mqtt Inserted to the Database
2025-01-29 09:32:01,340 - INFO - Mqtt Inserted to the Database
2025-01-29 09:33:44,307 - INFO - package: mysql.connector.plugins
2025-01-29 09:33:44,308 - INFO - plugin_name: mysql_native_password
2025-01-29 09:33:44,309 - INFO - AUTHENTICATION_PLUGIN_CLASS: MySQLNativePasswordAuthPlugin
2025-01-29 09:33:56,042 - INFO - Mqtt Inserted to the Database
2025-01-29 09:34:14,090 - INFO - Mqtt Inserted to the Database
2025-01-29 09:34:32,153 - INFO - Mqtt Inserted to the Database
2025-01-29 09:38:23,276 - INFO - package: mysql.connector.plugins
2025-01-29 09:38:23,276 - INFO - plugin_name: mysql_native_password
2025-01-29 09:38:23,277 - INFO - AUTHENTICATION_PLUGIN_CLASS: MySQLNativePasswordAuthPlugin
2025-01-29 09:38:35,540 - INFO - Mqtt Inserted to the Database
2025-01-29 09:38:44,572 - INFO - Mqtt Inserted to the Database
2025-01-29 09:38:53,622 - INFO - Mqtt Inserted to the Database
2025-01-29 09:39:02,650 - INFO - Mqtt Inserted to the Database
2025-01-29 09:39:11,689 - INFO - Mqtt Inserted to the Database
2025-01-29 09:39:20,716 - INFO - Mqtt Inserted to the Database
2025-01-29 09:41:14,220 - INFO - package: mysql.connector.plugins
2025-01-29 09:41:14,220 - INFO - plugin_name: mysql_native_password
2025-01-29 09:41:14,220 - INFO - AUTHENTICATION_PLUGIN_CLASS: MySQLNativePasswordAuthPlugin
2025-01-29 09:41:24,400 - INFO - Mqtt Inserted to the Database
2025-01-29 09:41:42,426 - INFO - Mqtt Inserted to the Database
2025-01-29 09:42:00,454 - INFO - Mqtt Inserted to the Database
2025-01-29 09:49:45,288 - INFO - Mqtt Inserted to the Database
2025-01-29 09:49:54,319 - INFO - Mqtt Inserted to the Database
2025-01-29 09:50:03,361 - INFO - Mqtt Inserted to the Database
2025-01-29 09:50:12,387 - INFO - Mqtt Inserted to the Database
2025-01-29 09:50:21,405 - INFO - Mqtt Inserted to the Database
2025-01-29 09:50:39,466 - INFO - Mqtt Inserted to the Database
2025-01-29 09:50:57,523 - INFO - Mqtt Inserted to the Database
2025-01-29 09:51:15,578 - INFO - Mqtt Inserted to the Database
2025-01-29 09:51:33,632 - INFO - Mqtt Inserted to the Database
2025-01-29 09:51:51,697 - INFO - Mqtt Inserted to the Database
2025-01-29 09:52:09,757 - INFO - Mqtt Inserted to the Database
2025-01-29 09:52:27,810 - INFO - Mqtt Inserted to the Database
2025-01-29 09:52:45,856 - INFO - Mqtt Inserted to the Database
2025-01-29 10:11:51,577 - INFO - package: mysql.connector.plugins
2025-01-29 10:11:51,577 - INFO - plugin_name: mysql_native_password
2025-01-29 10:11:51,578 - INFO - AUTHENTICATION_PLUGIN_CLASS: MySQLNativePasswordAuthPlugin
2025-01-29 10:11:52,860 - ERROR - MQTT Broker Connection Failed!
2025-01-29 10:12:11,270 - ERROR - MQTT Broker Connection Failed!
2025-01-29 10:12:29,598 - ERROR - MQTT Broker Connection Failed!
2025-01-29 10:12:46,819 - ERROR - MQTT Broker Connection Failed!
2025-01-29 10:13:04,836 - ERROR - MQTT Broker Connection Failed!
2025-01-29 10:13:20,657 - INFO - package: mysql.connector.plugins
2025-01-29 10:13:20,658 - INFO - plugin_name: mysql_native_password
2025-01-29 10:13:20,658 - INFO - AUTHENTICATION_PLUGIN_CLASS: MySQLNativePasswordAuthPlugin
2025-01-29 10:13:28,452 - ERROR - MQTT Broker Connection Failed!
2025-01-29 10:13:51,228 - ERROR - MQTT Broker Connection Failed!
2025-01-29 10:14:14,611 - ERROR - MQTT Broker Connection Failed!
2025-01-29 10:16:30,736 - INFO - package: mysql.connector.plugins
2025-01-29 10:16:30,736 - INFO - plugin_name: mysql_native_password
2025-01-29 10:16:30,737 - INFO - AUTHENTICATION_PLUGIN_CLASS: MySQLNativePasswordAuthPlugin
2025-01-29 10:16:36,587 - ERROR - MQTT Broker Connection Failed!
2025-01-29 10:16:57,929 - ERROR - MQTT Broker Connection Failed!
2025-01-29 10:17:18,967 - INFO - package: mysql.connector.plugins
2025-01-29 10:17:18,967 - INFO - plugin_name: mysql_native_password
2025-01-29 10:17:18,968 - INFO - AUTHENTICATION_PLUGIN_CLASS: MySQLNativePasswordAuthPlugin
2025-01-29 10:17:25,116 - ERROR - MQTT Broker Connection Failed!
2025-01-29 10:17:46,018 - ERROR - MQTT Broker Connection Failed!
2025-01-29 10:18:07,201 - ERROR - MQTT Broker Connection Failed!
2025-01-29 10:18:09,661 - INFO - package: mysql.connector.plugins
2025-01-29 10:18:09,662 - INFO - plugin_name: mysql_native_password
2025-01-29 10:18:09,662 - INFO - AUTHENTICATION_PLUGIN_CLASS: MySQLNativePasswordAuthPlugin
2025-01-29 10:18:15,736 - ERROR - MQTT Broker Connection Failed!
2025-01-29 10:18:36,613 - ERROR - MQTT Broker Connection Failed!
2025-01-29 10:18:57,810 - ERROR - MQTT Broker Connection Failed!
2025-01-29 10:19:18,726 - ERROR - MQTT Broker Connection Failed!
2025-01-29 10:19:39,934 - ERROR - MQTT Broker Connection Failed!
2025-01-29 10:20:00,848 - ERROR - MQTT Broker Connection Failed!
2025-01-29 10:20:21,721 - ERROR - MQTT Broker Connection Failed!
2025-01-29 10:20:42,603 - ERROR - MQTT Broker Connection Failed!
2025-01-29 10:20:58,097 - INFO - package: mysql.connector.plugins
2025-01-29 10:20:58,098 - INFO - plugin_name: mysql_native_password
2025-01-29 10:20:58,098 - INFO - AUTHENTICATION_PLUGIN_CLASS: MySQLNativePasswordAuthPlugin
2025-01-29 10:21:04,299 - ERROR - MQTT Broker Connection Failed!
2025-01-29 10:21:25,360 - ERROR - MQTT Broker Connection Failed!
2025-01-29 10:21:46,244 - ERROR - MQTT Broker Connection Failed!
2025-01-29 10:22:07,170 - ERROR - MQTT Broker Connection Failed!
2025-01-29 10:22:17,909 - INFO - package: mysql.connector.plugins
2025-01-29 10:22:17,910 - INFO - plugin_name: mysql_native_password
2025-01-29 10:22:17,911 - INFO - AUTHENTICATION_PLUGIN_CLASS: MySQLNativePasswordAuthPlugin
2025-01-29 10:22:27,967 - ERROR - MQTT Broker Connection Failed!
2025-01-29 10:22:48,839 - ERROR - MQTT Broker Connection Failed!
2025-01-29 10:22:57,883 - ERROR - MQTT Broker Connection Failed!
2025-01-29 10:23:09,684 - ERROR - MQTT Broker Connection Failed!
2025-01-29 10:23:30,793 - ERROR - MQTT Broker Connection Failed!
2025-01-29 10:23:51,968 - ERROR - MQTT Broker Connection Failed!
2025-01-29 10:24:12,811 - ERROR - MQTT Broker Connection Failed!
2025-01-29 10:24:33,634 - ERROR - MQTT Broker Connection Failed!
2025-01-29 10:24:54,727 - ERROR - MQTT Broker Connection Failed!
2025-01-29 10:25:15,899 - ERROR - MQTT Broker Connection Failed!
2025-01-29 10:25:31,249 - INFO - package: mysql.connector.plugins
2025-01-29 10:25:31,250 - INFO - plugin_name: mysql_native_password
2025-01-29 10:25:31,250 - INFO - AUTHENTICATION_PLUGIN_CLASS: MySQLNativePasswordAuthPlugin
2025-01-29 10:25:37,411 - ERROR - MQTT Broker Connection Failed!
2025-01-29 10:25:58,535 - ERROR - MQTT Broker Connection Failed!
2025-01-29 10:26:19,641 - ERROR - MQTT Broker Connection Failed!
2025-01-29 10:26:40,810 - ERROR - MQTT Broker Connection Failed!
2025-01-29 10:26:46,019 - INFO - package: mysql.connector.plugins
2025-01-29 10:26:46,020 - INFO - plugin_name: mysql_native_password
2025-01-29 10:26:46,020 - INFO - AUTHENTICATION_PLUGIN_CLASS: MySQLNativePasswordAuthPlugin
2025-01-29 10:26:51,918 - ERROR - MQTT Broker Connection Failed!
2025-01-29 10:27:13,056 - ERROR - MQTT Broker Connection Failed!
2025-01-29 10:27:33,967 - ERROR - MQTT Broker Connection Failed!
2025-01-29 10:27:55,078 - ERROR - MQTT Broker Connection Failed!
2025-01-29 10:28:05,189 - INFO - package: mysql.connector.plugins
2025-01-29 10:28:05,189 - INFO - plugin_name: mysql_native_password
2025-01-29 10:28:05,189 - INFO - AUTHENTICATION_PLUGIN_CLASS: MySQLNativePasswordAuthPlugin
2025-01-29 10:28:11,289 - ERROR - MQTT Broker Connection Failed!
2025-01-29 10:28:32,375 - ERROR - MQTT Broker Connection Failed!
2025-01-29 10:28:53,287 - ERROR - MQTT Broker Connection Failed!
2025-01-29 10:29:14,127 - ERROR - MQTT Broker Connection Failed!
2025-01-29 10:29:35,212 - ERROR - MQTT Broker Connection Failed!
2025-01-29 10:29:56,066 - ERROR - MQTT Broker Connection Failed!
2025-01-29 10:30:17,145 - ERROR - MQTT Broker Connection Failed!
2025-01-29 10:30:37,966 - ERROR - MQTT Broker Connection Failed!
2025-01-29 10:30:58,881 - ERROR - MQTT Broker Connection Failed!
2025-01-29 10:31:19,708 - ERROR - MQTT Broker Connection Failed!
2025-01-29 10:31:40,808 - ERROR - MQTT Broker Connection Failed!
2025-01-29 10:32:02,016 - ERROR - MQTT Broker Connection Failed!
2025-01-29 10:32:23,093 - ERROR - MQTT Broker Connection Failed!
2025-01-29 10:32:45,091 - ERROR - MQTT Broker Connection Failed!
2025-01-29 10:33:06,014 - ERROR - MQTT Broker Connection Failed!
2025-01-29 10:33:27,404 - ERROR - MQTT Broker Connection Failed!
2025-01-29 10:33:42,214 - INFO - package: mysql.connector.plugins
2025-01-29 10:33:42,214 - INFO - plugin_name: mysql_native_password
2025-01-29 10:33:42,215 - INFO - AUTHENTICATION_PLUGIN_CLASS: MySQLNativePasswordAuthPlugin
2025-01-29 10:33:48,269 - ERROR - MQTT Broker Connection Failed!
2025-01-29 10:34:09,068 - ERROR - MQTT Broker Connection Failed!
2025-01-29 10:34:30,144 - ERROR - MQTT Broker Connection Failed!
2025-01-29 10:34:51,059 - ERROR - MQTT Broker Connection Failed!
2025-01-29 10:35:11,943 - ERROR - MQTT Broker Connection Failed!
2025-01-29 10:35:33,102 - ERROR - MQTT Broker Connection Failed!
2025-01-29 10:35:54,166 - ERROR - MQTT Broker Connection Failed!
2025-01-29 10:36:01,553 - INFO - package: mysql.connector.plugins
2025-01-29 10:36:01,553 - INFO - plugin_name: mysql_native_password
2025-01-29 10:36:01,554 - INFO - AUTHENTICATION_PLUGIN_CLASS: MySQLNativePasswordAuthPlugin
2025-01-29 10:36:11,995 - INFO - Mqtt Inserted to the Database
2025-01-29 10:38:17,210 - INFO - package: mysql.connector.plugins
2025-01-29 10:38:17,210 - INFO - plugin_name: mysql_native_password
2025-01-29 10:38:17,211 - INFO - AUTHENTICATION_PLUGIN_CLASS: MySQLNativePasswordAuthPlugin
2025-01-29 10:38:27,475 - INFO - Mqtt Inserted to the Database
2025-01-29 10:38:37,491 - INFO - Mqtt Inserted to the Database
2025-01-29 10:38:47,528 - INFO - Mqtt Inserted to the Database
2025-01-29 10:38:57,579 - INFO - Mqtt Inserted to the Database
2025-01-29 10:39:07,617 - INFO - Mqtt Inserted to the Database
2025-01-29 10:39:35,722 - INFO - Mqtt Inserted to the Database
2025-01-29 10:39:45,771 - INFO - Mqtt Inserted to the Database
2025-01-29 10:40:12,935 - INFO - package: mysql.connector.plugins
2025-01-29 10:40:12,935 - INFO - plugin_name: mysql_native_password
2025-01-29 10:40:12,935 - INFO - AUTHENTICATION_PLUGIN_CLASS: MySQLNativePasswordAuthPlugin
2025-01-29 10:40:22,913 - INFO - Mqtt Inserted to the Database
2025-01-29 10:40:32,963 - INFO - Mqtt Inserted to the Database
2025-01-29 10:40:43,012 - INFO - Mqtt Inserted to the Database
2025-01-29 10:40:53,061 - INFO - Mqtt Inserted to the Database
2025-01-29 10:41:03,086 - INFO - Mqtt Inserted to the Database
2025-01-29 10:41:09,032 - INFO - package: mysql.connector.plugins
2025-01-29 10:41:09,033 - INFO - plugin_name: mysql_native_password
2025-01-29 10:41:09,033 - INFO - AUTHENTICATION_PLUGIN_CLASS: MySQLNativePasswordAuthPlugin
2025-01-29 10:41:18,920 - INFO - Mqtt Inserted to the Database
2025-01-29 10:41:33,756 - INFO - package: mysql.connector.plugins
2025-01-29 10:41:33,756 - INFO - plugin_name: mysql_native_password
2025-01-29 10:41:33,757 - INFO - AUTHENTICATION_PLUGIN_CLASS: MySQLNativePasswordAuthPlugin
2025-01-29 10:41:43,962 - INFO - Mqtt Inserted to the Database
2025-01-29 10:41:54,005 - INFO - Mqtt Inserted to the Database
2025-01-29 10:42:04,031 - INFO - Mqtt Inserted to the Database
2025-01-29 10:42:14,080 - INFO - Mqtt Inserted to the Database
2025-01-29 10:42:24,128 - INFO - Mqtt Inserted to the Database
2025-01-29 10:42:52,244 - INFO - Mqtt Inserted to the Database
2025-01-29 10:42:56,377 - INFO - package: mysql.connector.plugins
2025-01-29 10:42:56,377 - INFO - plugin_name: mysql_native_password
2025-01-29 10:42:56,377 - INFO - AUTHENTICATION_PLUGIN_CLASS: MySQLNativePasswordAuthPlugin
2025-01-29 10:43:15,585 - INFO - Mqtt Inserted to the Database
2025-01-29 10:43:25,630 - INFO - Mqtt Inserted to the Database
2025-01-29 10:43:35,675 - INFO - Mqtt Inserted to the Database
2025-01-29 10:43:45,724 - INFO - Mqtt Inserted to the Database
2025-01-29 10:43:53,228 - INFO - package: mysql.connector.plugins
2025-01-29 10:43:53,229 - INFO - plugin_name: mysql_native_password
2025-01-29 10:43:53,229 - INFO - AUTHENTICATION_PLUGIN_CLASS: MySQLNativePasswordAuthPlugin
2025-01-29 10:44:03,498 - INFO - Mqtt Inserted to the Database
2025-01-29 10:44:13,526 - INFO - Mqtt Inserted to the Database
2025-01-29 10:44:23,566 - INFO - Mqtt Inserted to the Database
2025-01-29 10:44:33,616 - INFO - Mqtt Inserted to the Database
2025-01-29 10:44:43,654 - INFO - Mqtt Inserted to the Database
2025-01-29 10:45:11,748 - INFO - Mqtt Inserted to the Database
2025-01-29 10:45:21,779 - INFO - Mqtt Inserted to the Database
2025-01-29 10:45:49,862 - INFO - Mqtt Inserted to the Database
2025-01-29 10:45:57,068 - INFO - package: mysql.connector.plugins
2025-01-29 10:45:57,068 - INFO - plugin_name: mysql_native_password
2025-01-29 10:45:57,069 - INFO - AUTHENTICATION_PLUGIN_CLASS: MySQLNativePasswordAuthPlugin
2025-01-29 10:46:20,033 - INFO - Mqtt Inserted to the Database
2025-01-29 10:46:25,057 - INFO - Mqtt Inserted to the Database
2025-01-29 10:46:35,097 - INFO - Mqtt Inserted to the Database
2025-01-29 10:46:40,118 - INFO - Mqtt Inserted to the Database
2025-01-29 10:46:50,163 - INFO - Mqtt Inserted to the Database
2025-01-29 10:46:55,195 - INFO - Mqtt Inserted to the Database
2025-01-29 10:47:05,228 - INFO - Mqtt Inserted to the Database
2025-01-29 10:47:10,249 - INFO - Mqtt Inserted to the Database
2025-01-29 10:47:20,276 - INFO - Mqtt Inserted to the Database
2025-01-29 10:47:25,297 - INFO - Mqtt Inserted to the Database
2025-01-29 10:47:35,325 - INFO - Mqtt Inserted to the Database
2025-01-29 10:47:40,356 - INFO - Mqtt Inserted to the Database
2025-01-29 10:47:50,397 - INFO - Mqtt Inserted to the Database
2025-01-29 10:47:55,418 - INFO - Mqtt Inserted to the Database
2025-01-29 10:48:05,455 - INFO - Mqtt Inserted to the Database
2025-01-29 10:48:10,475 - INFO - Mqtt Inserted to the Database
2025-01-29 10:48:30,115 - INFO - package: mysql.connector.plugins
2025-01-29 10:48:30,116 - INFO - plugin_name: mysql_native_password
2025-01-29 10:48:30,116 - INFO - AUTHENTICATION_PLUGIN_CLASS: MySQLNativePasswordAuthPlugin
2025-01-29 10:48:40,309 - INFO - Mqtt Inserted to the Database
2025-01-29 10:48:45,324 - INFO - Mqtt Inserted to the Database
2025-01-29 10:48:55,362 - INFO - Mqtt Inserted to the Database
2025-01-29 10:49:00,390 - INFO - Mqtt Inserted to the Database
2025-01-29 10:49:10,432 - INFO - Mqtt Inserted to the Database
2025-01-29 10:49:15,456 - INFO - Mqtt Inserted to the Database
2025-01-29 10:50:37,720 - INFO - package: mysql.connector.plugins
2025-01-29 10:50:37,720 - INFO - plugin_name: mysql_native_password
2025-01-29 10:50:37,721 - INFO - AUTHENTICATION_PLUGIN_CLASS: MySQLNativePasswordAuthPlugin
2025-01-29 10:50:48,018 - INFO - Mqtt Inserted to the Database
2025-01-29 10:50:53,040 - INFO - Mqtt Inserted to the Database
2025-01-29 10:51:03,075 - INFO - Mqtt Inserted to the Database
2025-01-29 10:51:08,097 - INFO - Mqtt Inserted to the Database
2025-01-29 10:51:18,133 - INFO - Mqtt Inserted to the Database
2025-01-29 10:51:23,156 - INFO - Mqtt Inserted to the Database
2025-01-29 10:51:33,198 - INFO - Mqtt Inserted to the Database
2025-01-29 10:51:38,219 - INFO - Mqtt Inserted to the Database
2025-01-29 10:51:48,267 - INFO - Mqtt Inserted to the Database
2025-01-29 10:51:53,291 - INFO - Mqtt Inserted to the Database
2025-01-29 10:52:03,327 - INFO - Mqtt Inserted to the Database
2025-01-29 10:52:08,353 - INFO - Mqtt Inserted to the Database
2025-01-29 10:52:18,404 - INFO - Mqtt Inserted to the Database
2025-01-29 10:52:23,430 - INFO - Mqtt Inserted to the Database
2025-01-29 10:52:33,475 - INFO - Mqtt Inserted to the Database
2025-01-29 10:52:38,504 - INFO - Mqtt Inserted to the Database
2025-01-29 11:06:45,402 - INFO - package: mysql.connector.plugins
2025-01-29 11:06:45,402 - INFO - plugin_name: mysql_native_password
2025-01-29 11:06:45,403 - INFO - AUTHENTICATION_PLUGIN_CLASS: MySQLNativePasswordAuthPlugin
2025-01-29 11:06:55,688 - INFO - Mqtt Inserted to the Database
2025-01-29 11:07:05,724 - INFO - Mqtt Inserted to the Database
2025-01-29 11:07:15,767 - INFO - Mqtt Inserted to the Database
2025-01-29 11:07:25,811 - INFO - Mqtt Inserted to the Database
2025-01-29 11:07:35,856 - INFO - Mqtt Inserted to the Database
2025-01-29 11:08:03,941 - INFO - Mqtt Inserted to the Database
2025-01-29 11:08:13,993 - INFO - Mqtt Inserted to the Database
2025-01-29 11:08:42,102 - INFO - Mqtt Inserted to the Database
2025-01-29 11:08:52,151 - INFO - Mqtt Inserted to the Database
2025-01-29 11:09:20,246 - INFO - Mqtt Inserted to the Database
2025-01-29 11:09:30,292 - INFO - Mqtt Inserted to the Database
2025-01-29 11:09:58,371 - INFO - Mqtt Inserted to the Database
2025-01-29 11:10:08,414 - INFO - Mqtt Inserted to the Database
2025-01-29 11:10:36,526 - INFO - Mqtt Inserted to the Database
2025-01-29 11:10:46,575 - INFO - Mqtt Inserted to the Database
2025-01-29 11:11:14,666 - INFO - Mqtt Inserted to the Database
2025-01-29 11:11:24,714 - INFO - Mqtt Inserted to the Database
2025-01-29 11:11:52,800 - INFO - Mqtt Inserted to the Database
2025-01-29 11:12:02,826 - INFO - Mqtt Inserted to the Database
2025-01-29 11:12:30,931 - INFO - Mqtt Inserted to the Database
2025-01-29 11:12:40,969 - INFO - Mqtt Inserted to the Database
2025-01-29 11:13:09,076 - INFO - Mqtt Inserted to the Database
2025-01-29 11:13:19,119 - INFO - Mqtt Inserted to the Database
2025-01-29 11:13:47,213 - INFO - Mqtt Inserted to the Database
2025-01-29 11:13:57,258 - INFO - Mqtt Inserted to the Database
2025-01-29 11:14:25,350 - INFO - Mqtt Inserted to the Database
2025-01-29 11:14:35,390 - INFO - Mqtt Inserted to the Database
2025-01-29 11:15:03,483 - INFO - Mqtt Inserted to the Database
2025-01-29 11:15:13,531 - INFO - Mqtt Inserted to the Database
2025-01-29 11:15:43,577 - INFO - Mqtt Inserted to the Database
2025-01-29 11:15:53,628 - INFO - Mqtt Inserted to the Database
2025-01-29 11:16:23,731 - INFO - Mqtt Inserted to the Database
2025-01-29 11:16:33,779 - INFO - Mqtt Inserted to the Database
2025-01-29 11:17:03,851 - INFO - Mqtt Inserted to the Database
2025-01-29 11:17:13,880 - INFO - Mqtt Inserted to the Database
2025-01-29 11:17:44,019 - INFO - Mqtt Inserted to the Database
2025-01-29 11:17:54,063 - INFO - Mqtt Inserted to the Database
2025-01-29 11:18:01,275 - INFO - package: mysql.connector.plugins
2025-01-29 11:18:01,276 - INFO - plugin_name: mysql_native_password
2025-01-29 11:18:01,276 - INFO - AUTHENTICATION_PLUGIN_CLASS: MySQLNativePasswordAuthPlugin
2025-01-29 11:18:11,555 - INFO - Mqtt Inserted to the Database
2025-01-29 11:18:16,581 - INFO - Mqtt Inserted to the Database
2025-01-29 11:18:26,614 - INFO - Mqtt Inserted to the Database
2025-01-29 11:18:31,630 - INFO - Mqtt Inserted to the Database
2025-01-29 11:18:41,653 - INFO - Mqtt Inserted to the Database
2025-01-29 11:18:46,678 - INFO - Mqtt Inserted to the Database
2025-01-29 11:18:56,732 - INFO - Mqtt Inserted to the Database
2025-01-29 11:19:01,762 - INFO - Mqtt Inserted to the Database
2025-01-29 11:19:11,801 - INFO - Mqtt Inserted to the Database
2025-01-29 11:19:16,821 - INFO - Mqtt Inserted to the Database
2025-01-29 11:19:26,853 - INFO - Mqtt Inserted to the Database
2025-01-29 11:19:31,884 - INFO - Mqtt Inserted to the Database
2025-01-29 11:19:41,906 - INFO - Mqtt Inserted to the Database
2025-01-29 11:19:46,920 - INFO - Mqtt Inserted to the Database
2025-01-29 11:19:56,970 - INFO - Mqtt Inserted to the Database
2025-01-29 11:20:01,999 - INFO - Mqtt Inserted to the Database
2025-01-29 11:22:07,314 - INFO - package: mysql.connector.plugins
2025-01-29 11:22:07,314 - INFO - plugin_name: mysql_native_password
2025-01-29 11:22:07,315 - INFO - AUTHENTICATION_PLUGIN_CLASS: MySQLNativePasswordAuthPlugin
2025-01-29 11:22:17,441 - INFO - Mqtt Inserted to the Database
2025-01-29 11:22:22,457 - INFO - Mqtt Inserted to the Database
2025-01-29 11:22:32,499 - INFO - Mqtt Inserted to the Database
2025-01-29 11:22:37,519 - INFO - Mqtt Inserted to the Database
2025-01-29 11:22:47,573 - INFO - Mqtt Inserted to the Database
2025-01-29 11:22:52,602 - INFO - Mqtt Inserted to the Database
2025-01-29 11:23:02,645 - INFO - Mqtt Inserted to the Database
2025-01-29 11:23:07,676 - INFO - Mqtt Inserted to the Database
2025-01-29 11:23:17,720 - INFO - Mqtt Inserted to the Database
2025-01-29 11:23:22,743 - INFO - Mqtt Inserted to the Database
2025-01-29 11:23:32,784 - INFO - Mqtt Inserted to the Database
2025-01-29 11:23:37,804 - INFO - Mqtt Inserted to the Database
2025-01-29 11:23:47,849 - INFO - Mqtt Inserted to the Database
2025-01-29 11:23:52,867 - INFO - Mqtt Inserted to the Database
2025-01-29 11:24:02,897 - INFO - Mqtt Inserted to the Database
2025-01-29 11:24:07,916 - INFO - Mqtt Inserted to the Database
2025-01-29 11:25:16,633 - INFO - package: mysql.connector.plugins
2025-01-29 11:25:16,634 - INFO - plugin_name: mysql_native_password
2025-01-29 11:25:16,634 - INFO - AUTHENTICATION_PLUGIN_CLASS: MySQLNativePasswordAuthPlugin
2025-01-29 11:25:26,834 - INFO - Mqtt Inserted to the Database
2025-01-29 11:25:37,878 - INFO - Mqtt Inserted to the Database
2025-01-29 11:25:48,934 - INFO - Mqtt Inserted to the Database
2025-01-29 11:26:10,017 - INFO - Mqtt Inserted to the Database
2025-01-29 11:26:21,059 - INFO - Mqtt Inserted to the Database
2025-01-29 11:26:52,160 - INFO - Mqtt Inserted to the Database
2025-01-29 11:27:03,203 - INFO - Mqtt Inserted to the Database
2025-01-29 11:27:34,320 - INFO - Mqtt Inserted to the Database
2025-01-29 11:27:45,355 - INFO - Mqtt Inserted to the Database
2025-01-29 11:28:16,461 - INFO - Mqtt Inserted to the Database
2025-01-29 11:28:27,490 - INFO - Mqtt Inserted to the Database
2025-01-29 11:28:58,586 - INFO - Mqtt Inserted to the Database
2025-01-29 11:29:09,626 - INFO - Mqtt Inserted to the Database
2025-01-29 11:29:35,436 - INFO - package: mysql.connector.plugins
2025-01-29 11:29:35,436 - INFO - plugin_name: mysql_native_password
2025-01-29 11:29:35,437 - INFO - AUTHENTICATION_PLUGIN_CLASS: MySQLNativePasswordAuthPlugin
2025-01-29 11:29:46,620 - INFO - Mqtt Inserted to the Database
2025-01-29 11:29:57,674 - INFO - Mqtt Inserted to the Database
2025-01-29 11:30:08,723 - INFO - Mqtt Inserted to the Database
2025-01-29 11:30:19,772 - INFO - Mqtt Inserted to the Database
2025-01-29 11:30:30,827 - INFO - Mqtt Inserted to the Database
2025-01-29 11:31:01,942 - INFO - Mqtt Inserted to the Database
2025-01-29 11:31:12,999 - INFO - Mqtt Inserted to the Database
2025-01-29 11:31:24,057 - INFO - Mqtt Inserted to the Database
2025-01-29 11:31:35,111 - INFO - Mqtt Inserted to the Database
2025-01-29 11:32:06,234 - INFO - Mqtt Inserted to the Database
2025-01-29 11:32:17,282 - INFO - Mqtt Inserted to the Database
2025-01-29 11:32:48,396 - INFO - Mqtt Inserted to the Database
2025-01-29 11:32:59,437 - INFO - Mqtt Inserted to the Database
2025-01-29 11:33:30,530 - INFO - Mqtt Inserted to the Database
2025-01-29 11:33:41,574 - INFO - Mqtt Inserted to the Database
2025-01-29 11:34:12,684 - INFO - Mqtt Inserted to the Database
2025-01-29 11:34:23,739 - INFO - Mqtt Inserted to the Database
2025-01-29 11:34:54,856 - INFO - Mqtt Inserted to the Database
2025-01-29 11:35:05,910 - INFO - Mqtt Inserted to the Database
2025-01-29 11:35:37,017 - INFO - Mqtt Inserted to the Database
2025-01-29 11:35:48,073 - INFO - Mqtt Inserted to the Database
2025-01-29 11:36:19,196 - INFO - Mqtt Inserted to the Database
2025-01-29 11:36:30,256 - INFO - Mqtt Inserted to the Database
2025-01-29 11:37:01,390 - INFO - Mqtt Inserted to the Database
2025-01-29 11:43:22,303 - INFO - package: mysql.connector.plugins
2025-01-29 11:43:22,303 - INFO - plugin_name: mysql_native_password
2025-01-29 11:43:22,303 - INFO - AUTHENTICATION_PLUGIN_CLASS: MySQLNativePasswordAuthPlugin
2025-01-29 11:45:37,509 - INFO - package: mysql.connector.plugins
2025-01-29 11:45:37,509 - INFO - plugin_name: mysql_native_password
2025-01-29 11:45:37,510 - INFO - AUTHENTICATION_PLUGIN_CLASS: MySQLNativePasswordAuthPlugin
2025-01-29 11:45:47,776 - INFO - Mqtt Inserted to the Database
2025-01-29 11:45:58,821 - INFO - Mqtt Inserted to the Database
2025-01-29 11:46:09,857 - INFO - Mqtt Inserted to the Database
2025-01-29 11:46:20,902 - INFO - Mqtt Inserted to the Database
2025-01-29 11:46:31,959 - INFO - Mqtt Inserted to the Database
2025-01-29 11:47:03,097 - INFO - Mqtt Inserted to the Database
2025-01-29 11:47:14,146 - INFO - Mqtt Inserted to the Database
2025-01-29 11:47:45,265 - INFO - Mqtt Inserted to the Database
2025-01-29 11:47:56,317 - INFO - Mqtt Inserted to the Database
2025-01-29 11:48:27,406 - INFO - Mqtt Inserted to the Database
2025-01-29 11:48:38,460 - INFO - Mqtt Inserted to the Database
2025-01-29 11:49:09,571 - INFO - Mqtt Inserted to the Database
2025-01-29 11:49:20,609 - INFO - Mqtt Inserted to the Database
2025-01-29 11:49:51,719 - INFO - Mqtt Inserted to the Database
2025-01-29 11:49:54,676 - INFO - package: mysql.connector.plugins
2025-01-29 11:49:54,676 - INFO - plugin_name: mysql_native_password
2025-01-29 11:49:54,677 - INFO - AUTHENTICATION_PLUGIN_CLASS: MySQLNativePasswordAuthPlugin
2025-01-29 11:51:42,243 - INFO - package: mysql.connector.plugins
2025-01-29 11:51:42,243 - INFO - plugin_name: mysql_native_password
2025-01-29 11:51:42,244 - INFO - AUTHENTICATION_PLUGIN_CLASS: MySQLNativePasswordAuthPlugin
2025-01-29 11:52:22,279 - INFO - MacAdd is Not Available in tbl_work_center_setting 
2025-01-29 11:52:30,445 - INFO - MacAdd is Not Available in tbl_work_center_setting 
2025-01-29 11:55:05,301 - INFO - package: mysql.connector.plugins
2025-01-29 11:55:05,301 - INFO - plugin_name: mysql_native_password
2025-01-29 11:55:05,302 - INFO - AUTHENTICATION_PLUGIN_CLASS: MySQLNativePasswordAuthPlugin
2025-01-29 11:55:08,255 - ERROR - MQTT Broker Connection Failed!
2025-01-29 11:55:26,133 - ERROR - MQTT Broker Connection Failed!
2025-01-29 11:55:44,052 - ERROR - MQTT Broker Connection Failed!
2025-01-29 11:56:01,973 - ERROR - MQTT Broker Connection Failed!
2025-01-29 11:56:20,320 - INFO - package: mysql.connector.plugins
2025-01-29 11:56:20,320 - INFO - plugin_name: mysql_native_password
2025-01-29 11:56:20,321 - INFO - AUTHENTICATION_PLUGIN_CLASS: MySQLNativePasswordAuthPlugin
2025-01-29 11:57:08,289 - INFO - package: mysql.connector.plugins
2025-01-29 11:57:08,289 - INFO - plugin_name: mysql_native_password
2025-01-29 11:57:08,289 - INFO - AUTHENTICATION_PLUGIN_CLASS: MySQLNativePasswordAuthPlugin
2025-01-29 11:57:11,460 - ERROR - MQTT Broker Connection Failed!
2025-01-29 11:57:29,373 - ERROR - MQTT Broker Connection Failed!
2025-01-29 11:57:45,649 - INFO - package: mysql.connector.plugins
2025-01-29 11:57:45,650 - INFO - plugin_name: mysql_native_password
2025-01-29 11:57:45,650 - INFO - AUTHENTICATION_PLUGIN_CLASS: MySQLNativePasswordAuthPlugin
2025-01-29 11:57:48,746 - ERROR - MQTT Broker Connection Failed!
2025-01-29 11:57:55,539 - INFO - package: mysql.connector.plugins
2025-01-29 11:57:55,540 - INFO - plugin_name: mysql_native_password
2025-01-29 11:57:55,540 - INFO - AUTHENTICATION_PLUGIN_CLASS: MySQLNativePasswordAuthPlugin
2025-01-29 11:57:58,727 - ERROR - MQTT Broker Connection Failed!
2025-01-29 11:58:16,613 - ERROR - MQTT Broker Connection Failed!
2025-01-29 11:58:34,483 - ERROR - MQTT Broker Connection Failed!
2025-01-29 11:58:52,368 - ERROR - MQTT Broker Connection Failed!
2025-01-29 11:58:59,243 - INFO - package: mysql.connector.plugins
2025-01-29 11:58:59,244 - INFO - plugin_name: mysql_native_password
2025-01-29 11:58:59,244 - INFO - AUTHENTICATION_PLUGIN_CLASS: MySQLNativePasswordAuthPlugin
2025-01-29 11:59:02,126 - ERROR - MQTT Broker Connection Failed!
2025-01-29 11:59:09,235 - INFO - package: mysql.connector.plugins
2025-01-29 11:59:09,235 - INFO - plugin_name: mysql_native_password
2025-01-29 11:59:09,235 - INFO - AUTHENTICATION_PLUGIN_CLASS: MySQLNativePasswordAuthPlugin
2025-01-29 11:59:12,400 - ERROR - MQTT Broker Connection Failed!
2025-01-29 11:59:24,735 - INFO - package: mysql.connector.plugins
2025-01-29 11:59:24,735 - INFO - plugin_name: mysql_native_password
2025-01-29 11:59:24,736 - INFO - AUTHENTICATION_PLUGIN_CLASS: MySQLNativePasswordAuthPlugin
2025-01-29 12:01:46,288 - INFO - package: mysql.connector.plugins
2025-01-29 12:01:46,288 - INFO - plugin_name: mysql_native_password
2025-01-29 12:01:46,288 - INFO - AUTHENTICATION_PLUGIN_CLASS: MySQLNativePasswordAuthPlugin
2025-01-29 12:02:21,340 - INFO - package: mysql.connector.plugins
2025-01-29 12:02:21,340 - INFO - plugin_name: mysql_native_password
2025-01-29 12:02:21,341 - INFO - AUTHENTICATION_PLUGIN_CLASS: MySQLNativePasswordAuthPlugin
2025-01-29 12:10:47,146 - INFO - package: mysql.connector.plugins
2025-01-29 12:10:47,146 - INFO - plugin_name: mysql_native_password
2025-01-29 12:10:47,146 - INFO - AUTHENTICATION_PLUGIN_CLASS: MySQLNativePasswordAuthPlugin
2025-01-29 12:10:51,344 - ERROR - MQTT Broker Connection Failed!
2025-01-29 12:11:10,499 - ERROR - MQTT Broker Connection Failed!
2025-01-29 12:11:30,700 - INFO - package: mysql.connector.plugins
2025-01-29 12:11:30,700 - INFO - plugin_name: mysql_native_password
2025-01-29 12:11:30,701 - INFO - AUTHENTICATION_PLUGIN_CLASS: MySQLNativePasswordAuthPlugin
2025-01-29 12:11:54,942 - INFO - package: mysql.connector.plugins
2025-01-29 12:11:54,942 - INFO - plugin_name: mysql_native_password
2025-01-29 12:11:54,943 - INFO - AUTHENTICATION_PLUGIN_CLASS: MySQLNativePasswordAuthPlugin
2025-01-29 12:13:06,855 - INFO - package: mysql.connector.plugins
2025-01-29 12:13:06,855 - INFO - plugin_name: mysql_native_password
2025-01-29 12:13:06,855 - INFO - AUTHENTICATION_PLUGIN_CLASS: MySQLNativePasswordAuthPlugin
2025-01-29 12:13:11,074 - ERROR - MQTT Broker Connection Failed!
2025-01-29 12:13:23,393 - INFO - package: mysql.connector.plugins
2025-01-29 12:13:23,394 - INFO - plugin_name: mysql_native_password
2025-01-29 12:13:23,394 - INFO - AUTHENTICATION_PLUGIN_CLASS: MySQLNativePasswordAuthPlugin
2025-01-29 12:13:27,629 - ERROR - MQTT Broker Connection Failed!
2025-01-29 12:13:46,516 - ERROR - MQTT Broker Connection Failed!
2025-01-29 12:14:05,699 - ERROR - MQTT Broker Connection Failed!
2025-01-29 12:14:16,410 - INFO - package: mysql.connector.plugins
2025-01-29 12:14:16,410 - INFO - plugin_name: mysql_native_password
2025-01-29 12:14:16,411 - INFO - AUTHENTICATION_PLUGIN_CLASS: MySQLNativePasswordAuthPlugin
2025-01-29 12:14:53,301 - INFO - package: mysql.connector.plugins
2025-01-29 12:14:53,301 - INFO - plugin_name: mysql_native_password
2025-01-29 12:14:53,302 - INFO - AUTHENTICATION_PLUGIN_CLASS: MySQLNativePasswordAuthPlugin
2025-01-29 12:14:57,469 - ERROR - MQTT Broker Connection Failed!
2025-01-29 12:15:16,334 - ERROR - MQTT Broker Connection Failed!
2025-01-29 12:15:21,009 - INFO - package: mysql.connector.plugins
2025-01-29 12:15:21,010 - INFO - plugin_name: mysql_native_password
2025-01-29 12:15:21,010 - INFO - AUTHENTICATION_PLUGIN_CLASS: MySQLNativePasswordAuthPlugin
2025-01-29 12:15:27,505 - INFO - package: mysql.connector.plugins
2025-01-29 12:15:27,505 - INFO - plugin_name: mysql_native_password
2025-01-29 12:15:27,506 - INFO - AUTHENTICATION_PLUGIN_CLASS: MySQLNativePasswordAuthPlugin
2025-01-29 12:15:31,645 - ERROR - MQTT Broker Connection Failed!
2025-01-29 12:15:50,948 - ERROR - MQTT Broker Connection Failed!
2025-01-29 12:16:10,186 - ERROR - MQTT Broker Connection Failed!
2025-01-29 12:16:29,381 - ERROR - MQTT Broker Connection Failed!
2025-01-29 12:16:48,550 - ERROR - MQTT Broker Connection Failed!
2025-01-29 12:17:00,880 - INFO - package: mysql.connector.plugins
2025-01-29 12:17:00,880 - INFO - plugin_name: mysql_native_password
2025-01-29 12:17:00,881 - INFO - AUTHENTICATION_PLUGIN_CLASS: MySQLNativePasswordAuthPlugin
2025-01-29 12:21:35,709 - INFO - package: mysql.connector.plugins
2025-01-29 12:21:35,709 - INFO - plugin_name: mysql_native_password
2025-01-29 12:21:35,709 - INFO - AUTHENTICATION_PLUGIN_CLASS: MySQLNativePasswordAuthPlugin
2025-01-29 12:21:40,000 - ERROR - MQTT Broker Connection Failed!
2025-01-29 12:21:58,905 - ERROR - MQTT Broker Connection Failed!
2025-01-29 12:22:17,781 - ERROR - MQTT Broker Connection Failed!
2025-01-29 12:22:37,003 - ERROR - MQTT Broker Connection Failed!
2025-01-29 12:22:56,203 - ERROR - MQTT Broker Connection Failed!
2025-01-29 12:23:15,442 - ERROR - MQTT Broker Connection Failed!
2025-01-29 12:23:34,634 - ERROR - MQTT Broker Connection Failed!
2025-01-29 12:23:53,603 - ERROR - MQTT Broker Connection Failed!
2025-01-29 12:24:12,521 - ERROR - MQTT Broker Connection Failed!
2025-01-29 12:24:24,959 - INFO - package: mysql.connector.plugins
2025-01-29 12:24:24,959 - INFO - plugin_name: mysql_native_password
2025-01-29 12:24:24,960 - INFO - AUTHENTICATION_PLUGIN_CLASS: MySQLNativePasswordAuthPlugin
2025-01-29 12:25:37,127 - INFO - package: mysql.connector.plugins
2025-01-29 12:25:37,128 - INFO - plugin_name: mysql_native_password
2025-01-29 12:25:37,128 - INFO - AUTHENTICATION_PLUGIN_CLASS: MySQLNativePasswordAuthPlugin
2025-01-29 12:25:41,300 - ERROR - MQTT Broker Connection Failed!
2025-01-29 12:26:00,469 - ERROR - MQTT Broker Connection Failed!
2025-01-29 12:26:19,669 - ERROR - MQTT Broker Connection Failed!
2025-01-29 12:26:22,211 - INFO - package: mysql.connector.plugins
2025-01-29 12:26:22,212 - INFO - plugin_name: mysql_native_password
2025-01-29 12:26:22,212 - INFO - AUTHENTICATION_PLUGIN_CLASS: MySQLNativePasswordAuthPlugin
2025-01-29 12:26:26,425 - ERROR - MQTT Broker Connection Failed!
2025-01-29 12:26:45,383 - ERROR - MQTT Broker Connection Failed!
2025-01-29 12:26:52,607 - INFO - package: mysql.connector.plugins
2025-01-29 12:26:52,607 - INFO - plugin_name: mysql_native_password
2025-01-29 12:26:52,607 - INFO - AUTHENTICATION_PLUGIN_CLASS: MySQLNativePasswordAuthPlugin
2025-01-29 12:26:59,673 - INFO - package: mysql.connector.plugins
2025-01-29 12:26:59,673 - INFO - plugin_name: mysql_native_password
2025-01-29 12:26:59,674 - INFO - AUTHENTICATION_PLUGIN_CLASS: MySQLNativePasswordAuthPlugin
2025-01-29 12:27:43,241 - INFO - package: mysql.connector.plugins
2025-01-29 12:27:43,241 - INFO - plugin_name: mysql_native_password
2025-01-29 12:27:43,241 - INFO - AUTHENTICATION_PLUGIN_CLASS: MySQLNativePasswordAuthPlugin
2025-01-29 12:27:47,432 - ERROR - MQTT Broker Connection Failed!
2025-01-29 12:28:03,584 - INFO - package: mysql.connector.plugins
2025-01-29 12:28:03,584 - INFO - plugin_name: mysql_native_password
2025-01-29 12:28:03,585 - INFO - AUTHENTICATION_PLUGIN_CLASS: MySQLNativePasswordAuthPlugin
2025-01-29 12:28:07,749 - ERROR - MQTT Broker Connection Failed!
2025-01-29 12:28:19,719 - INFO - package: mysql.connector.plugins
2025-01-29 12:28:19,719 - INFO - plugin_name: mysql_native_password
2025-01-29 12:28:19,720 - INFO - AUTHENTICATION_PLUGIN_CLASS: MySQLNativePasswordAuthPlugin
2025-01-29 12:28:54,646 - INFO - package: mysql.connector.plugins
2025-01-29 12:28:54,646 - INFO - plugin_name: mysql_native_password
2025-01-29 12:28:54,647 - INFO - AUTHENTICATION_PLUGIN_CLASS: MySQLNativePasswordAuthPlugin
2025-01-29 12:28:58,802 - ERROR - MQTT Broker Connection Failed!
2025-01-29 12:29:17,726 - ERROR - MQTT Broker Connection Failed!
2025-01-29 12:29:36,913 - ERROR - MQTT Broker Connection Failed!
2025-01-29 12:29:56,716 - INFO - package: mysql.connector.plugins
2025-01-29 12:29:56,716 - INFO - plugin_name: mysql_native_password
2025-01-29 12:29:56,717 - INFO - AUTHENTICATION_PLUGIN_CLASS: MySQLNativePasswordAuthPlugin
2025-01-29 12:30:00,870 - ERROR - MQTT Broker Connection Failed!
2025-01-29 12:30:20,071 - ERROR - MQTT Broker Connection Failed!
2025-01-29 12:30:22,744 - INFO - package: mysql.connector.plugins
2025-01-29 12:30:22,745 - INFO - plugin_name: mysql_native_password
2025-01-29 12:30:22,745 - INFO - AUTHENTICATION_PLUGIN_CLASS: MySQLNativePasswordAuthPlugin
2025-01-29 12:30:26,961 - ERROR - MQTT Broker Connection Failed!
2025-01-29 12:30:45,441 - INFO - package: mysql.connector.plugins
2025-01-29 12:30:45,441 - INFO - plugin_name: mysql_native_password
2025-01-29 12:30:45,441 - INFO - AUTHENTICATION_PLUGIN_CLASS: MySQLNativePasswordAuthPlugin
2025-01-29 12:30:49,321 - ERROR - MQTT Broker Connection Failed!
2025-01-29 12:31:08,971 - INFO - package: mysql.connector.plugins
2025-01-29 12:31:08,971 - INFO - plugin_name: mysql_native_password
2025-01-29 12:31:08,972 - INFO - AUTHENTICATION_PLUGIN_CLASS: MySQLNativePasswordAuthPlugin
2025-01-29 12:31:13,162 - ERROR - MQTT Broker Connection Failed!
2025-01-29 12:31:21,796 - INFO - package: mysql.connector.plugins
2025-01-29 12:31:21,796 - INFO - plugin_name: mysql_native_password
2025-01-29 12:31:21,797 - INFO - AUTHENTICATION_PLUGIN_CLASS: MySQLNativePasswordAuthPlugin
2025-01-29 12:33:31,634 - INFO - package: mysql.connector.plugins
2025-01-29 12:33:31,634 - INFO - plugin_name: mysql_native_password
2025-01-29 12:33:31,635 - INFO - AUTHENTICATION_PLUGIN_CLASS: MySQLNativePasswordAuthPlugin
2025-01-29 12:36:05,237 - INFO - package: mysql.connector.plugins
2025-01-29 12:36:05,237 - INFO - plugin_name: mysql_native_password
2025-01-29 12:36:05,238 - INFO - AUTHENTICATION_PLUGIN_CLASS: MySQLNativePasswordAuthPlugin
2025-01-29 12:36:09,401 - ERROR - MQTT Broker Connection Failed!
2025-01-29 12:36:28,592 - ERROR - MQTT Broker Connection Failed!
2025-01-29 12:36:31,466 - INFO - package: mysql.connector.plugins
2025-01-29 12:36:31,466 - INFO - plugin_name: mysql_native_password
2025-01-29 12:36:31,466 - INFO - AUTHENTICATION_PLUGIN_CLASS: MySQLNativePasswordAuthPlugin
2025-01-29 12:37:38,133 - INFO - package: mysql.connector.plugins
2025-01-29 12:37:38,133 - INFO - plugin_name: mysql_native_password
2025-01-29 12:37:38,134 - INFO - AUTHENTICATION_PLUGIN_CLASS: MySQLNativePasswordAuthPlugin
2025-01-29 12:37:42,365 - ERROR - MQTT Broker Connection Failed!
2025-01-29 12:38:01,280 - ERROR - MQTT Broker Connection Failed!
2025-01-29 12:38:20,435 - ERROR - MQTT Broker Connection Failed!
2025-01-29 12:38:39,688 - ERROR - MQTT Broker Connection Failed!
2025-01-29 12:38:58,697 - INFO - package: mysql.connector.plugins
2025-01-29 12:38:58,698 - INFO - plugin_name: mysql_native_password
2025-01-29 12:38:58,698 - INFO - AUTHENTICATION_PLUGIN_CLASS: MySQLNativePasswordAuthPlugin
2025-01-29 12:39:02,835 - ERROR - MQTT Broker Connection Failed!
2025-01-29 12:39:09,737 - INFO - package: mysql.connector.plugins
2025-01-29 12:39:09,738 - INFO - plugin_name: mysql_native_password
2025-01-29 12:39:09,738 - INFO - AUTHENTICATION_PLUGIN_CLASS: MySQLNativePasswordAuthPlugin
2025-01-29 12:39:49,686 - INFO - package: mysql.connector.plugins
2025-01-29 12:39:49,686 - INFO - plugin_name: mysql_native_password
2025-01-29 12:39:49,687 - INFO - AUTHENTICATION_PLUGIN_CLASS: MySQLNativePasswordAuthPlugin
2025-01-29 12:41:27,954 - INFO - package: mysql.connector.plugins
2025-01-29 12:41:27,954 - INFO - plugin_name: mysql_native_password
2025-01-29 12:41:27,955 - INFO - AUTHENTICATION_PLUGIN_CLASS: MySQLNativePasswordAuthPlugin
2025-01-29 12:41:32,172 - ERROR - MQTT Broker Connection Failed!
2025-01-29 12:41:51,087 - ERROR - MQTT Broker Connection Failed!
2025-01-29 12:42:09,258 - INFO - package: mysql.connector.plugins
2025-01-29 12:42:09,258 - INFO - plugin_name: mysql_native_password
2025-01-29 12:42:09,258 - INFO - AUTHENTICATION_PLUGIN_CLASS: MySQLNativePasswordAuthPlugin
2025-01-29 12:42:13,456 - ERROR - MQTT Broker Connection Failed!
2025-01-29 12:42:32,632 - ERROR - MQTT Broker Connection Failed!
2025-01-29 12:42:51,763 - ERROR - MQTT Broker Connection Failed!
2025-01-29 12:43:10,970 - ERROR - MQTT Broker Connection Failed!
2025-01-29 12:43:30,163 - ERROR - MQTT Broker Connection Failed!
2025-01-29 12:43:49,036 - ERROR - MQTT Broker Connection Failed!
2025-01-29 12:44:08,204 - ERROR - MQTT Broker Connection Failed!
2025-01-29 12:44:17,492 - INFO - package: mysql.connector.plugins
2025-01-29 12:44:17,492 - INFO - plugin_name: mysql_native_password
2025-01-29 12:44:17,493 - INFO - AUTHENTICATION_PLUGIN_CLASS: MySQLNativePasswordAuthPlugin
2025-01-29 12:44:21,702 - ERROR - MQTT Broker Connection Failed!
2025-01-29 12:44:40,589 - ERROR - MQTT Broker Connection Failed!
2025-01-29 12:44:59,765 - ERROR - MQTT Broker Connection Failed!
2025-01-29 12:45:18,909 - ERROR - MQTT Broker Connection Failed!
2025-01-29 12:45:25,421 - INFO - package: mysql.connector.plugins
2025-01-29 12:45:25,421 - INFO - plugin_name: mysql_native_password
2025-01-29 12:45:25,422 - INFO - AUTHENTICATION_PLUGIN_CLASS: MySQLNativePasswordAuthPlugin
2025-01-29 12:45:29,655 - ERROR - MQTT Broker Connection Failed!
2025-01-29 12:45:48,827 - ERROR - MQTT Broker Connection Failed!
2025-01-29 12:46:07,999 - ERROR - MQTT Broker Connection Failed!
2025-01-29 12:46:26,917 - ERROR - MQTT Broker Connection Failed!
2025-01-29 12:46:45,797 - ERROR - MQTT Broker Connection Failed!
2025-01-29 12:47:05,011 - ERROR - MQTT Broker Connection Failed!
2025-01-29 12:47:24,212 - ERROR - MQTT Broker Connection Failed!
2025-01-29 12:47:43,123 - ERROR - MQTT Broker Connection Failed!
2025-01-29 12:48:02,450 - ERROR - MQTT Broker Connection Failed!
2025-01-29 12:48:21,641 - ERROR - MQTT Broker Connection Failed!
2025-01-29 12:48:40,524 - ERROR - MQTT Broker Connection Failed!
2025-01-29 12:49:07,447 - INFO - package: mysql.connector.plugins
2025-01-29 12:49:07,447 - INFO - plugin_name: mysql_native_password
2025-01-29 12:49:07,448 - INFO - AUTHENTICATION_PLUGIN_CLASS: MySQLNativePasswordAuthPlugin
2025-01-29 12:49:11,571 - ERROR - MQTT Broker Connection Failed!
2025-01-29 12:49:24,813 - INFO - package: mysql.connector.plugins
2025-01-29 12:49:24,813 - INFO - plugin_name: mysql_native_password
2025-01-29 12:49:24,814 - INFO - AUTHENTICATION_PLUGIN_CLASS: MySQLNativePasswordAuthPlugin
2025-01-29 12:49:29,007 - ERROR - MQTT Broker Connection Failed!
2025-01-29 12:49:48,230 - ERROR - MQTT Broker Connection Failed!
2025-01-29 12:50:03,121 - INFO - package: mysql.connector.plugins
2025-01-29 12:50:03,121 - INFO - plugin_name: mysql_native_password
2025-01-29 12:50:03,121 - INFO - AUTHENTICATION_PLUGIN_CLASS: MySQLNativePasswordAuthPlugin
2025-01-29 12:50:07,292 - ERROR - MQTT Broker Connection Failed!
2025-01-29 12:50:26,208 - ERROR - MQTT Broker Connection Failed!
2025-01-29 12:50:45,407 - ERROR - MQTT Broker Connection Failed!
2025-01-29 12:50:48,806 - INFO - package: mysql.connector.plugins
2025-01-29 12:50:48,807 - INFO - plugin_name: mysql_native_password
2025-01-29 12:50:48,807 - INFO - AUTHENTICATION_PLUGIN_CLASS: MySQLNativePasswordAuthPlugin
2025-01-29 12:50:52,968 - ERROR - MQTT Broker Connection Failed!
2025-01-29 12:51:12,165 - ERROR - MQTT Broker Connection Failed!
2025-01-29 12:51:31,335 - ERROR - MQTT Broker Connection Failed!
2025-01-29 12:51:50,246 - ERROR - MQTT Broker Connection Failed!
2025-01-29 12:52:09,446 - ERROR - MQTT Broker Connection Failed!
2025-01-29 12:52:28,640 - ERROR - MQTT Broker Connection Failed!
2025-01-29 12:52:47,847 - ERROR - MQTT Broker Connection Failed!
2025-01-29 12:52:55,314 - INFO - package: mysql.connector.plugins
2025-01-29 12:52:55,314 - INFO - plugin_name: mysql_native_password
2025-01-29 12:52:55,314 - INFO - AUTHENTICATION_PLUGIN_CLASS: MySQLNativePasswordAuthPlugin
2025-01-29 12:52:59,489 - ERROR - MQTT Broker Connection Failed!
2025-01-29 12:53:12,038 - INFO - package: mysql.connector.plugins
2025-01-29 12:53:12,039 - INFO - plugin_name: mysql_native_password
2025-01-29 12:53:12,039 - INFO - AUTHENTICATION_PLUGIN_CLASS: MySQLNativePasswordAuthPlugin
2025-01-29 12:53:16,199 - ERROR - MQTT Broker Connection Failed!
2025-01-29 12:53:29,774 - INFO - package: mysql.connector.plugins
2025-01-29 12:53:29,774 - INFO - plugin_name: mysql_native_password
2025-01-29 12:53:29,775 - INFO - AUTHENTICATION_PLUGIN_CLASS: MySQLNativePasswordAuthPlugin
2025-01-29 12:53:33,944 - ERROR - MQTT Broker Connection Failed!
2025-01-29 12:53:46,476 - INFO - package: mysql.connector.plugins
2025-01-29 12:53:46,476 - INFO - plugin_name: mysql_native_password
2025-01-29 12:53:46,477 - INFO - AUTHENTICATION_PLUGIN_CLASS: MySQLNativePasswordAuthPlugin
2025-01-29 12:55:33,573 - INFO - package: mysql.connector.plugins
2025-01-29 12:55:33,574 - INFO - plugin_name: mysql_native_password
2025-01-29 12:55:33,574 - INFO - AUTHENTICATION_PLUGIN_CLASS: MySQLNativePasswordAuthPlugin
2025-01-29 12:55:37,776 - ERROR - MQTT Broker Connection Failed!
2025-01-29 12:55:56,959 - ERROR - MQTT Broker Connection Failed!
2025-01-29 12:56:14,004 - INFO - package: mysql.connector.plugins
2025-01-29 12:56:14,005 - INFO - plugin_name: mysql_native_password
2025-01-29 12:56:14,005 - INFO - AUTHENTICATION_PLUGIN_CLASS: MySQLNativePasswordAuthPlugin
2025-01-29 12:56:18,174 - ERROR - MQTT Broker Connection Failed!
2025-01-29 12:56:34,925 - INFO - package: mysql.connector.plugins
2025-01-29 12:56:34,925 - INFO - plugin_name: mysql_native_password
2025-01-29 12:56:34,926 - INFO - AUTHENTICATION_PLUGIN_CLASS: MySQLNativePasswordAuthPlugin
2025-01-29 12:56:39,103 - ERROR - MQTT Broker Connection Failed!
2025-01-29 12:56:57,992 - ERROR - MQTT Broker Connection Failed!
2025-01-29 12:57:09,468 - INFO - package: mysql.connector.plugins
2025-01-29 12:57:09,468 - INFO - plugin_name: mysql_native_password
2025-01-29 12:57:09,469 - INFO - AUTHENTICATION_PLUGIN_CLASS: MySQLNativePasswordAuthPlugin
2025-01-29 13:03:11,293 - INFO - package: mysql.connector.plugins
2025-01-29 13:03:11,293 - INFO - plugin_name: mysql_native_password
2025-01-29 13:03:11,294 - INFO - AUTHENTICATION_PLUGIN_CLASS: MySQLNativePasswordAuthPlugin
2025-01-29 13:04:19,715 - INFO - package: mysql.connector.plugins
2025-01-29 13:04:19,716 - INFO - plugin_name: mysql_native_password
2025-01-29 13:04:19,716 - INFO - AUTHENTICATION_PLUGIN_CLASS: MySQLNativePasswordAuthPlugin
2025-01-29 13:05:23,844 - INFO - package: mysql.connector.plugins
2025-01-29 13:05:23,844 - INFO - plugin_name: mysql_native_password
2025-01-29 13:05:23,845 - INFO - AUTHENTICATION_PLUGIN_CLASS: MySQLNativePasswordAuthPlugin
2025-01-29 13:05:27,738 - ERROR - MQTT Broker Connection Failed!
2025-01-29 13:05:43,506 - INFO - package: mysql.connector.plugins
2025-01-29 13:05:43,506 - INFO - plugin_name: mysql_native_password
2025-01-29 13:05:43,507 - INFO - AUTHENTICATION_PLUGIN_CLASS: MySQLNativePasswordAuthPlugin
2025-01-29 13:06:08,816 - INFO - package: mysql.connector.plugins
2025-01-29 13:06:08,816 - INFO - plugin_name: mysql_native_password
2025-01-29 13:06:08,817 - INFO - AUTHENTICATION_PLUGIN_CLASS: MySQLNativePasswordAuthPlugin
2025-01-29 13:06:12,900 - ERROR - MQTT Broker Connection Failed!
2025-01-29 13:06:31,745 - ERROR - MQTT Broker Connection Failed!
2025-01-29 13:06:50,889 - ERROR - MQTT Broker Connection Failed!
2025-01-29 13:07:09,812 - ERROR - MQTT Broker Connection Failed!
2025-01-29 13:07:29,652 - ERROR - MQTT Broker Connection Failed!
2025-01-29 13:07:34,143 - INFO - package: mysql.connector.plugins
2025-01-29 13:07:34,144 - INFO - plugin_name: mysql_native_password
2025-01-29 13:07:34,144 - INFO - AUTHENTICATION_PLUGIN_CLASS: MySQLNativePasswordAuthPlugin
2025-01-29 13:07:38,238 - ERROR - MQTT Broker Connection Failed!
2025-01-29 13:07:57,411 - ERROR - MQTT Broker Connection Failed!
2025-01-29 13:08:16,607 - ERROR - MQTT Broker Connection Failed!
2025-01-29 13:08:31,259 - INFO - package: mysql.connector.plugins
2025-01-29 13:08:31,259 - INFO - plugin_name: mysql_native_password
2025-01-29 13:08:31,260 - INFO - AUTHENTICATION_PLUGIN_CLASS: MySQLNativePasswordAuthPlugin
2025-01-29 13:08:35,529 - ERROR - MQTT Broker Connection Failed!
2025-01-29 13:08:51,687 - INFO - package: mysql.connector.plugins
2025-01-29 13:08:51,687 - INFO - plugin_name: mysql_native_password
2025-01-29 13:08:51,688 - INFO - AUTHENTICATION_PLUGIN_CLASS: MySQLNativePasswordAuthPlugin
2025-01-29 13:09:16,126 - INFO - package: mysql.connector.plugins
2025-01-29 13:09:16,126 - INFO - plugin_name: mysql_native_password
2025-01-29 13:09:16,127 - INFO - AUTHENTICATION_PLUGIN_CLASS: MySQLNativePasswordAuthPlugin
2025-01-29 13:09:40,200 - INFO - package: mysql.connector.plugins
2025-01-29 13:09:40,200 - INFO - plugin_name: mysql_native_password
2025-01-29 13:09:40,200 - INFO - AUTHENTICATION_PLUGIN_CLASS: MySQLNativePasswordAuthPlugin
2025-01-29 13:10:12,802 - INFO - package: mysql.connector.plugins
2025-01-29 13:10:12,803 - INFO - plugin_name: mysql_native_password
2025-01-29 13:10:12,803 - INFO - AUTHENTICATION_PLUGIN_CLASS: MySQLNativePasswordAuthPlugin
2025-01-29 13:11:14,046 - INFO - package: mysql.connector.plugins
2025-01-29 13:11:14,046 - INFO - plugin_name: mysql_native_password
2025-01-29 13:11:14,047 - INFO - AUTHENTICATION_PLUGIN_CLASS: MySQLNativePasswordAuthPlugin
2025-01-29 13:11:18,150 - ERROR - MQTT Broker Connection Failed!
2025-01-29 13:11:37,065 - ERROR - MQTT Broker Connection Failed!
2025-01-29 13:11:43,004 - INFO - package: mysql.connector.plugins
2025-01-29 13:11:43,005 - INFO - plugin_name: mysql_native_password
2025-01-29 13:11:43,005 - INFO - AUTHENTICATION_PLUGIN_CLASS: MySQLNativePasswordAuthPlugin
2025-01-29 13:11:47,130 - ERROR - MQTT Broker Connection Failed!
2025-01-29 13:11:59,190 - INFO - package: mysql.connector.plugins
2025-01-29 13:11:59,190 - INFO - plugin_name: mysql_native_password
2025-01-29 13:11:59,190 - INFO - AUTHENTICATION_PLUGIN_CLASS: MySQLNativePasswordAuthPlugin
2025-01-29 13:12:03,365 - ERROR - MQTT Broker Connection Failed!
2025-01-29 13:12:22,484 - ERROR - MQTT Broker Connection Failed!
2025-01-29 13:12:24,103 - INFO - package: mysql.connector.plugins
2025-01-29 13:12:24,103 - INFO - plugin_name: mysql_native_password
2025-01-29 13:12:24,104 - INFO - AUTHENTICATION_PLUGIN_CLASS: MySQLNativePasswordAuthPlugin
2025-01-29 13:14:25,561 - INFO - package: mysql.connector.plugins
2025-01-29 13:14:25,561 - INFO - plugin_name: mysql_native_password
2025-01-29 13:14:25,562 - INFO - AUTHENTICATION_PLUGIN_CLASS: MySQLNativePasswordAuthPlugin
2025-01-29 13:16:35,424 - INFO - package: mysql.connector.plugins
2025-01-29 13:16:35,424 - INFO - plugin_name: mysql_native_password
2025-01-29 13:16:35,425 - INFO - AUTHENTICATION_PLUGIN_CLASS: MySQLNativePasswordAuthPlugin
2025-01-29 13:23:16,762 - INFO - package: mysql.connector.plugins
2025-01-29 13:23:16,762 - INFO - plugin_name: mysql_native_password
2025-01-29 13:23:16,763 - INFO - AUTHENTICATION_PLUGIN_CLASS: MySQLNativePasswordAuthPlugin
2025-01-29 13:23:21,967 - INFO - Mqtt Inserted to the Database
2025-01-29 13:23:22,986 - INFO - Mqtt Inserted to the Database
2025-01-29 13:23:23,999 - INFO - Mqtt Inserted to the Database
2025-01-29 13:23:28,043 - INFO - Mqtt Inserted to the Database
2025-01-29 13:23:29,059 - INFO - Mqtt Inserted to the Database
2025-01-29 13:23:30,071 - INFO - Mqtt Inserted to the Database
2025-01-29 13:23:34,106 - INFO - Mqtt Inserted to the Database
2025-01-29 13:23:35,119 - INFO - Mqtt Inserted to the Database
2025-01-29 13:23:36,135 - INFO - Mqtt Inserted to the Database
2025-01-29 13:23:40,176 - INFO - Mqtt Inserted to the Database
2025-01-29 13:24:05,681 - INFO - Mqtt Inserted to the Database
2025-01-29 13:24:25,755 - INFO - Mqtt Inserted to the Database
2025-01-29 13:24:45,789 - INFO - Mqtt Inserted to the Database
2025-01-29 13:25:05,886 - INFO - Mqtt Inserted to the Database
2025-01-29 13:25:25,953 - INFO - Mqtt Inserted to the Database
2025-01-29 13:25:46,314 - INFO - Mqtt Inserted to the Database
2025-01-29 13:26:06,121 - INFO - Mqtt Inserted to the Database
2025-01-29 13:26:26,170 - INFO - Mqtt Inserted to the Database
2025-01-29 13:26:46,754 - INFO - Mqtt Inserted to the Database
2025-01-29 13:27:06,271 - INFO - Mqtt Inserted to the Database
2025-01-29 13:27:26,350 - INFO - Mqtt Inserted to the Database
2025-01-29 13:27:46,436 - INFO - Mqtt Inserted to the Database
2025-01-29 13:28:06,498 - INFO - Mqtt Inserted to the Database
2025-01-29 13:28:26,552 - INFO - Mqtt Inserted to the Database
2025-01-29 13:28:27,559 - INFO - Mqtt Inserted to the Database
2025-01-29 13:28:28,571 - INFO - Mqtt Inserted to the Database
2025-01-29 13:28:46,628 - INFO - Mqtt Inserted to the Database
2025-01-29 13:29:06,712 - INFO - Mqtt Inserted to the Database
2025-01-29 13:29:26,796 - INFO - Mqtt Inserted to the Database
2025-01-29 13:29:46,828 - INFO - Mqtt Inserted to the Database
2025-01-29 13:30:07,007 - INFO - Mqtt Inserted to the Database
2025-01-29 13:30:26,991 - INFO - Mqtt Inserted to the Database
2025-01-29 13:30:47,076 - INFO - Mqtt Inserted to the Database
2025-01-29 13:31:07,104 - INFO - Mqtt Inserted to the Database
2025-01-29 13:31:27,205 - INFO - Mqtt Inserted to the Database
2025-01-29 13:31:47,275 - INFO - Mqtt Inserted to the Database
2025-01-29 13:32:07,362 - INFO - Mqtt Inserted to the Database
2025-01-29 13:32:27,448 - INFO - Mqtt Inserted to the Database
2025-01-29 13:32:47,528 - INFO - Mqtt Inserted to the Database
2025-01-29 13:33:07,557 - INFO - Mqtt Inserted to the Database
2025-01-29 13:33:27,633 - INFO - Mqtt Inserted to the Database
2025-01-29 13:33:47,705 - INFO - Mqtt Inserted to the Database
2025-01-29 13:33:48,715 - INFO - Mqtt Inserted to the Database
2025-01-29 13:33:49,729 - INFO - Mqtt Inserted to the Database
2025-01-29 13:34:07,806 - INFO - Mqtt Inserted to the Database
2025-01-29 13:34:27,884 - INFO - Mqtt Inserted to the Database
2025-01-29 13:34:47,935 - INFO - Mqtt Inserted to the Database
2025-01-29 13:35:08,007 - INFO - Mqtt Inserted to the Database
2025-01-29 13:35:28,086 - INFO - Mqtt Inserted to the Database
2025-01-29 13:35:48,147 - INFO - Mqtt Inserted to the Database
2025-01-29 13:36:08,203 - INFO - Mqtt Inserted to the Database
2025-01-29 13:36:28,282 - INFO - Mqtt Inserted to the Database
2025-01-29 13:36:48,359 - INFO - Mqtt Inserted to the Database
2025-01-29 13:37:08,684 - INFO - Mqtt Inserted to the Database
2025-01-29 13:37:28,486 - INFO - Mqtt Inserted to the Database
2025-01-29 13:37:48,570 - INFO - Mqtt Inserted to the Database
2025-01-29 13:38:08,656 - INFO - Mqtt Inserted to the Database
2025-01-29 13:38:28,724 - INFO - Mqtt Inserted to the Database
2025-01-29 13:38:48,755 - INFO - Mqtt Inserted to the Database
2025-01-29 13:39:08,837 - INFO - Mqtt Inserted to the Database
2025-01-29 13:39:09,849 - INFO - Mqtt Inserted to the Database
2025-01-29 13:39:10,861 - INFO - Mqtt Inserted to the Database
2025-01-29 13:39:29,161 - INFO - Mqtt Inserted to the Database
2025-01-29 13:39:49,011 - INFO - Mqtt Inserted to the Database
2025-01-29 13:40:09,095 - INFO - Mqtt Inserted to the Database
2025-01-29 13:40:29,135 - INFO - Mqtt Inserted to the Database
2025-01-29 13:40:49,195 - INFO - Mqtt Inserted to the Database
2025-01-29 13:41:09,250 - INFO - Mqtt Inserted to the Database
2025-01-29 13:41:29,319 - INFO - Mqtt Inserted to the Database
2025-01-29 13:41:49,403 - INFO - Mqtt Inserted to the Database
2025-01-29 13:42:09,476 - INFO - Mqtt Inserted to the Database
2025-01-29 13:42:29,555 - INFO - Mqtt Inserted to the Database
2025-01-29 13:42:49,646 - INFO - Mqtt Inserted to the Database
2025-01-29 13:43:09,681 - INFO - Mqtt Inserted to the Database
2025-01-29 13:43:29,773 - INFO - Mqtt Inserted to the Database
2025-01-29 13:43:49,888 - INFO - Mqtt Inserted to the Database
2025-01-29 13:44:09,878 - INFO - Mqtt Inserted to the Database
2025-01-29 13:44:29,965 - INFO - Mqtt Inserted to the Database
2025-01-29 13:44:30,979 - INFO - Mqtt Inserted to the Database
2025-01-29 13:44:31,991 - INFO - Mqtt Inserted to the Database
2025-01-29 13:44:50,039 - INFO - Mqtt Inserted to the Database
2025-01-29 13:45:10,137 - INFO - Mqtt Inserted to the Database
2025-01-29 13:45:30,175 - INFO - Mqtt Inserted to the Database
2025-01-29 13:45:50,247 - INFO - Mqtt Inserted to the Database
2025-01-29 13:46:10,329 - INFO - Mqtt Inserted to the Database
2025-01-29 13:46:30,411 - INFO - Mqtt Inserted to the Database
2025-01-29 13:46:50,461 - INFO - Mqtt Inserted to the Database
2025-01-29 13:47:10,537 - INFO - Mqtt Inserted to the Database
2025-01-29 13:47:30,620 - INFO - Mqtt Inserted to the Database
2025-01-29 13:47:50,705 - INFO - Mqtt Inserted to the Database
2025-01-29 13:48:10,782 - INFO - Mqtt Inserted to the Database
2025-01-29 13:48:30,815 - INFO - Mqtt Inserted to the Database
2025-01-29 13:48:50,901 - INFO - Mqtt Inserted to the Database
2025-01-29 13:49:10,982 - INFO - Mqtt Inserted to the Database
2025-01-29 13:49:30,998 - INFO - Mqtt Inserted to the Database
2025-01-29 13:49:51,097 - INFO - Mqtt Inserted to the Database
2025-01-29 13:49:52,114 - INFO - Mqtt Inserted to the Database
2025-01-29 13:49:53,124 - INFO - Mqtt Inserted to the Database
2025-01-29 13:50:11,183 - INFO - Mqtt Inserted to the Database
2025-01-29 13:50:31,256 - INFO - Mqtt Inserted to the Database
2025-01-29 13:50:51,288 - INFO - Mqtt Inserted to the Database
2025-01-29 13:51:11,374 - INFO - Mqtt Inserted to the Database
2025-01-29 13:51:31,464 - INFO - Mqtt Inserted to the Database
2025-01-29 13:51:51,528 - INFO - Mqtt Inserted to the Database
2025-01-29 13:52:11,587 - INFO - Mqtt Inserted to the Database
2025-01-29 13:52:31,668 - INFO - Mqtt Inserted to the Database
2025-01-29 13:52:51,731 - INFO - Mqtt Inserted to the Database
2025-01-29 13:53:11,806 - INFO - Mqtt Inserted to the Database
2025-01-29 13:53:31,890 - INFO - Mqtt Inserted to the Database
2025-01-29 13:53:51,969 - INFO - Mqtt Inserted to the Database
2025-01-29 13:54:12,029 - INFO - Mqtt Inserted to the Database
2025-01-29 13:54:32,366 - INFO - Mqtt Inserted to the Database
2025-01-29 13:54:52,177 - INFO - Mqtt Inserted to the Database
2025-01-29 13:55:12,225 - INFO - Mqtt Inserted to the Database
2025-01-29 13:55:13,245 - INFO - Mqtt Inserted to the Database
2025-01-29 13:55:14,254 - INFO - Mqtt Inserted to the Database
2025-01-29 13:55:32,299 - INFO - Mqtt Inserted to the Database
2025-01-29 13:55:52,361 - INFO - Mqtt Inserted to the Database
2025-01-29 13:56:12,463 - INFO - Mqtt Inserted to the Database
2025-01-29 13:56:32,541 - INFO - Mqtt Inserted to the Database
2025-01-29 13:56:52,587 - INFO - Mqtt Inserted to the Database
2025-01-29 13:57:12,677 - INFO - Mqtt Inserted to the Database
2025-01-29 13:57:32,737 - INFO - Mqtt Inserted to the Database
2025-01-29 13:57:52,820 - INFO - Mqtt Inserted to the Database
2025-01-29 13:58:12,860 - INFO - Mqtt Inserted to the Database
2025-01-29 13:58:32,944 - INFO - Mqtt Inserted to the Database
2025-01-29 13:58:53,028 - INFO - Mqtt Inserted to the Database
2025-01-29 13:59:13,093 - INFO - Mqtt Inserted to the Database
2025-01-29 13:59:33,138 - INFO - Mqtt Inserted to the Database
2025-01-29 13:59:53,227 - INFO - Mqtt Inserted to the Database
2025-01-29 14:00:13,291 - INFO - Mqtt Inserted to the Database
2025-01-29 14:00:33,362 - INFO - Mqtt Inserted to the Database
2025-01-29 14:00:34,373 - INFO - Mqtt Inserted to the Database
2025-01-29 14:00:35,388 - INFO - Mqtt Inserted to the Database
2025-01-29 14:00:53,423 - INFO - Mqtt Inserted to the Database
2025-01-29 14:01:13,544 - INFO - Mqtt Inserted to the Database
2025-01-29 14:01:33,566 - INFO - Mqtt Inserted to the Database
2025-01-29 14:01:53,636 - INFO - Mqtt Inserted to the Database
2025-01-29 14:02:13,848 - INFO - Mqtt Inserted to the Database
2025-01-29 14:02:33,774 - INFO - Mqtt Inserted to the Database
2025-01-29 14:02:53,865 - INFO - Mqtt Inserted to the Database
2025-01-29 14:03:13,941 - INFO - Mqtt Inserted to the Database
2025-01-29 14:03:33,986 - INFO - Mqtt Inserted to the Database
2025-01-29 14:03:54,049 - INFO - Mqtt Inserted to the Database
2025-01-29 14:04:14,140 - INFO - Mqtt Inserted to the Database
2025-01-29 14:04:34,230 - INFO - Mqtt Inserted to the Database
2025-01-29 14:04:54,302 - INFO - Mqtt Inserted to the Database
2025-01-29 14:05:14,375 - INFO - Mqtt Inserted to the Database
2025-01-29 14:05:34,419 - INFO - Mqtt Inserted to the Database
2025-01-29 14:05:55,589 - INFO - Mqtt Inserted to the Database
2025-01-29 14:05:56,610 - INFO - Mqtt Inserted to the Database
2025-01-29 14:05:57,621 - INFO - Mqtt Inserted to the Database
2025-01-29 14:06:14,590 - INFO - Mqtt Inserted to the Database
2025-01-29 14:06:34,627 - INFO - Mqtt Inserted to the Database
2025-01-29 14:06:54,702 - INFO - Mqtt Inserted to the Database
2025-01-29 14:07:14,792 - INFO - Mqtt Inserted to the Database
2025-01-29 14:07:34,837 - INFO - Mqtt Inserted to the Database
2025-01-29 14:07:54,886 - INFO - Mqtt Inserted to the Database
2025-01-29 14:08:15,033 - INFO - Mqtt Inserted to the Database
2025-01-29 14:08:35,064 - INFO - Mqtt Inserted to the Database
2025-01-29 14:08:55,131 - INFO - Mqtt Inserted to the Database
2025-01-29 14:09:15,316 - INFO - Mqtt Inserted to the Database
2025-01-29 14:09:35,308 - INFO - Mqtt Inserted to the Database
2025-01-29 14:09:55,350 - INFO - Mqtt Inserted to the Database
2025-01-29 14:10:15,409 - INFO - Mqtt Inserted to the Database
2025-01-29 14:10:35,470 - INFO - Mqtt Inserted to the Database
2025-01-29 14:10:55,586 - INFO - Mqtt Inserted to the Database
2025-01-29 14:11:15,674 - INFO - Mqtt Inserted to the Database
2025-01-29 14:11:16,687 - INFO - Mqtt Inserted to the Database
2025-01-29 14:11:17,699 - INFO - Mqtt Inserted to the Database
2025-01-29 14:11:35,708 - INFO - Mqtt Inserted to the Database
2025-01-29 14:11:55,746 - INFO - Mqtt Inserted to the Database
2025-01-29 14:12:15,836 - INFO - Mqtt Inserted to the Database
2025-01-29 14:12:35,906 - INFO - Mqtt Inserted to the Database
2025-01-29 14:12:55,985 - INFO - Mqtt Inserted to the Database
2025-01-29 14:13:16,074 - INFO - Mqtt Inserted to the Database
2025-01-29 14:13:36,105 - INFO - Mqtt Inserted to the Database
2025-01-29 14:13:56,196 - INFO - Mqtt Inserted to the Database
2025-01-29 14:14:16,269 - INFO - Mqtt Inserted to the Database
2025-01-29 14:14:36,353 - INFO - Mqtt Inserted to the Database
2025-01-29 14:14:56,392 - INFO - Mqtt Inserted to the Database
2025-01-29 14:15:16,457 - INFO - Mqtt Inserted to the Database
2025-01-29 14:15:36,556 - INFO - Mqtt Inserted to the Database
2025-01-29 14:15:56,630 - INFO - Mqtt Inserted to the Database
2025-01-29 14:16:16,707 - INFO - Mqtt Inserted to the Database
2025-01-29 14:16:36,804 - INFO - Mqtt Inserted to the Database
2025-01-29 14:16:37,823 - INFO - Mqtt Inserted to the Database
2025-01-29 14:16:38,836 - INFO - Mqtt Inserted to the Database
2025-01-29 14:16:56,822 - INFO - Mqtt Inserted to the Database
2025-01-29 14:17:16,920 - INFO - Mqtt Inserted to the Database
2025-01-29 14:17:36,992 - INFO - Mqtt Inserted to the Database
2025-01-29 14:17:57,032 - INFO - Mqtt Inserted to the Database
2025-01-29 14:18:17,109 - INFO - Mqtt Inserted to the Database
2025-01-29 14:18:37,187 - INFO - Mqtt Inserted to the Database
2025-01-29 14:18:57,277 - INFO - Mqtt Inserted to the Database
2025-01-29 14:19:17,358 - INFO - Mqtt Inserted to the Database
2025-01-29 14:19:37,427 - INFO - Mqtt Inserted to the Database
2025-01-29 14:19:57,458 - INFO - Mqtt Inserted to the Database
2025-01-29 14:20:17,559 - INFO - Mqtt Inserted to the Database
2025-01-29 14:20:37,618 - INFO - Mqtt Inserted to the Database
2025-01-29 14:20:57,679 - INFO - Mqtt Inserted to the Database
2025-01-29 14:21:17,765 - INFO - Mqtt Inserted to the Database
2025-01-29 14:21:37,833 - INFO - Mqtt Inserted to the Database
2025-01-29 14:21:57,911 - INFO - Mqtt Inserted to the Database
2025-01-29 14:21:58,930 - INFO - Mqtt Inserted to the Database
2025-01-29 14:21:59,941 - INFO - Mqtt Inserted to the Database
2025-01-29 14:22:17,955 - INFO - Mqtt Inserted to the Database
2025-01-29 14:22:38,041 - INFO - Mqtt Inserted to the Database
2025-01-29 14:22:58,120 - INFO - Mqtt Inserted to the Database
2025-01-29 14:23:18,186 - INFO - Mqtt Inserted to the Database
2025-01-29 14:23:38,271 - INFO - Mqtt Inserted to the Database
2025-01-29 14:23:58,308 - INFO - Mqtt Inserted to the Database
2025-01-29 14:24:18,391 - INFO - Mqtt Inserted to the Database
2025-01-29 14:24:38,486 - INFO - Mqtt Inserted to the Database
2025-01-29 14:24:58,555 - INFO - Mqtt Inserted to the Database
2025-01-29 14:25:18,588 - INFO - Mqtt Inserted to the Database
2025-01-29 14:25:38,672 - INFO - Mqtt Inserted to the Database
2025-01-29 14:25:58,760 - INFO - Mqtt Inserted to the Database
2025-01-29 14:26:18,840 - INFO - Mqtt Inserted to the Database
2025-01-29 14:26:38,881 - INFO - Mqtt Inserted to the Database
2025-01-29 14:26:58,961 - INFO - Mqtt Inserted to the Database
2025-01-29 14:27:19,023 - INFO - Mqtt Inserted to the Database
2025-01-29 14:27:20,040 - INFO - Mqtt Inserted to the Database
2025-01-29 14:27:21,056 - INFO - Mqtt Inserted to the Database
2025-01-29 14:27:39,110 - INFO - Mqtt Inserted to the Database
2025-01-29 14:27:59,162 - INFO - Mqtt Inserted to the Database
2025-01-29 14:28:19,235 - INFO - Mqtt Inserted to the Database
2025-01-29 14:28:39,322 - INFO - Mqtt Inserted to the Database
2025-01-29 14:28:59,393 - INFO - Mqtt Inserted to the Database
2025-01-29 14:29:19,519 - INFO - Mqtt Inserted to the Database
2025-01-29 14:29:39,515 - INFO - Mqtt Inserted to the Database
2025-01-29 14:29:59,586 - INFO - Mqtt Inserted to the Database
2025-01-29 14:30:19,670 - INFO - Mqtt Inserted to the Database
2025-01-29 14:30:39,716 - INFO - Mqtt Inserted to the Database
2025-01-29 14:30:59,802 - INFO - Mqtt Inserted to the Database
2025-01-29 14:31:19,880 - INFO - Mqtt Inserted to the Database
2025-01-29 14:31:39,922 - INFO - Mqtt Inserted to the Database
2025-01-29 14:31:59,991 - INFO - Mqtt Inserted to the Database
2025-01-29 14:32:20,076 - INFO - Mqtt Inserted to the Database
2025-01-29 14:32:40,168 - INFO - Mqtt Inserted to the Database
2025-01-29 14:32:41,180 - INFO - Mqtt Inserted to the Database
2025-01-29 14:32:42,193 - INFO - Mqtt Inserted to the Database
2025-01-29 14:33:00,205 - INFO - Mqtt Inserted to the Database
2025-01-29 14:33:20,294 - INFO - Mqtt Inserted to the Database
2025-01-29 14:33:40,357 - INFO - Mqtt Inserted to the Database
2025-01-29 14:34:00,434 - INFO - Mqtt Inserted to the Database
2025-01-29 14:34:20,485 - INFO - Mqtt Inserted to the Database
2025-01-29 14:34:40,559 - INFO - Mqtt Inserted to the Database
2025-01-29 14:35:00,635 - INFO - Mqtt Inserted to the Database
2025-01-29 14:35:20,711 - INFO - Mqtt Inserted to the Database
2025-01-29 14:35:40,803 - INFO - Mqtt Inserted to the Database
2025-01-29 14:36:00,886 - INFO - Mqtt Inserted to the Database
2025-01-29 14:36:20,914 - INFO - Mqtt Inserted to the Database
2025-01-29 14:36:40,997 - INFO - Mqtt Inserted to the Database
2025-01-29 14:37:01,119 - INFO - Mqtt Inserted to the Database
2025-01-29 14:37:21,122 - INFO - Mqtt Inserted to the Database
2025-01-29 14:37:41,193 - INFO - Mqtt Inserted to the Database
2025-01-29 14:38:01,283 - INFO - Mqtt Inserted to the Database
2025-01-29 14:38:02,298 - INFO - Mqtt Inserted to the Database
2025-01-29 14:38:03,312 - INFO - Mqtt Inserted to the Database
2025-01-29 14:38:21,367 - INFO - Mqtt Inserted to the Database
2025-01-29 14:38:41,442 - INFO - Mqtt Inserted to the Database
2025-01-29 14:39:01,525 - INFO - Mqtt Inserted to the Database
2025-01-29 14:39:21,557 - INFO - Mqtt Inserted to the Database
2025-01-29 14:39:41,639 - INFO - Mqtt Inserted to the Database
2025-01-29 14:40:01,686 - INFO - Mqtt Inserted to the Database
2025-01-29 14:40:21,760 - INFO - Mqtt Inserted to the Database
2025-01-29 14:40:41,853 - INFO - Mqtt Inserted to the Database
2025-01-29 14:41:01,929 - INFO - Mqtt Inserted to the Database
2025-01-29 14:41:21,970 - INFO - Mqtt Inserted to the Database
2025-01-29 14:41:42,044 - INFO - Mqtt Inserted to the Database
2025-01-29 14:42:02,128 - INFO - Mqtt Inserted to the Database
2025-01-29 14:42:22,200 - INFO - Mqtt Inserted to the Database
2025-01-29 14:42:42,249 - INFO - Mqtt Inserted to the Database
2025-01-29 14:43:02,329 - INFO - Mqtt Inserted to the Database
2025-01-29 14:43:22,400 - INFO - Mqtt Inserted to the Database
2025-01-29 14:43:23,419 - INFO - Mqtt Inserted to the Database
2025-01-29 14:43:24,433 - INFO - Mqtt Inserted to the Database
2025-01-29 14:43:42,490 - INFO - Mqtt Inserted to the Database
2025-01-29 14:44:02,550 - INFO - Mqtt Inserted to the Database
2025-01-29 14:44:22,598 - INFO - Mqtt Inserted to the Database
2025-01-29 14:44:42,689 - INFO - Mqtt Inserted to the Database
2025-01-29 14:45:02,763 - INFO - Mqtt Inserted to the Database
2025-01-29 14:45:22,851 - INFO - Mqtt Inserted to the Database
2025-01-29 14:45:42,921 - INFO - Mqtt Inserted to the Database
2025-01-29 14:46:02,970 - INFO - Mqtt Inserted to the Database
2025-01-29 14:46:23,051 - INFO - Mqtt Inserted to the Database
2025-01-29 14:46:43,114 - INFO - Mqtt Inserted to the Database
2025-01-29 14:47:03,169 - INFO - Mqtt Inserted to the Database
2025-01-29 14:47:23,244 - INFO - Mqtt Inserted to the Database
2025-01-29 14:47:43,310 - INFO - Mqtt Inserted to the Database
2025-01-29 14:48:03,401 - INFO - Mqtt Inserted to the Database
2025-01-29 14:48:23,442 - INFO - Mqtt Inserted to the Database
2025-01-29 14:48:43,560 - INFO - Mqtt Inserted to the Database
2025-01-29 14:48:44,582 - INFO - Mqtt Inserted to the Database
2025-01-29 14:48:45,594 - INFO - Mqtt Inserted to the Database
2025-01-29 14:49:03,644 - INFO - Mqtt Inserted to the Database
2025-01-29 14:49:23,687 - INFO - Mqtt Inserted to the Database
2025-01-29 14:49:43,766 - INFO - Mqtt Inserted to the Database
2025-01-29 14:50:03,857 - INFO - Mqtt Inserted to the Database
2025-01-29 14:50:23,891 - INFO - Mqtt Inserted to the Database
2025-01-29 14:50:43,962 - INFO - Mqtt Inserted to the Database
2025-01-29 14:51:04,145 - INFO - Mqtt Inserted to the Database
2025-01-29 14:51:24,113 - INFO - Mqtt Inserted to the Database
2025-01-29 14:51:44,159 - INFO - Mqtt Inserted to the Database
2025-01-29 14:52:04,241 - INFO - Mqtt Inserted to the Database
2025-01-29 14:52:24,336 - INFO - Mqtt Inserted to the Database
2025-01-29 14:52:44,407 - INFO - Mqtt Inserted to the Database
2025-01-29 14:53:04,457 - INFO - Mqtt Inserted to the Database
2025-01-29 14:53:24,518 - INFO - Mqtt Inserted to the Database
2025-01-29 14:53:44,615 - INFO - Mqtt Inserted to the Database
2025-01-29 14:54:04,679 - INFO - Mqtt Inserted to the Database
2025-01-29 14:54:05,697 - INFO - Mqtt Inserted to the Database
2025-01-29 14:54:06,707 - INFO - Mqtt Inserted to the Database
2025-01-29 14:54:24,756 - INFO - Mqtt Inserted to the Database
2025-01-29 14:54:44,803 - INFO - Mqtt Inserted to the Database
2025-01-29 14:55:04,880 - INFO - Mqtt Inserted to the Database
2025-01-29 14:55:24,971 - INFO - Mqtt Inserted to the Database
2025-01-29 14:55:45,065 - INFO - Mqtt Inserted to the Database
2025-01-29 14:56:05,084 - INFO - Mqtt Inserted to the Database
2025-01-29 14:56:25,173 - INFO - Mqtt Inserted to the Database
2025-01-29 14:56:45,209 - INFO - Mqtt Inserted to the Database
2025-01-29 14:57:05,330 - INFO - Mqtt Inserted to the Database
2025-01-29 14:57:25,376 - INFO - Mqtt Inserted to the Database
2025-01-29 14:57:45,452 - INFO - Mqtt Inserted to the Database
2025-01-29 14:58:05,510 - INFO - Mqtt Inserted to the Database
2025-01-29 14:58:25,585 - INFO - Mqtt Inserted to the Database
2025-01-29 14:58:45,649 - INFO - Mqtt Inserted to the Database
2025-01-29 14:59:05,731 - INFO - Mqtt Inserted to the Database
2025-01-29 14:59:25,778 - INFO - Mqtt Inserted to the Database
2025-01-29 14:59:26,797 - INFO - Mqtt Inserted to the Database
2025-01-29 14:59:27,807 - INFO - Mqtt Inserted to the Database
2025-01-29 14:59:45,938 - INFO - Mqtt Inserted to the Database
2025-01-29 15:00:06,061 - INFO - Mqtt Inserted to the Database
2025-01-29 15:00:26,017 - INFO - Mqtt Inserted to the Database
2025-01-29 15:00:46,051 - INFO - Mqtt Inserted to the Database
2025-01-29 15:01:06,119 - INFO - Mqtt Inserted to the Database
2025-01-29 15:01:26,219 - INFO - Mqtt Inserted to the Database
2025-01-29 15:01:46,311 - INFO - Mqtt Inserted to the Database
2025-01-29 15:02:06,369 - INFO - Mqtt Inserted to the Database
2025-01-29 15:02:26,542 - INFO - Mqtt Inserted to the Database
2025-01-29 15:02:46,450 - INFO - Mqtt Inserted to the Database
2025-01-29 15:03:06,579 - INFO - Mqtt Inserted to the Database
2025-01-29 15:03:26,612 - INFO - Mqtt Inserted to the Database
2025-01-29 15:03:46,700 - INFO - Mqtt Inserted to the Database
2025-01-29 15:04:06,780 - INFO - Mqtt Inserted to the Database
2025-01-29 15:04:26,814 - INFO - Mqtt Inserted to the Database
2025-01-29 15:04:46,894 - INFO - Mqtt Inserted to the Database
2025-01-29 15:04:47,917 - INFO - Mqtt Inserted to the Database
2025-01-29 15:04:48,929 - INFO - Mqtt Inserted to the Database
2025-01-29 15:05:06,978 - INFO - Mqtt Inserted to the Database
2025-01-29 15:05:27,059 - INFO - Mqtt Inserted to the Database
2025-01-29 15:05:47,124 - INFO - Mqtt Inserted to the Database
2025-01-29 15:06:07,165 - INFO - Mqtt Inserted to the Database
2025-01-29 15:06:27,260 - INFO - Mqtt Inserted to the Database
2025-01-29 15:06:47,340 - INFO - Mqtt Inserted to the Database
2025-01-29 15:07:07,377 - INFO - Mqtt Inserted to the Database
2025-01-29 15:07:27,455 - INFO - Mqtt Inserted to the Database
2025-01-29 15:07:47,551 - INFO - Mqtt Inserted to the Database
2025-01-29 15:08:07,615 - INFO - Mqtt Inserted to the Database
2025-01-29 15:08:27,661 - INFO - Mqtt Inserted to the Database
2025-01-29 15:08:47,769 - INFO - Mqtt Inserted to the Database
2025-01-29 15:09:07,817 - INFO - Mqtt Inserted to the Database
2025-01-29 15:09:27,873 - INFO - Mqtt Inserted to the Database
2025-01-29 15:09:47,966 - INFO - Mqtt Inserted to the Database
2025-01-29 15:10:08,045 - INFO - Mqtt Inserted to the Database
2025-01-29 15:10:09,062 - INFO - Mqtt Inserted to the Database
2025-01-29 15:10:10,077 - INFO - Mqtt Inserted to the Database
2025-01-29 15:10:28,084 - INFO - Mqtt Inserted to the Database
2025-01-29 15:10:48,160 - INFO - Mqtt Inserted to the Database
2025-01-29 15:11:08,234 - INFO - Mqtt Inserted to the Database
2025-01-29 15:11:28,284 - INFO - Mqtt Inserted to the Database
2025-01-29 15:11:48,378 - INFO - Mqtt Inserted to the Database
2025-01-29 15:12:08,441 - INFO - Mqtt Inserted to the Database
2025-01-29 15:12:28,496 - INFO - Mqtt Inserted to the Database
2025-01-29 15:12:50,237 - INFO - Mqtt Inserted to the Database
2025-01-29 15:13:08,775 - INFO - Mqtt Inserted to the Database
2025-01-29 15:13:28,720 - INFO - Mqtt Inserted to the Database
2025-01-29 15:13:48,813 - INFO - Mqtt Inserted to the Database
2025-01-29 15:14:08,850 - INFO - Mqtt Inserted to the Database
2025-01-29 15:14:28,931 - INFO - Mqtt Inserted to the Database
2025-01-29 15:14:49,017 - INFO - Mqtt Inserted to the Database
2025-01-29 15:15:09,112 - INFO - Mqtt Inserted to the Database
2025-01-29 15:15:29,177 - INFO - Mqtt Inserted to the Database
2025-01-29 15:15:30,190 - INFO - Mqtt Inserted to the Database
