2025-03-25 23:29:08,671 - INFO - package: mysql.connector.plugins
2025-03-25 23:29:08,672 - INFO - plugin_name: mysql_native_password
2025-03-25 23:29:08,678 - INFO - AUTHENTICATION_PLUGIN_CLASS: MySQLNativePasswordAuthPlugin
2025-03-25 23:29:08,688 - ERROR - Database Connection Faild
2025-03-25 23:29:29,162 - INFO - package: mysql.connector.plugins
2025-03-25 23:29:29,163 - INFO - plugin_name: mysql_native_password
2025-03-25 23:29:29,163 - INFO - AUTHENTICATION_PLUGIN_CLASS: MySQLNativePasswordAuthPlugin
2025-03-25 23:30:08,155 - ERROR - Database Connection Faild
2025-03-25 23:30:09,373 - INFO - package: mysql.connector.plugins
2025-03-25 23:30:09,374 - INFO - plugin_name: mysql_native_password
2025-03-25 23:30:09,374 - INFO - AUTHENTICATION_PLUGIN_CLASS: MySQLNativePasswordAuthPlugin
2025-03-25 23:30:09,380 - INFO - Database is connected
2025-03-25 23:30:20,030 - INFO - Connected to MQTT Broker!
2025-03-26 08:40:11,478 - INFO - Connected to MQTT Broker!
2025-03-26 09:09:27,306 - INFO - package: mysql.connector.plugins
2025-03-26 09:09:27,306 - INFO - plugin_name: mysql_native_password
2025-03-26 09:09:27,313 - INFO - AUTHENTICATION_PLUGIN_CLASS: MySQLNativePasswordAuthPlugin
2025-03-26 09:09:27,329 - ERROR - Database Connection Faild
2025-03-26 09:09:42,332 - ERROR - Database Connection Faild
2025-03-26 09:09:44,970 - INFO - package: mysql.connector.plugins
2025-03-26 09:09:44,971 - INFO - plugin_name: mysql_native_password
2025-03-26 09:09:44,971 - INFO - AUTHENTICATION_PLUGIN_CLASS: MySQLNativePasswordAuthPlugin
2025-03-26 09:09:44,973 - ERROR - Database Connection Faild
2025-03-26 09:09:57,339 - ERROR - Database Connection Faild
2025-03-26 09:09:59,980 - ERROR - Database Connection Faild
2025-03-26 09:10:12,342 - ERROR - Database Connection Faild
2025-03-26 09:10:14,993 - ERROR - Database Connection Faild
2025-03-26 09:10:27,349 - ERROR - Database Connection Faild
2025-03-26 09:10:29,997 - ERROR - Database Connection Faild
2025-03-26 09:10:42,351 - ERROR - Database Connection Faild
2025-03-26 09:10:45,001 - ERROR - Database Connection Faild
2025-03-26 09:10:57,353 - ERROR - Database Connection Faild
2025-03-26 09:11:00,003 - ERROR - Database Connection Faild
2025-03-26 09:11:12,360 - ERROR - Database Connection Faild
2025-03-26 09:11:15,009 - ERROR - Database Connection Faild
2025-03-26 09:11:27,363 - ERROR - Database Connection Faild
2025-03-26 09:11:30,014 - ERROR - Database Connection Faild
2025-03-26 09:11:42,369 - ERROR - Database Connection Faild
2025-03-26 09:11:45,016 - ERROR - Database Connection Faild
2025-03-26 09:11:57,375 - ERROR - Database Connection Faild
2025-03-26 09:12:00,020 - ERROR - Database Connection Faild
2025-03-26 09:12:12,381 - ERROR - Database Connection Faild
2025-03-26 09:12:15,025 - ERROR - Database Connection Faild
2025-03-26 09:12:27,388 - ERROR - Database Connection Faild
2025-03-26 09:12:30,030 - ERROR - Database Connection Faild
2025-03-26 09:12:42,394 - ERROR - Database Connection Faild
2025-03-26 09:12:45,035 - ERROR - Database Connection Faild
2025-03-26 09:12:57,401 - ERROR - Database Connection Faild
2025-03-26 09:13:00,041 - ERROR - Database Connection Faild
2025-03-26 09:13:12,406 - ERROR - Database Connection Faild
2025-03-26 09:13:15,048 - ERROR - Database Connection Faild
2025-03-26 09:13:27,414 - ERROR - Database Connection Faild
2025-03-26 09:13:30,055 - ERROR - Database Connection Faild
2025-03-26 09:13:42,421 - ERROR - Database Connection Faild
2025-03-26 09:13:45,058 - ERROR - Database Connection Faild
2025-03-26 09:13:57,423 - ERROR - Database Connection Faild
2025-03-26 09:14:00,064 - ERROR - Database Connection Faild
2025-03-26 09:14:12,430 - ERROR - Database Connection Faild
2025-03-26 09:14:15,071 - ERROR - Database Connection Faild
2025-03-26 09:14:27,437 - ERROR - Database Connection Faild
2025-03-26 09:14:30,078 - ERROR - Database Connection Faild
2025-03-26 09:14:42,443 - ERROR - Database Connection Faild
2025-03-26 09:14:45,081 - ERROR - Database Connection Faild
2025-03-26 09:14:57,446 - ERROR - Database Connection Faild
2025-03-26 09:15:00,084 - ERROR - Database Connection Faild
2025-03-26 09:15:12,448 - ERROR - Database Connection Faild
2025-03-26 09:15:15,092 - ERROR - Database Connection Faild
2025-03-26 09:15:27,455 - ERROR - Database Connection Faild
2025-03-26 09:15:30,098 - ERROR - Database Connection Faild
2025-03-26 09:15:42,461 - ERROR - Database Connection Faild
2025-03-26 09:15:45,102 - ERROR - Database Connection Faild
2025-03-26 09:15:57,467 - ERROR - Database Connection Faild
2025-03-26 09:16:00,109 - ERROR - Database Connection Faild
2025-03-26 09:16:12,475 - ERROR - Database Connection Faild
2025-03-26 09:16:15,116 - ERROR - Database Connection Faild
2025-03-26 09:16:27,482 - ERROR - Database Connection Faild
2025-03-26 09:16:30,123 - ERROR - Database Connection Faild
2025-03-26 09:16:42,488 - ERROR - Database Connection Faild
2025-03-26 09:16:45,125 - ERROR - Database Connection Faild
2025-03-26 09:16:57,496 - ERROR - Database Connection Faild
2025-03-26 09:17:00,132 - ERROR - Database Connection Faild
2025-03-26 09:17:12,503 - ERROR - Database Connection Faild
2025-03-26 09:17:15,137 - ERROR - Database Connection Faild
2025-03-26 09:17:27,506 - ERROR - Database Connection Faild
2025-03-26 09:17:30,144 - ERROR - Database Connection Faild
2025-03-26 09:17:42,513 - ERROR - Database Connection Faild
2025-03-26 09:17:45,151 - ERROR - Database Connection Faild
2025-03-26 09:17:57,520 - ERROR - Database Connection Faild
2025-03-26 09:18:00,157 - ERROR - Database Connection Faild
2025-03-26 09:18:12,527 - ERROR - Database Connection Faild
2025-03-26 09:18:15,164 - ERROR - Database Connection Faild
2025-03-26 09:18:27,534 - ERROR - Database Connection Faild
2025-03-26 09:18:30,167 - ERROR - Database Connection Faild
2025-03-26 09:18:42,542 - ERROR - Database Connection Faild
2025-03-26 09:18:45,173 - ERROR - Database Connection Faild
2025-03-26 09:18:57,546 - ERROR - Database Connection Faild
2025-03-26 09:19:00,180 - ERROR - Database Connection Faild
2025-03-26 09:19:12,553 - ERROR - Database Connection Faild
2025-03-26 09:19:15,187 - ERROR - Database Connection Faild
2025-03-26 09:19:27,561 - ERROR - Database Connection Faild
2025-03-26 09:19:30,189 - ERROR - Database Connection Faild
2025-03-26 09:19:42,565 - ERROR - Database Connection Faild
2025-03-26 09:19:45,196 - ERROR - Database Connection Faild
2025-03-26 09:19:57,570 - ERROR - Database Connection Faild
2025-03-26 09:20:00,201 - ERROR - Database Connection Faild
2025-03-26 09:20:12,574 - ERROR - Database Connection Faild
2025-03-26 09:20:15,203 - ERROR - Database Connection Faild
2025-03-26 09:20:27,576 - ERROR - Database Connection Faild
2025-03-26 09:20:30,208 - ERROR - Database Connection Faild
2025-03-26 09:20:42,580 - ERROR - Database Connection Faild
2025-03-26 09:20:45,215 - ERROR - Database Connection Faild
2025-03-26 09:20:57,585 - ERROR - Database Connection Faild
2025-03-26 09:21:00,222 - ERROR - Database Connection Faild
2025-03-26 09:21:12,589 - ERROR - Database Connection Faild
2025-03-26 09:21:15,229 - ERROR - Database Connection Faild
2025-03-26 09:21:27,592 - ERROR - Database Connection Faild
2025-03-26 09:21:30,236 - ERROR - Database Connection Faild
2025-03-26 09:21:42,595 - ERROR - Database Connection Faild
2025-03-26 09:21:45,243 - ERROR - Database Connection Faild
2025-03-26 09:21:57,600 - ERROR - Database Connection Faild
2025-03-26 09:22:00,251 - ERROR - Database Connection Faild
2025-03-26 09:22:12,607 - ERROR - Database Connection Faild
2025-03-26 09:22:15,257 - ERROR - Database Connection Faild
2025-03-26 09:22:27,614 - ERROR - Database Connection Faild
2025-03-26 09:22:30,264 - ERROR - Database Connection Faild
2025-03-26 09:22:42,621 - ERROR - Database Connection Faild
2025-03-26 09:22:45,270 - ERROR - Database Connection Faild
2025-03-26 09:22:57,628 - ERROR - Database Connection Faild
2025-03-26 09:23:00,277 - ERROR - Database Connection Faild
2025-03-26 09:23:12,635 - ERROR - Database Connection Faild
2025-03-26 09:23:15,280 - ERROR - Database Connection Faild
2025-03-26 09:23:27,641 - ERROR - Database Connection Faild
2025-03-26 09:23:30,286 - ERROR - Database Connection Faild
2025-03-26 09:23:42,649 - ERROR - Database Connection Faild
2025-03-26 09:23:45,293 - ERROR - Database Connection Faild
2025-03-26 09:23:57,653 - ERROR - Database Connection Faild
2025-03-26 09:24:00,301 - ERROR - Database Connection Faild
2025-03-26 09:24:12,660 - ERROR - Database Connection Faild
2025-03-26 09:24:15,308 - ERROR - Database Connection Faild
2025-03-26 09:24:27,661 - ERROR - Database Connection Faild
2025-03-26 09:24:30,315 - ERROR - Database Connection Faild
2025-03-26 09:24:42,669 - ERROR - Database Connection Faild
2025-03-26 09:24:45,323 - ERROR - Database Connection Faild
2025-03-26 09:24:57,673 - ERROR - Database Connection Faild
2025-03-26 09:25:00,330 - ERROR - Database Connection Faild
2025-03-26 09:25:12,679 - ERROR - Database Connection Faild
2025-03-26 09:25:15,332 - ERROR - Database Connection Faild
2025-03-26 09:25:27,682 - ERROR - Database Connection Faild
2025-03-26 09:25:30,339 - ERROR - Database Connection Faild
2025-03-26 09:25:42,691 - ERROR - Database Connection Faild
2025-03-26 09:25:45,343 - ERROR - Database Connection Faild
2025-03-26 09:25:57,693 - ERROR - Database Connection Faild
2025-03-26 09:26:00,347 - ERROR - Database Connection Faild
2025-03-26 09:26:12,700 - ERROR - Database Connection Faild
2025-03-26 09:26:15,354 - ERROR - Database Connection Faild
2025-03-26 09:26:27,707 - ERROR - Database Connection Faild
2025-03-26 09:26:30,357 - ERROR - Database Connection Faild
2025-03-26 09:26:42,714 - ERROR - Database Connection Faild
2025-03-26 09:26:45,364 - ERROR - Database Connection Faild
2025-03-26 09:26:57,722 - ERROR - Database Connection Faild
2025-03-26 09:27:00,371 - ERROR - Database Connection Faild
2025-03-26 09:27:12,729 - ERROR - Database Connection Faild
2025-03-26 09:27:15,375 - ERROR - Database Connection Faild
2025-03-26 09:27:27,736 - ERROR - Database Connection Faild
2025-03-26 09:27:30,382 - ERROR - Database Connection Faild
2025-03-26 09:27:42,739 - ERROR - Database Connection Faild
2025-03-26 09:27:45,389 - ERROR - Database Connection Faild
2025-03-26 09:27:57,745 - ERROR - Database Connection Faild
2025-03-26 09:28:00,395 - ERROR - Database Connection Faild
2025-03-26 09:28:12,750 - ERROR - Database Connection Faild
2025-03-26 09:28:15,402 - ERROR - Database Connection Faild
2025-03-26 09:28:27,757 - ERROR - Database Connection Faild
2025-03-26 09:28:30,408 - ERROR - Database Connection Faild
2025-03-26 09:28:42,763 - ERROR - Database Connection Faild
2025-03-26 09:28:45,410 - ERROR - Database Connection Faild
2025-03-26 09:28:57,768 - ERROR - Database Connection Faild
2025-03-26 09:29:00,417 - ERROR - Database Connection Faild
2025-03-26 09:29:12,771 - ERROR - Database Connection Faild
2025-03-26 09:29:15,419 - ERROR - Database Connection Faild
2025-03-26 09:29:27,773 - ERROR - Database Connection Faild
2025-03-26 09:29:30,426 - ERROR - Database Connection Faild
2025-03-26 09:29:42,779 - ERROR - Database Connection Faild
2025-03-26 09:29:45,433 - ERROR - Database Connection Faild
2025-03-26 09:29:57,786 - ERROR - Database Connection Faild
2025-03-26 09:30:00,439 - ERROR - Database Connection Faild
2025-03-26 09:30:12,789 - ERROR - Database Connection Faild
2025-03-26 09:30:15,442 - ERROR - Database Connection Faild
2025-03-26 09:30:27,793 - ERROR - Database Connection Faild
2025-03-26 09:30:30,444 - ERROR - Database Connection Faild
2025-03-26 09:30:42,797 - ERROR - Database Connection Faild
2025-03-26 09:30:45,446 - ERROR - Database Connection Faild
2025-03-26 09:30:57,801 - ERROR - Database Connection Faild
2025-03-26 09:31:00,449 - ERROR - Database Connection Faild
2025-03-26 09:31:12,808 - ERROR - Database Connection Faild
2025-03-26 09:31:15,453 - ERROR - Database Connection Faild
2025-03-26 09:31:27,811 - ERROR - Database Connection Faild
2025-03-26 09:31:30,460 - ERROR - Database Connection Faild
2025-03-26 09:31:42,815 - ERROR - Database Connection Faild
2025-03-26 09:31:45,465 - ERROR - Database Connection Faild
2025-03-26 09:31:57,822 - ERROR - Database Connection Faild
2025-03-26 09:32:00,472 - ERROR - Database Connection Faild
2025-03-26 09:32:12,829 - ERROR - Database Connection Faild
2025-03-26 09:32:15,479 - ERROR - Database Connection Faild
2025-03-26 09:32:27,836 - ERROR - Database Connection Faild
2025-03-26 09:32:30,485 - ERROR - Database Connection Faild
2025-03-26 09:32:42,841 - ERROR - Database Connection Faild
2025-03-26 09:32:45,492 - ERROR - Database Connection Faild
2025-03-26 09:32:57,848 - ERROR - Database Connection Faild
2025-03-26 09:33:00,494 - ERROR - Database Connection Faild
2025-03-26 09:33:12,856 - ERROR - Database Connection Faild
2025-03-26 09:33:15,496 - ERROR - Database Connection Faild
2025-03-26 09:33:27,859 - ERROR - Database Connection Faild
2025-03-26 09:33:30,503 - ERROR - Database Connection Faild
2025-03-26 09:33:42,865 - ERROR - Database Connection Faild
2025-03-26 09:33:45,509 - ERROR - Database Connection Faild
2025-03-26 09:33:57,870 - ERROR - Database Connection Faild
2025-03-26 09:34:00,517 - ERROR - Database Connection Faild
2025-03-26 09:34:12,877 - ERROR - Database Connection Faild
2025-03-26 09:34:15,523 - ERROR - Database Connection Faild
2025-03-26 09:34:27,880 - ERROR - Database Connection Faild
2025-03-26 09:34:30,528 - ERROR - Database Connection Faild
2025-03-26 09:34:42,882 - ERROR - Database Connection Faild
2025-03-26 09:34:45,535 - ERROR - Database Connection Faild
2025-03-26 09:34:57,889 - ERROR - Database Connection Faild
2025-03-26 09:35:00,540 - ERROR - Database Connection Faild
2025-03-26 09:35:12,892 - ERROR - Database Connection Faild
2025-03-26 09:35:15,542 - ERROR - Database Connection Faild
2025-03-26 09:35:27,898 - ERROR - Database Connection Faild
2025-03-26 09:35:30,546 - ERROR - Database Connection Faild
2025-03-26 09:35:42,901 - ERROR - Database Connection Faild
2025-03-26 09:35:45,555 - ERROR - Database Connection Faild
2025-03-26 09:35:57,902 - ERROR - Database Connection Faild
2025-03-26 09:36:00,559 - ERROR - Database Connection Faild
2025-03-26 09:36:12,906 - ERROR - Database Connection Faild
2025-03-26 09:36:15,563 - ERROR - Database Connection Faild
2025-03-26 09:36:27,912 - ERROR - Database Connection Faild
2025-03-26 09:36:30,573 - ERROR - Database Connection Faild
2025-03-26 09:36:42,916 - ERROR - Database Connection Faild
2025-03-26 09:36:45,576 - ERROR - Database Connection Faild
2025-03-26 09:36:57,923 - ERROR - Database Connection Faild
2025-03-26 09:37:00,585 - ERROR - Database Connection Faild
2025-03-26 09:37:12,931 - ERROR - Database Connection Faild
2025-03-26 09:37:15,592 - ERROR - Database Connection Faild
2025-03-26 09:37:27,939 - ERROR - Database Connection Faild
2025-03-26 09:37:30,596 - ERROR - Database Connection Faild
2025-03-26 09:37:42,943 - ERROR - Database Connection Faild
2025-03-26 09:37:45,601 - ERROR - Database Connection Faild
2025-03-26 09:37:57,949 - ERROR - Database Connection Faild
2025-03-26 09:38:00,602 - ERROR - Database Connection Faild
2025-03-26 09:38:12,951 - ERROR - Database Connection Faild
2025-03-26 09:38:15,609 - ERROR - Database Connection Faild
2025-03-26 09:38:27,958 - ERROR - Database Connection Faild
2025-03-26 09:38:30,617 - ERROR - Database Connection Faild
2025-03-26 09:38:42,966 - ERROR - Database Connection Faild
2025-03-26 09:38:45,624 - ERROR - Database Connection Faild
2025-03-26 09:38:57,971 - ERROR - Database Connection Faild
2025-03-26 09:39:00,631 - ERROR - Database Connection Faild
2025-03-26 09:39:12,975 - ERROR - Database Connection Faild
2025-03-26 09:39:15,638 - ERROR - Database Connection Faild
2025-03-26 09:39:27,981 - ERROR - Database Connection Faild
2025-03-26 09:39:30,645 - ERROR - Database Connection Faild
2025-03-26 09:39:42,989 - ERROR - Database Connection Faild
2025-03-26 09:39:45,648 - ERROR - Database Connection Faild
2025-03-26 09:39:57,993 - ERROR - Database Connection Faild
2025-03-26 09:40:00,653 - ERROR - Database Connection Faild
2025-03-26 09:40:13,000 - ERROR - Database Connection Faild
2025-03-26 09:40:15,657 - ERROR - Database Connection Faild
2025-03-26 09:40:28,008 - ERROR - Database Connection Faild
2025-03-26 09:40:30,665 - ERROR - Database Connection Faild
2025-03-26 09:40:43,014 - ERROR - Database Connection Faild
2025-03-26 09:40:45,668 - ERROR - Database Connection Faild
2025-03-26 09:40:58,023 - ERROR - Database Connection Faild
2025-03-26 09:41:00,676 - ERROR - Database Connection Faild
2025-03-26 09:41:13,030 - ERROR - Database Connection Faild
2025-03-26 09:41:15,682 - ERROR - Database Connection Faild
2025-03-26 09:41:28,033 - ERROR - Database Connection Faild
2025-03-26 09:41:30,685 - ERROR - Database Connection Faild
2025-03-26 09:41:43,038 - ERROR - Database Connection Faild
2025-03-26 09:41:45,692 - ERROR - Database Connection Faild
2025-03-26 09:41:58,046 - ERROR - Database Connection Faild
2025-03-26 09:42:00,697 - ERROR - Database Connection Faild
2025-03-26 09:42:13,053 - ERROR - Database Connection Faild
2025-03-26 09:42:15,704 - ERROR - Database Connection Faild
2025-03-26 09:42:28,060 - ERROR - Database Connection Faild
2025-03-26 09:42:30,709 - ERROR - Database Connection Faild
2025-03-26 09:42:43,067 - ERROR - Database Connection Faild
2025-03-26 09:42:45,716 - ERROR - Database Connection Faild
2025-03-26 09:42:58,074 - ERROR - Database Connection Faild
2025-03-26 09:43:00,720 - ERROR - Database Connection Faild
2025-03-26 09:43:13,077 - ERROR - Database Connection Faild
2025-03-26 09:43:15,727 - ERROR - Database Connection Faild
2025-03-26 09:43:28,081 - ERROR - Database Connection Faild
2025-03-26 09:43:30,731 - ERROR - Database Connection Faild
2025-03-26 09:43:43,084 - ERROR - Database Connection Faild
2025-03-26 09:43:45,735 - ERROR - Database Connection Faild
2025-03-26 09:43:58,086 - ERROR - Database Connection Faild
2025-03-26 09:44:00,741 - ERROR - Database Connection Faild
2025-03-26 09:44:13,088 - ERROR - Database Connection Faild
2025-03-26 09:44:15,745 - ERROR - Database Connection Faild
2025-03-26 09:44:28,091 - ERROR - Database Connection Faild
2025-03-26 09:44:30,752 - ERROR - Database Connection Faild
2025-03-26 09:44:43,095 - ERROR - Database Connection Faild
2025-03-26 09:44:45,759 - ERROR - Database Connection Faild
2025-03-26 09:44:58,096 - ERROR - Database Connection Faild
2025-03-26 09:45:00,766 - ERROR - Database Connection Faild
2025-03-26 09:45:13,100 - ERROR - Database Connection Faild
2025-03-26 09:45:15,768 - ERROR - Database Connection Faild
2025-03-26 09:45:28,105 - ERROR - Database Connection Faild
2025-03-26 09:45:30,774 - ERROR - Database Connection Faild
2025-03-26 09:45:43,109 - ERROR - Database Connection Faild
2025-03-26 09:45:45,776 - ERROR - Database Connection Faild
2025-03-26 09:45:58,115 - ERROR - Database Connection Faild
2025-03-26 09:46:00,784 - ERROR - Database Connection Faild
2025-03-26 09:46:13,122 - ERROR - Database Connection Faild
2025-03-26 09:46:15,787 - ERROR - Database Connection Faild
2025-03-26 09:46:28,129 - ERROR - Database Connection Faild
2025-03-26 09:46:30,793 - ERROR - Database Connection Faild
2025-03-26 09:46:43,136 - ERROR - Database Connection Faild
2025-03-26 09:46:45,800 - ERROR - Database Connection Faild
2025-03-26 09:46:58,143 - ERROR - Database Connection Faild
2025-03-26 09:47:00,807 - ERROR - Database Connection Faild
2025-03-26 09:47:13,150 - ERROR - Database Connection Faild
2025-03-26 09:47:15,814 - ERROR - Database Connection Faild
2025-03-26 09:47:28,157 - ERROR - Database Connection Faild
2025-03-26 09:47:30,819 - ERROR - Database Connection Faild
2025-03-26 09:47:43,161 - ERROR - Database Connection Faild
2025-03-26 09:47:45,825 - ERROR - Database Connection Faild
2025-03-26 09:47:58,167 - ERROR - Database Connection Faild
2025-03-26 09:48:00,829 - ERROR - Database Connection Faild
2025-03-26 09:48:13,172 - ERROR - Database Connection Faild
2025-03-26 09:48:15,831 - ERROR - Database Connection Faild
2025-03-26 09:48:28,179 - ERROR - Database Connection Faild
2025-03-26 09:48:30,838 - ERROR - Database Connection Faild
2025-03-26 09:48:43,181 - ERROR - Database Connection Faild
2025-03-26 09:48:45,841 - ERROR - Database Connection Faild
2025-03-26 09:48:58,188 - ERROR - Database Connection Faild
2025-03-26 09:49:00,848 - ERROR - Database Connection Faild
2025-03-26 09:49:13,190 - ERROR - Database Connection Faild
2025-03-26 09:49:15,858 - ERROR - Database Connection Faild
2025-03-26 09:49:28,197 - ERROR - Database Connection Faild
2025-03-26 09:49:30,862 - ERROR - Database Connection Faild
2025-03-26 09:49:43,200 - ERROR - Database Connection Faild
2025-03-26 09:49:45,869 - ERROR - Database Connection Faild
2025-03-26 09:49:58,206 - ERROR - Database Connection Faild
2025-03-26 09:50:00,876 - ERROR - Database Connection Faild
2025-03-26 09:50:13,213 - ERROR - Database Connection Faild
2025-03-26 09:50:15,883 - ERROR - Database Connection Faild
2025-03-26 09:50:28,217 - ERROR - Database Connection Faild
2025-03-26 09:50:30,885 - ERROR - Database Connection Faild
2025-03-26 09:50:43,220 - ERROR - Database Connection Faild
2025-03-26 09:50:45,888 - ERROR - Database Connection Faild
2025-03-26 09:50:58,227 - ERROR - Database Connection Faild
2025-03-26 09:51:00,890 - ERROR - Database Connection Faild
2025-03-26 09:51:13,233 - ERROR - Database Connection Faild
2025-03-26 09:51:15,892 - ERROR - Database Connection Faild
2025-03-26 09:51:28,240 - ERROR - Database Connection Faild
2025-03-26 09:51:30,894 - ERROR - Database Connection Faild
2025-03-26 09:51:43,248 - ERROR - Database Connection Faild
2025-03-26 09:51:45,899 - ERROR - Database Connection Faild
2025-03-26 09:51:58,254 - ERROR - Database Connection Faild
2025-03-26 09:52:00,901 - ERROR - Database Connection Faild
2025-03-26 09:52:13,261 - ERROR - Database Connection Faild
2025-03-26 09:52:15,908 - ERROR - Database Connection Faild
2025-03-26 09:52:28,268 - ERROR - Database Connection Faild
2025-03-26 09:52:30,915 - ERROR - Database Connection Faild
2025-03-26 09:52:43,275 - ERROR - Database Connection Faild
2025-03-26 09:52:45,917 - ERROR - Database Connection Faild
2025-03-26 09:52:58,278 - ERROR - Database Connection Faild
2025-03-26 09:53:00,924 - ERROR - Database Connection Faild
2025-03-26 09:53:13,281 - ERROR - Database Connection Faild
2025-03-26 09:53:15,927 - ERROR - Database Connection Faild
2025-03-26 09:53:28,284 - ERROR - Database Connection Faild
2025-03-26 09:53:30,933 - ERROR - Database Connection Faild
2025-03-26 09:53:43,291 - ERROR - Database Connection Faild
2025-03-26 09:53:45,935 - ERROR - Database Connection Faild
2025-03-26 09:53:58,294 - ERROR - Database Connection Faild
2025-03-26 09:54:00,943 - ERROR - Database Connection Faild
2025-03-26 09:54:13,301 - ERROR - Database Connection Faild
2025-03-26 09:54:15,949 - ERROR - Database Connection Faild
2025-03-26 09:54:28,308 - ERROR - Database Connection Faild
2025-03-26 09:54:30,953 - ERROR - Database Connection Faild
2025-03-26 09:54:43,310 - ERROR - Database Connection Faild
2025-03-26 09:54:45,958 - ERROR - Database Connection Faild
2025-03-26 09:54:58,317 - ERROR - Database Connection Faild
2025-03-26 09:55:00,960 - ERROR - Database Connection Faild
2025-03-26 09:55:13,324 - ERROR - Database Connection Faild
2025-03-26 09:55:15,963 - ERROR - Database Connection Faild
2025-03-26 09:55:28,332 - ERROR - Database Connection Faild
2025-03-26 09:55:30,966 - ERROR - Database Connection Faild
2025-03-26 09:55:43,336 - ERROR - Database Connection Faild
2025-03-26 09:55:45,970 - ERROR - Database Connection Faild
2025-03-26 09:55:58,338 - ERROR - Database Connection Faild
2025-03-26 09:56:00,976 - ERROR - Database Connection Faild
2025-03-26 09:56:13,340 - ERROR - Database Connection Faild
2025-03-26 09:56:15,983 - ERROR - Database Connection Faild
2025-03-26 09:56:28,342 - ERROR - Database Connection Faild
2025-03-26 09:56:30,990 - ERROR - Database Connection Faild
2025-03-26 09:56:43,349 - ERROR - Database Connection Faild
2025-03-26 09:56:45,992 - ERROR - Database Connection Faild
2025-03-26 09:56:58,354 - ERROR - Database Connection Faild
2025-03-26 09:57:00,999 - ERROR - Database Connection Faild
2025-03-26 09:57:13,363 - ERROR - Database Connection Faild
2025-03-26 09:57:16,004 - ERROR - Database Connection Faild
2025-03-26 09:57:28,370 - ERROR - Database Connection Faild
2025-03-26 09:57:31,011 - ERROR - Database Connection Faild
2025-03-26 09:57:43,377 - ERROR - Database Connection Faild
2025-03-26 09:57:46,018 - ERROR - Database Connection Faild
2025-03-26 09:57:58,385 - ERROR - Database Connection Faild
2025-03-26 09:58:01,025 - ERROR - Database Connection Faild
2025-03-26 09:58:13,386 - ERROR - Database Connection Faild
2025-03-26 09:58:16,030 - ERROR - Database Connection Faild
2025-03-26 09:58:28,393 - ERROR - Database Connection Faild
2025-03-26 09:58:31,034 - ERROR - Database Connection Faild
2025-03-26 09:58:43,396 - ERROR - Database Connection Faild
2025-03-26 09:58:46,041 - ERROR - Database Connection Faild
2025-03-26 09:58:58,399 - ERROR - Database Connection Faild
2025-03-26 09:59:01,044 - ERROR - Database Connection Faild
2025-03-26 09:59:13,401 - ERROR - Database Connection Faild
2025-03-26 09:59:16,052 - ERROR - Database Connection Faild
2025-03-26 09:59:28,408 - ERROR - Database Connection Faild
2025-03-26 09:59:31,059 - ERROR - Database Connection Faild
2025-03-26 09:59:43,411 - ERROR - Database Connection Faild
2025-03-26 09:59:46,067 - ERROR - Database Connection Faild
2025-03-26 09:59:58,413 - ERROR - Database Connection Faild
2025-03-26 10:00:01,074 - ERROR - Database Connection Faild
2025-03-26 10:00:13,421 - ERROR - Database Connection Faild
2025-03-26 10:00:16,077 - ERROR - Database Connection Faild
2025-03-26 10:00:28,428 - ERROR - Database Connection Faild
2025-03-26 10:00:31,084 - ERROR - Database Connection Faild
2025-03-26 10:00:43,435 - ERROR - Database Connection Faild
2025-03-26 10:00:46,090 - ERROR - Database Connection Faild
2025-03-26 10:00:58,442 - ERROR - Database Connection Faild
2025-03-26 10:01:01,097 - ERROR - Database Connection Faild
2025-03-26 10:01:13,444 - ERROR - Database Connection Faild
2025-03-26 10:01:16,103 - ERROR - Database Connection Faild
2025-03-26 10:01:28,451 - ERROR - Database Connection Faild
2025-03-26 10:01:31,105 - ERROR - Database Connection Faild
2025-03-26 10:01:43,458 - ERROR - Database Connection Faild
2025-03-26 10:01:46,112 - ERROR - Database Connection Faild
2025-03-26 10:01:58,465 - ERROR - Database Connection Faild
2025-03-26 10:02:01,120 - ERROR - Database Connection Faild
2025-03-26 10:02:13,472 - ERROR - Database Connection Faild
2025-03-26 10:02:16,125 - ERROR - Database Connection Faild
2025-03-26 10:02:28,478 - ERROR - Database Connection Faild
2025-03-26 10:02:31,131 - ERROR - Database Connection Faild
2025-03-26 10:02:43,485 - ERROR - Database Connection Faild
2025-03-26 10:02:46,136 - ERROR - Database Connection Faild
2025-03-26 10:02:58,487 - ERROR - Database Connection Faild
2025-03-26 10:03:01,143 - ERROR - Database Connection Faild
2025-03-26 10:03:13,489 - ERROR - Database Connection Faild
2025-03-26 10:03:16,148 - ERROR - Database Connection Faild
2025-03-26 10:03:28,492 - ERROR - Database Connection Faild
2025-03-26 10:03:31,154 - ERROR - Database Connection Faild
2025-03-26 10:03:43,499 - ERROR - Database Connection Faild
2025-03-26 10:03:46,157 - ERROR - Database Connection Faild
2025-03-26 10:03:58,502 - ERROR - Database Connection Faild
2025-03-26 10:04:01,163 - ERROR - Database Connection Faild
2025-03-26 10:04:13,509 - ERROR - Database Connection Faild
2025-03-26 10:04:16,171 - ERROR - Database Connection Faild
2025-03-26 10:04:28,516 - ERROR - Database Connection Faild
2025-03-26 10:04:31,177 - ERROR - Database Connection Faild
2025-03-26 10:04:43,523 - ERROR - Database Connection Faild
2025-03-26 10:04:46,180 - ERROR - Database Connection Faild
2025-03-26 10:04:58,530 - ERROR - Database Connection Faild
2025-03-26 10:05:01,187 - ERROR - Database Connection Faild
2025-03-26 10:05:13,533 - ERROR - Database Connection Faild
2025-03-26 10:05:16,192 - ERROR - Database Connection Faild
2025-03-26 10:05:28,535 - ERROR - Database Connection Faild
2025-03-26 10:05:31,196 - ERROR - Database Connection Faild
2025-03-26 10:05:43,541 - ERROR - Database Connection Faild
2025-03-26 10:05:46,198 - ERROR - Database Connection Faild
2025-03-26 10:05:58,548 - ERROR - Database Connection Faild
2025-03-26 10:06:01,206 - ERROR - Database Connection Faild
2025-03-26 10:06:13,555 - ERROR - Database Connection Faild
2025-03-26 10:06:16,213 - ERROR - Database Connection Faild
2025-03-26 10:06:28,557 - ERROR - Database Connection Faild
2025-03-26 10:06:31,220 - ERROR - Database Connection Faild
2025-03-26 10:06:43,560 - ERROR - Database Connection Faild
2025-03-26 10:06:46,226 - ERROR - Database Connection Faild
2025-03-26 10:06:58,568 - ERROR - Database Connection Faild
2025-03-26 10:07:01,233 - ERROR - Database Connection Faild
2025-03-26 10:07:13,572 - ERROR - Database Connection Faild
2025-03-26 10:07:16,239 - ERROR - Database Connection Faild
2025-03-26 10:07:28,580 - ERROR - Database Connection Faild
2025-03-26 10:07:31,247 - ERROR - Database Connection Faild
2025-03-26 10:07:43,587 - ERROR - Database Connection Faild
2025-03-26 10:07:46,253 - ERROR - Database Connection Faild
2025-03-26 10:07:58,590 - ERROR - Database Connection Faild
2025-03-26 10:08:01,256 - ERROR - Database Connection Faild
2025-03-26 10:08:13,596 - ERROR - Database Connection Faild
2025-03-26 10:08:16,263 - ERROR - Database Connection Faild
2025-03-26 10:08:28,603 - ERROR - Database Connection Faild
2025-03-26 10:08:31,266 - ERROR - Database Connection Faild
2025-03-26 10:08:43,609 - ERROR - Database Connection Faild
2025-03-26 10:08:46,269 - ERROR - Database Connection Faild
2025-03-26 10:08:58,615 - ERROR - Database Connection Faild
2025-03-26 10:09:01,274 - ERROR - Database Connection Faild
2025-03-26 10:09:13,617 - ERROR - Database Connection Faild
2025-03-26 10:09:16,276 - ERROR - Database Connection Faild
2025-03-26 10:09:28,625 - ERROR - Database Connection Faild
2025-03-26 10:09:31,280 - ERROR - Database Connection Faild
2025-03-26 10:09:43,632 - ERROR - Database Connection Faild
2025-03-26 10:09:46,286 - ERROR - Database Connection Faild
2025-03-26 10:09:58,635 - ERROR - Database Connection Faild
2025-03-26 10:10:01,293 - ERROR - Database Connection Faild
2025-03-26 10:10:13,640 - ERROR - Database Connection Faild
2025-03-26 10:10:16,296 - ERROR - Database Connection Faild
2025-03-26 10:10:28,646 - ERROR - Database Connection Faild
2025-03-26 10:10:31,299 - ERROR - Database Connection Faild
2025-03-26 10:10:43,653 - ERROR - Database Connection Faild
2025-03-26 10:10:46,302 - ERROR - Database Connection Faild
2025-03-26 10:10:58,660 - ERROR - Database Connection Faild
2025-03-26 10:11:01,306 - ERROR - Database Connection Faild
2025-03-26 10:11:13,667 - ERROR - Database Connection Faild
2025-03-26 10:11:16,311 - ERROR - Database Connection Faild
2025-03-26 10:11:28,673 - ERROR - Database Connection Faild
2025-03-26 10:11:31,316 - ERROR - Database Connection Faild
2025-03-26 10:11:43,680 - ERROR - Database Connection Faild
2025-03-26 10:11:46,323 - ERROR - Database Connection Faild
2025-03-26 10:11:58,682 - ERROR - Database Connection Faild
2025-03-26 10:12:01,330 - ERROR - Database Connection Faild
2025-03-26 10:12:13,689 - ERROR - Database Connection Faild
2025-03-26 10:12:16,336 - ERROR - Database Connection Faild
2025-03-26 10:12:28,696 - ERROR - Database Connection Faild
2025-03-26 10:12:31,343 - ERROR - Database Connection Faild
2025-03-26 10:12:43,703 - ERROR - Database Connection Faild
2025-03-26 10:12:46,350 - ERROR - Database Connection Faild
2025-03-26 10:12:58,708 - ERROR - Database Connection Faild
2025-03-26 10:13:01,357 - ERROR - Database Connection Faild
2025-03-26 10:13:13,711 - ERROR - Database Connection Faild
2025-03-26 10:13:16,360 - ERROR - Database Connection Faild
2025-03-26 10:13:28,718 - ERROR - Database Connection Faild
2025-03-26 10:13:31,367 - ERROR - Database Connection Faild
2025-03-26 10:13:43,725 - ERROR - Database Connection Faild
2025-03-26 10:13:46,369 - ERROR - Database Connection Faild
2025-03-26 10:13:58,732 - ERROR - Database Connection Faild
2025-03-26 10:14:01,377 - ERROR - Database Connection Faild
2025-03-26 10:14:13,739 - ERROR - Database Connection Faild
2025-03-26 10:14:16,384 - ERROR - Database Connection Faild
2025-03-26 10:14:28,741 - ERROR - Database Connection Faild
2025-03-26 10:14:31,387 - ERROR - Database Connection Faild
2025-03-26 10:14:43,744 - ERROR - Database Connection Faild
2025-03-26 10:14:46,394 - ERROR - Database Connection Faild
2025-03-26 10:14:58,747 - ERROR - Database Connection Faild
2025-03-26 10:15:01,396 - ERROR - Database Connection Faild
2025-03-26 10:15:13,754 - ERROR - Database Connection Faild
2025-03-26 10:15:16,403 - ERROR - Database Connection Faild
2025-03-26 10:15:28,757 - ERROR - Database Connection Faild
2025-03-26 10:15:31,409 - ERROR - Database Connection Faild
2025-03-26 10:15:43,764 - ERROR - Database Connection Faild
2025-03-26 10:15:46,416 - ERROR - Database Connection Faild
2025-03-26 10:15:58,766 - ERROR - Database Connection Faild
2025-03-26 10:16:01,424 - ERROR - Database Connection Faild
2025-03-26 10:16:13,773 - ERROR - Database Connection Faild
2025-03-26 10:16:16,426 - ERROR - Database Connection Faild
2025-03-26 10:16:28,775 - ERROR - Database Connection Faild
2025-03-26 10:16:31,429 - ERROR - Database Connection Faild
2025-03-26 10:16:43,781 - ERROR - Database Connection Faild
2025-03-26 10:16:46,430 - ERROR - Database Connection Faild
2025-03-26 10:16:58,785 - ERROR - Database Connection Faild
2025-03-26 10:17:01,432 - ERROR - Database Connection Faild
2025-03-26 10:17:13,788 - ERROR - Database Connection Faild
2025-03-26 10:17:16,435 - ERROR - Database Connection Faild
2025-03-26 10:17:28,793 - ERROR - Database Connection Faild
2025-03-26 10:17:31,437 - ERROR - Database Connection Faild
2025-03-26 10:17:43,799 - ERROR - Database Connection Faild
2025-03-26 10:17:46,439 - ERROR - Database Connection Faild
2025-03-26 10:17:58,804 - ERROR - Database Connection Faild
2025-03-26 10:18:01,442 - ERROR - Database Connection Faild
2025-03-26 10:18:13,810 - ERROR - Database Connection Faild
2025-03-26 10:18:16,448 - ERROR - Database Connection Faild
2025-03-26 10:18:28,815 - ERROR - Database Connection Faild
2025-03-26 10:18:31,455 - ERROR - Database Connection Faild
2025-03-26 10:18:43,821 - ERROR - Database Connection Faild
2025-03-26 10:18:46,456 - ERROR - Database Connection Faild
2025-03-26 10:18:58,825 - ERROR - Database Connection Faild
2025-03-26 10:19:01,464 - ERROR - Database Connection Faild
2025-03-26 10:19:13,829 - ERROR - Database Connection Faild
2025-03-26 10:19:16,466 - ERROR - Database Connection Faild
2025-03-26 10:19:28,836 - ERROR - Database Connection Faild
2025-03-26 10:19:31,472 - ERROR - Database Connection Faild
2025-03-26 10:19:43,841 - ERROR - Database Connection Faild
2025-03-26 10:19:46,479 - ERROR - Database Connection Faild
2025-03-26 10:19:58,844 - ERROR - Database Connection Faild
2025-03-26 10:20:01,487 - ERROR - Database Connection Faild
2025-03-26 10:20:13,853 - ERROR - Database Connection Faild
2025-03-26 10:20:16,490 - ERROR - Database Connection Faild
2025-03-26 10:20:28,855 - ERROR - Database Connection Faild
2025-03-26 10:20:31,492 - ERROR - Database Connection Faild
2025-03-26 10:20:43,858 - ERROR - Database Connection Faild
2025-03-26 10:20:46,495 - ERROR - Database Connection Faild
2025-03-26 10:20:58,861 - ERROR - Database Connection Faild
2025-03-26 10:21:01,502 - ERROR - Database Connection Faild
2025-03-26 10:21:13,865 - ERROR - Database Connection Faild
2025-03-26 10:21:16,504 - ERROR - Database Connection Faild
2025-03-26 10:21:28,867 - ERROR - Database Connection Faild
2025-03-26 10:21:31,509 - ERROR - Database Connection Faild
2025-03-26 10:21:43,874 - ERROR - Database Connection Faild
2025-03-26 10:21:46,511 - ERROR - Database Connection Faild
2025-03-26 10:21:58,876 - ERROR - Database Connection Faild
2025-03-26 10:22:01,515 - ERROR - Database Connection Faild
2025-03-26 10:22:13,883 - ERROR - Database Connection Faild
2025-03-26 10:22:16,519 - ERROR - Database Connection Faild
2025-03-26 10:22:28,886 - ERROR - Database Connection Faild
2025-03-26 10:22:31,525 - ERROR - Database Connection Faild
2025-03-26 10:22:43,888 - ERROR - Database Connection Faild
2025-03-26 10:22:46,532 - ERROR - Database Connection Faild
2025-03-26 10:22:58,895 - ERROR - Database Connection Faild
2025-03-26 10:23:01,539 - ERROR - Database Connection Faild
2025-03-26 10:23:13,903 - ERROR - Database Connection Faild
2025-03-26 10:23:16,545 - ERROR - Database Connection Faild
2025-03-26 10:23:28,904 - ERROR - Database Connection Faild
2025-03-26 10:23:31,549 - ERROR - Database Connection Faild
2025-03-26 10:23:43,911 - ERROR - Database Connection Faild
2025-03-26 10:23:46,555 - ERROR - Database Connection Faild
2025-03-26 10:23:58,913 - ERROR - Database Connection Faild
2025-03-26 10:24:01,559 - ERROR - Database Connection Faild
2025-03-26 10:24:13,918 - ERROR - Database Connection Faild
2025-03-26 10:24:16,562 - ERROR - Database Connection Faild
2025-03-26 10:24:28,922 - ERROR - Database Connection Faild
2025-03-26 10:24:31,569 - ERROR - Database Connection Faild
2025-03-26 10:24:43,926 - ERROR - Database Connection Faild
2025-03-26 10:24:46,572 - ERROR - Database Connection Faild
2025-03-26 10:24:58,933 - ERROR - Database Connection Faild
2025-03-26 10:25:01,579 - ERROR - Database Connection Faild
2025-03-26 10:25:13,940 - ERROR - Database Connection Faild
2025-03-26 10:25:16,581 - ERROR - Database Connection Faild
2025-03-26 10:25:28,942 - ERROR - Database Connection Faild
2025-03-26 10:25:31,588 - ERROR - Database Connection Faild
2025-03-26 10:25:43,945 - ERROR - Database Connection Faild
2025-03-26 10:25:46,591 - ERROR - Database Connection Faild
2025-03-26 10:25:58,951 - ERROR - Database Connection Faild
2025-03-26 10:26:01,598 - ERROR - Database Connection Faild
2025-03-26 10:26:13,956 - ERROR - Database Connection Faild
2025-03-26 10:26:16,603 - ERROR - Database Connection Faild
2025-03-26 10:26:28,961 - ERROR - Database Connection Faild
2025-03-26 10:26:31,607 - ERROR - Database Connection Faild
2025-03-26 10:26:43,966 - ERROR - Database Connection Faild
2025-03-26 10:26:46,611 - ERROR - Database Connection Faild
2025-03-26 10:26:58,970 - ERROR - Database Connection Faild
2025-03-26 10:27:01,615 - ERROR - Database Connection Faild
2025-03-26 10:27:13,972 - ERROR - Database Connection Faild
2025-03-26 10:27:16,617 - ERROR - Database Connection Faild
2025-03-26 10:27:28,979 - ERROR - Database Connection Faild
2025-03-26 10:27:31,624 - ERROR - Database Connection Faild
2025-03-26 10:27:43,981 - ERROR - Database Connection Faild
2025-03-26 10:27:46,626 - ERROR - Database Connection Faild
2025-03-26 10:27:58,989 - ERROR - Database Connection Faild
2025-03-26 10:28:01,630 - ERROR - Database Connection Faild
2025-03-26 10:28:13,995 - ERROR - Database Connection Faild
2025-03-26 10:28:16,636 - ERROR - Database Connection Faild
2025-03-26 10:28:28,999 - ERROR - Database Connection Faild
2025-03-26 10:28:31,643 - ERROR - Database Connection Faild
2025-03-26 10:28:44,002 - ERROR - Database Connection Faild
2025-03-26 10:28:46,647 - ERROR - Database Connection Faild
2025-03-26 10:28:59,004 - ERROR - Database Connection Faild
2025-03-26 10:29:01,654 - ERROR - Database Connection Faild
2025-03-26 10:29:14,006 - ERROR - Database Connection Faild
2025-03-26 10:29:16,661 - ERROR - Database Connection Faild
2025-03-26 10:29:29,010 - ERROR - Database Connection Faild
2025-03-26 10:29:31,663 - ERROR - Database Connection Faild
2025-03-26 10:29:44,016 - ERROR - Database Connection Faild
2025-03-26 10:29:46,666 - ERROR - Database Connection Faild
2025-03-26 10:29:59,020 - ERROR - Database Connection Faild
2025-03-26 10:30:01,673 - ERROR - Database Connection Faild
2025-03-26 10:30:14,027 - ERROR - Database Connection Faild
2025-03-26 10:30:16,680 - ERROR - Database Connection Faild
2025-03-26 10:30:29,031 - ERROR - Database Connection Faild
2025-03-26 10:30:31,683 - ERROR - Database Connection Faild
2025-03-26 10:30:44,034 - ERROR - Database Connection Faild
2025-03-26 10:30:46,690 - ERROR - Database Connection Faild
2025-03-26 10:30:59,038 - ERROR - Database Connection Faild
2025-03-26 10:31:01,697 - ERROR - Database Connection Faild
2025-03-26 10:31:14,044 - ERROR - Database Connection Faild
2025-03-26 10:31:16,704 - ERROR - Database Connection Faild
2025-03-26 10:31:29,048 - ERROR - Database Connection Faild
2025-03-26 10:31:31,712 - ERROR - Database Connection Faild
2025-03-26 10:31:44,055 - ERROR - Database Connection Faild
2025-03-26 10:31:46,788 - ERROR - Database Connection Faild
2025-03-26 10:31:59,057 - ERROR - Database Connection Faild
2025-03-26 10:32:01,792 - ERROR - Database Connection Faild
2025-03-26 10:32:14,064 - ERROR - Database Connection Faild
2025-03-26 10:32:16,795 - ERROR - Database Connection Faild
2025-03-26 10:32:29,067 - ERROR - Database Connection Faild
2025-03-26 10:32:31,804 - ERROR - Database Connection Faild
2025-03-26 10:32:44,071 - ERROR - Database Connection Faild
2025-03-26 10:32:46,805 - ERROR - Database Connection Faild
2025-03-26 10:32:59,078 - ERROR - Database Connection Faild
2025-03-26 10:33:01,812 - ERROR - Database Connection Faild
2025-03-26 10:33:14,080 - ERROR - Database Connection Faild
2025-03-26 10:33:16,817 - ERROR - Database Connection Faild
2025-03-26 10:33:29,084 - ERROR - Database Connection Faild
2025-03-26 10:33:31,820 - ERROR - Database Connection Faild
2025-03-26 10:33:44,088 - ERROR - Database Connection Faild
2025-03-26 10:33:46,826 - ERROR - Database Connection Faild
2025-03-26 10:33:59,096 - ERROR - Database Connection Faild
2025-03-26 10:34:01,829 - ERROR - Database Connection Faild
2025-03-26 10:34:14,105 - ERROR - Database Connection Faild
2025-03-26 10:34:16,833 - ERROR - Database Connection Faild
2025-03-26 10:34:29,110 - ERROR - Database Connection Faild
2025-03-26 10:34:31,840 - ERROR - Database Connection Faild
2025-03-26 10:34:44,117 - ERROR - Database Connection Faild
2025-03-26 10:34:46,844 - ERROR - Database Connection Faild
2025-03-26 10:34:59,125 - ERROR - Database Connection Faild
2025-03-26 10:35:01,848 - ERROR - Database Connection Faild
2025-03-26 10:35:14,133 - ERROR - Database Connection Faild
2025-03-26 10:35:16,856 - ERROR - Database Connection Faild
2025-03-26 10:35:29,135 - ERROR - Database Connection Faild
2025-03-26 10:35:31,862 - ERROR - Database Connection Faild
2025-03-26 10:35:44,141 - ERROR - Database Connection Faild
2025-03-26 10:35:46,864 - ERROR - Database Connection Faild
2025-03-26 10:35:59,145 - ERROR - Database Connection Faild
2025-03-26 10:36:01,870 - ERROR - Database Connection Faild
2025-03-26 10:36:14,150 - ERROR - Database Connection Faild
2025-03-26 10:36:16,873 - ERROR - Database Connection Faild
2025-03-26 10:36:29,157 - ERROR - Database Connection Faild
2025-03-26 10:36:31,879 - ERROR - Database Connection Faild
2025-03-26 10:36:44,160 - ERROR - Database Connection Faild
2025-03-26 10:36:46,882 - ERROR - Database Connection Faild
2025-03-26 10:36:59,167 - ERROR - Database Connection Faild
2025-03-26 10:37:01,888 - ERROR - Database Connection Faild
2025-03-26 10:37:14,169 - ERROR - Database Connection Faild
2025-03-26 10:37:16,896 - ERROR - Database Connection Faild
2025-03-26 10:37:29,177 - ERROR - Database Connection Faild
2025-03-26 10:37:31,902 - ERROR - Database Connection Faild
2025-03-26 10:37:44,181 - ERROR - Database Connection Faild
2025-03-26 10:37:46,909 - ERROR - Database Connection Faild
2025-03-26 10:37:59,187 - ERROR - Database Connection Faild
2025-03-26 10:38:01,916 - ERROR - Database Connection Faild
2025-03-26 10:38:14,195 - ERROR - Database Connection Faild
2025-03-26 10:38:16,923 - ERROR - Database Connection Faild
2025-03-26 10:38:29,202 - ERROR - Database Connection Faild
2025-03-26 10:38:31,930 - ERROR - Database Connection Faild
2025-03-26 10:38:44,209 - ERROR - Database Connection Faild
2025-03-26 10:38:46,937 - ERROR - Database Connection Faild
2025-03-26 10:38:59,216 - ERROR - Database Connection Faild
2025-03-26 10:39:01,939 - ERROR - Database Connection Faild
2025-03-26 10:39:14,223 - ERROR - Database Connection Faild
2025-03-26 10:39:16,945 - ERROR - Database Connection Faild
2025-03-26 10:39:29,230 - ERROR - Database Connection Faild
2025-03-26 10:39:31,949 - ERROR - Database Connection Faild
2025-03-26 10:39:44,237 - ERROR - Database Connection Faild
2025-03-26 10:39:46,954 - ERROR - Database Connection Faild
2025-03-26 10:39:59,244 - ERROR - Database Connection Faild
2025-03-26 10:40:01,961 - ERROR - Database Connection Faild
2025-03-26 10:40:14,251 - ERROR - Database Connection Faild
2025-03-26 10:40:16,968 - ERROR - Database Connection Faild
2025-03-26 10:40:29,258 - ERROR - Database Connection Faild
2025-03-26 10:40:31,975 - ERROR - Database Connection Faild
2025-03-26 10:40:44,265 - ERROR - Database Connection Faild
2025-03-26 10:40:46,979 - ERROR - Database Connection Faild
2025-03-26 10:40:59,273 - ERROR - Database Connection Faild
2025-03-26 10:41:01,984 - ERROR - Database Connection Faild
2025-03-26 10:41:14,280 - ERROR - Database Connection Faild
2025-03-26 10:41:16,990 - ERROR - Database Connection Faild
2025-03-26 10:41:29,286 - ERROR - Database Connection Faild
2025-03-26 10:41:31,997 - ERROR - Database Connection Faild
2025-03-26 10:41:44,292 - ERROR - Database Connection Faild
2025-03-26 10:41:47,003 - ERROR - Database Connection Faild
2025-03-26 10:41:59,297 - ERROR - Database Connection Faild
2025-03-26 10:42:02,010 - ERROR - Database Connection Faild
2025-03-26 10:42:14,302 - ERROR - Database Connection Faild
2025-03-26 10:42:17,012 - ERROR - Database Connection Faild
2025-03-26 10:42:29,304 - ERROR - Database Connection Faild
2025-03-26 10:42:32,015 - ERROR - Database Connection Faild
2025-03-26 10:42:44,306 - ERROR - Database Connection Faild
2025-03-26 10:42:47,019 - ERROR - Database Connection Faild
2025-03-26 10:42:59,312 - ERROR - Database Connection Faild
2025-03-26 10:43:02,020 - ERROR - Database Connection Faild
2025-03-26 10:43:14,319 - ERROR - Database Connection Faild
2025-03-26 10:43:17,022 - ERROR - Database Connection Faild
2025-03-26 10:43:29,322 - ERROR - Database Connection Faild
2025-03-26 10:43:32,024 - ERROR - Database Connection Faild
2025-03-26 10:43:44,326 - ERROR - Database Connection Faild
2025-03-26 10:43:47,030 - ERROR - Database Connection Faild
2025-03-26 10:43:59,328 - ERROR - Database Connection Faild
2025-03-26 10:44:02,033 - ERROR - Database Connection Faild
2025-03-26 10:44:14,330 - ERROR - Database Connection Faild
2025-03-26 10:44:17,036 - ERROR - Database Connection Faild
2025-03-26 10:44:29,333 - ERROR - Database Connection Faild
2025-03-26 10:44:32,039 - ERROR - Database Connection Faild
2025-03-26 10:44:44,335 - ERROR - Database Connection Faild
2025-03-26 10:44:47,043 - ERROR - Database Connection Faild
2025-03-26 10:44:59,338 - ERROR - Database Connection Faild
2025-03-26 10:45:02,049 - ERROR - Database Connection Faild
2025-03-26 10:45:14,342 - ERROR - Database Connection Faild
2025-03-26 10:45:17,056 - ERROR - Database Connection Faild
2025-03-26 10:45:29,345 - ERROR - Database Connection Faild
2025-03-26 10:45:32,060 - ERROR - Database Connection Faild
2025-03-26 10:45:44,352 - ERROR - Database Connection Faild
2025-03-26 10:45:47,068 - ERROR - Database Connection Faild
2025-03-26 10:45:59,354 - ERROR - Database Connection Faild
2025-03-26 10:46:02,070 - ERROR - Database Connection Faild
2025-03-26 10:46:14,361 - ERROR - Database Connection Faild
2025-03-26 10:46:17,073 - ERROR - Database Connection Faild
2025-03-26 10:46:29,368 - ERROR - Database Connection Faild
2025-03-26 10:46:32,075 - ERROR - Database Connection Faild
2025-03-26 10:46:44,375 - ERROR - Database Connection Faild
2025-03-26 10:46:47,078 - ERROR - Database Connection Faild
2025-03-26 10:46:59,378 - ERROR - Database Connection Faild
2025-03-26 10:47:02,085 - ERROR - Database Connection Faild
2025-03-26 10:47:14,381 - ERROR - Database Connection Faild
2025-03-26 10:47:17,091 - ERROR - Database Connection Faild
2025-03-26 10:47:29,384 - ERROR - Database Connection Faild
2025-03-26 10:47:32,096 - ERROR - Database Connection Faild
2025-03-26 10:47:44,391 - ERROR - Database Connection Faild
2025-03-26 10:47:47,103 - ERROR - Database Connection Faild
2025-03-26 10:47:59,395 - ERROR - Database Connection Faild
2025-03-26 10:48:02,109 - ERROR - Database Connection Faild
2025-03-26 10:48:14,402 - ERROR - Database Connection Faild
2025-03-26 10:48:17,113 - ERROR - Database Connection Faild
2025-03-26 10:48:29,405 - ERROR - Database Connection Faild
2025-03-26 10:48:32,116 - ERROR - Database Connection Faild
2025-03-26 10:48:44,412 - ERROR - Database Connection Faild
2025-03-26 10:48:47,119 - ERROR - Database Connection Faild
2025-03-26 10:48:59,419 - ERROR - Database Connection Faild
2025-03-26 10:49:02,125 - ERROR - Database Connection Faild
2025-03-26 10:49:14,422 - ERROR - Database Connection Faild
2025-03-26 10:49:17,128 - ERROR - Database Connection Faild
2025-03-26 10:49:29,425 - ERROR - Database Connection Faild
2025-03-26 10:49:32,131 - ERROR - Database Connection Faild
2025-03-26 10:49:44,431 - ERROR - Database Connection Faild
2025-03-26 10:49:47,136 - ERROR - Database Connection Faild
2025-03-26 10:49:59,441 - ERROR - Database Connection Faild
2025-03-26 10:50:02,141 - ERROR - Database Connection Faild
2025-03-26 10:50:14,448 - ERROR - Database Connection Faild
2025-03-26 10:50:17,146 - ERROR - Database Connection Faild
2025-03-26 10:50:29,451 - ERROR - Database Connection Faild
2025-03-26 10:50:32,152 - ERROR - Database Connection Faild
2025-03-26 10:50:44,458 - ERROR - Database Connection Faild
2025-03-26 10:50:47,159 - ERROR - Database Connection Faild
2025-03-26 10:50:59,462 - ERROR - Database Connection Faild
2025-03-26 10:51:02,162 - ERROR - Database Connection Faild
2025-03-26 10:51:14,467 - ERROR - Database Connection Faild
2025-03-26 10:51:17,169 - ERROR - Database Connection Faild
2025-03-26 10:51:29,468 - ERROR - Database Connection Faild
2025-03-26 10:51:32,176 - ERROR - Database Connection Faild
2025-03-26 10:51:44,473 - ERROR - Database Connection Faild
2025-03-26 10:51:47,179 - ERROR - Database Connection Faild
2025-03-26 10:51:59,479 - ERROR - Database Connection Faild
2025-03-26 10:52:02,181 - ERROR - Database Connection Faild
2025-03-26 10:52:14,490 - ERROR - Database Connection Faild
2025-03-26 10:52:17,188 - ERROR - Database Connection Faild
2025-03-26 10:52:29,492 - ERROR - Database Connection Faild
2025-03-26 10:52:32,192 - ERROR - Database Connection Faild
2025-03-26 10:52:44,499 - ERROR - Database Connection Faild
2025-03-26 10:52:47,210 - ERROR - Database Connection Faild
2025-03-26 10:52:59,507 - ERROR - Database Connection Faild
2025-03-26 10:53:02,216 - ERROR - Database Connection Faild
2025-03-26 10:53:14,513 - ERROR - Database Connection Faild
2025-03-26 10:53:17,221 - ERROR - Database Connection Faild
2025-03-26 10:53:29,519 - ERROR - Database Connection Faild
2025-03-26 10:53:32,225 - ERROR - Database Connection Faild
2025-03-26 10:53:44,522 - ERROR - Database Connection Faild
2025-03-26 10:53:47,229 - ERROR - Database Connection Faild
2025-03-26 10:53:59,527 - ERROR - Database Connection Faild
2025-03-26 10:54:02,231 - ERROR - Database Connection Faild
2025-03-26 10:54:14,532 - ERROR - Database Connection Faild
2025-03-26 10:54:17,238 - ERROR - Database Connection Faild
2025-03-26 10:54:29,537 - ERROR - Database Connection Faild
2025-03-26 10:54:32,240 - ERROR - Database Connection Faild
2025-03-26 10:54:44,540 - ERROR - Database Connection Faild
2025-03-26 10:54:47,246 - ERROR - Database Connection Faild
2025-03-26 10:54:59,543 - ERROR - Database Connection Faild
2025-03-26 10:55:02,248 - ERROR - Database Connection Faild
2025-03-26 10:55:14,545 - ERROR - Database Connection Faild
2025-03-26 10:55:17,252 - ERROR - Database Connection Faild
2025-03-26 10:55:29,550 - ERROR - Database Connection Faild
2025-03-26 10:55:32,259 - ERROR - Database Connection Faild
2025-03-26 10:55:44,552 - ERROR - Database Connection Faild
2025-03-26 10:55:47,266 - ERROR - Database Connection Faild
2025-03-26 10:55:59,559 - ERROR - Database Connection Faild
2025-03-26 10:56:02,271 - ERROR - Database Connection Faild
2025-03-26 10:56:14,565 - ERROR - Database Connection Faild
2025-03-26 10:56:17,273 - ERROR - Database Connection Faild
2025-03-26 10:56:29,568 - ERROR - Database Connection Faild
2025-03-26 10:56:32,276 - ERROR - Database Connection Faild
2025-03-26 10:56:44,574 - ERROR - Database Connection Faild
2025-03-26 10:56:47,283 - ERROR - Database Connection Faild
2025-03-26 10:56:59,579 - ERROR - Database Connection Faild
2025-03-26 10:57:02,287 - ERROR - Database Connection Faild
2025-03-26 10:57:14,586 - ERROR - Database Connection Faild
2025-03-26 10:57:17,293 - ERROR - Database Connection Faild
2025-03-26 10:57:29,590 - ERROR - Database Connection Faild
2025-03-26 10:57:32,300 - ERROR - Database Connection Faild
2025-03-26 10:57:44,597 - ERROR - Database Connection Faild
2025-03-26 10:57:47,309 - ERROR - Database Connection Faild
2025-03-26 10:57:59,604 - ERROR - Database Connection Faild
2025-03-26 10:58:02,315 - ERROR - Database Connection Faild
2025-03-26 10:58:14,611 - ERROR - Database Connection Faild
2025-03-26 10:58:17,322 - ERROR - Database Connection Faild
2025-03-26 10:58:29,619 - ERROR - Database Connection Faild
2025-03-26 10:58:32,327 - ERROR - Database Connection Faild
2025-03-26 10:58:44,622 - ERROR - Database Connection Faild
2025-03-26 10:58:47,335 - ERROR - Database Connection Faild
2025-03-26 10:58:59,628 - ERROR - Database Connection Faild
2025-03-26 10:59:02,337 - ERROR - Database Connection Faild
2025-03-26 10:59:14,630 - ERROR - Database Connection Faild
2025-03-26 10:59:17,343 - ERROR - Database Connection Faild
2025-03-26 10:59:29,637 - ERROR - Database Connection Faild
2025-03-26 10:59:32,346 - ERROR - Database Connection Faild
2025-03-26 10:59:44,638 - ERROR - Database Connection Faild
2025-03-26 10:59:47,350 - ERROR - Database Connection Faild
2025-03-26 10:59:59,640 - ERROR - Database Connection Faild
2025-03-26 11:00:02,354 - ERROR - Database Connection Faild
2025-03-26 11:00:14,655 - ERROR - Database Connection Faild
2025-03-26 11:00:17,361 - ERROR - Database Connection Faild
2025-03-26 11:00:29,658 - ERROR - Database Connection Faild
2025-03-26 11:00:32,368 - ERROR - Database Connection Faild
2025-03-26 11:00:44,662 - ERROR - Database Connection Faild
2025-03-26 11:00:47,374 - ERROR - Database Connection Faild
2025-03-26 11:00:59,669 - ERROR - Database Connection Faild
2025-03-26 11:01:02,378 - ERROR - Database Connection Faild
2025-03-26 11:01:14,676 - ERROR - Database Connection Faild
2025-03-26 11:01:17,380 - ERROR - Database Connection Faild
2025-03-26 11:01:29,679 - ERROR - Database Connection Faild
2025-03-26 11:01:32,383 - ERROR - Database Connection Faild
2025-03-26 11:01:44,684 - ERROR - Database Connection Faild
2025-03-26 11:01:47,390 - ERROR - Database Connection Faild
2025-03-26 11:01:59,690 - ERROR - Database Connection Faild
2025-03-26 11:02:02,398 - ERROR - Database Connection Faild
2025-03-26 11:02:14,695 - ERROR - Database Connection Faild
2025-03-26 11:02:17,400 - ERROR - Database Connection Faild
2025-03-26 11:02:29,698 - ERROR - Database Connection Faild
2025-03-26 11:02:32,405 - ERROR - Database Connection Faild
2025-03-26 11:02:44,701 - ERROR - Database Connection Faild
2025-03-26 11:02:47,406 - ERROR - Database Connection Faild
2025-03-26 11:02:59,708 - ERROR - Database Connection Faild
2025-03-26 11:03:02,413 - ERROR - Database Connection Faild
2025-03-26 11:03:14,714 - ERROR - Database Connection Faild
2025-03-26 11:03:17,416 - ERROR - Database Connection Faild
2025-03-26 11:03:29,717 - ERROR - Database Connection Faild
2025-03-26 11:03:32,421 - ERROR - Database Connection Faild
2025-03-26 11:03:44,724 - ERROR - Database Connection Faild
2025-03-26 11:03:47,424 - ERROR - Database Connection Faild
2025-03-26 11:03:59,727 - ERROR - Database Connection Faild
2025-03-26 11:04:02,427 - ERROR - Database Connection Faild
2025-03-26 11:04:14,734 - ERROR - Database Connection Faild
2025-03-26 11:04:17,434 - ERROR - Database Connection Faild
2025-03-26 11:04:29,741 - ERROR - Database Connection Faild
2025-03-26 11:04:32,440 - ERROR - Database Connection Faild
2025-03-26 11:04:44,748 - ERROR - Database Connection Faild
2025-03-26 11:04:47,446 - ERROR - Database Connection Faild
2025-03-26 11:04:59,755 - ERROR - Database Connection Faild
2025-03-26 11:05:02,453 - ERROR - Database Connection Faild
2025-03-26 11:05:14,761 - ERROR - Database Connection Faild
2025-03-26 11:05:17,460 - ERROR - Database Connection Faild
2025-03-26 11:05:29,764 - ERROR - Database Connection Faild
2025-03-26 11:05:32,467 - ERROR - Database Connection Faild
2025-03-26 11:05:44,768 - ERROR - Database Connection Faild
2025-03-26 11:05:47,474 - ERROR - Database Connection Faild
2025-03-26 11:05:59,776 - ERROR - Database Connection Faild
2025-03-26 11:06:02,481 - ERROR - Database Connection Faild
2025-03-26 11:06:14,782 - ERROR - Database Connection Faild
2025-03-26 11:06:17,489 - ERROR - Database Connection Faild
2025-03-26 11:06:29,788 - ERROR - Database Connection Faild
2025-03-26 11:06:32,491 - ERROR - Database Connection Faild
2025-03-26 11:06:44,792 - ERROR - Database Connection Faild
2025-03-26 11:06:47,499 - ERROR - Database Connection Faild
2025-03-26 11:06:59,799 - ERROR - Database Connection Faild
2025-03-26 11:07:02,505 - ERROR - Database Connection Faild
2025-03-26 11:07:14,806 - ERROR - Database Connection Faild
2025-03-26 11:07:17,512 - ERROR - Database Connection Faild
2025-03-26 11:07:29,814 - ERROR - Database Connection Faild
2025-03-26 11:07:32,519 - ERROR - Database Connection Faild
2025-03-26 11:07:44,822 - ERROR - Database Connection Faild
2025-03-26 11:07:47,526 - ERROR - Database Connection Faild
2025-03-26 11:07:59,829 - ERROR - Database Connection Faild
2025-03-26 11:08:02,533 - ERROR - Database Connection Faild
2025-03-26 11:08:14,836 - ERROR - Database Connection Faild
2025-03-26 11:08:17,535 - ERROR - Database Connection Faild
2025-03-26 11:08:29,843 - ERROR - Database Connection Faild
2025-03-26 11:08:32,542 - ERROR - Database Connection Faild
2025-03-26 11:08:44,850 - ERROR - Database Connection Faild
2025-03-26 11:08:47,546 - ERROR - Database Connection Faild
2025-03-26 11:08:59,857 - ERROR - Database Connection Faild
2025-03-26 11:09:02,550 - ERROR - Database Connection Faild
2025-03-26 11:09:14,864 - ERROR - Database Connection Faild
2025-03-26 11:09:17,554 - ERROR - Database Connection Faild
2025-03-26 11:09:29,871 - ERROR - Database Connection Faild
2025-03-26 11:09:32,559 - ERROR - Database Connection Faild
2025-03-26 11:09:44,878 - ERROR - Database Connection Faild
2025-03-26 11:09:47,563 - ERROR - Database Connection Faild
2025-03-26 11:09:59,885 - ERROR - Database Connection Faild
2025-03-26 11:10:02,569 - ERROR - Database Connection Faild
2025-03-26 11:10:14,892 - ERROR - Database Connection Faild
2025-03-26 11:10:17,571 - ERROR - Database Connection Faild
2025-03-26 11:10:29,895 - ERROR - Database Connection Faild
2025-03-26 11:10:32,578 - ERROR - Database Connection Faild
2025-03-26 11:10:44,902 - ERROR - Database Connection Faild
2025-03-26 11:10:47,585 - ERROR - Database Connection Faild
2025-03-26 11:10:59,908 - ERROR - Database Connection Faild
2025-03-26 11:11:02,592 - ERROR - Database Connection Faild
2025-03-26 11:11:14,916 - ERROR - Database Connection Faild
2025-03-26 11:11:17,595 - ERROR - Database Connection Faild
2025-03-26 11:11:29,918 - ERROR - Database Connection Faild
2025-03-26 11:11:32,602 - ERROR - Database Connection Faild
2025-03-26 11:11:44,925 - ERROR - Database Connection Faild
2025-03-26 11:11:47,605 - ERROR - Database Connection Faild
2025-03-26 11:11:59,932 - ERROR - Database Connection Faild
2025-03-26 11:12:02,612 - ERROR - Database Connection Faild
2025-03-26 11:12:14,939 - ERROR - Database Connection Faild
2025-03-26 11:12:17,619 - ERROR - Database Connection Faild
2025-03-26 11:12:29,943 - ERROR - Database Connection Faild
2025-03-26 11:12:32,626 - ERROR - Database Connection Faild
2025-03-26 11:12:44,950 - ERROR - Database Connection Faild
2025-03-26 11:12:47,633 - ERROR - Database Connection Faild
2025-03-26 11:12:59,956 - ERROR - Database Connection Faild
2025-03-26 11:13:02,640 - ERROR - Database Connection Faild
2025-03-26 11:13:14,964 - ERROR - Database Connection Faild
2025-03-26 11:13:17,647 - ERROR - Database Connection Faild
2025-03-26 11:13:29,971 - ERROR - Database Connection Faild
2025-03-26 11:13:32,654 - ERROR - Database Connection Faild
2025-03-26 11:13:44,976 - ERROR - Database Connection Faild
2025-03-26 11:13:47,661 - ERROR - Database Connection Faild
2025-03-26 11:13:59,984 - ERROR - Database Connection Faild
2025-03-26 11:14:02,666 - ERROR - Database Connection Faild
2025-03-26 11:14:14,987 - ERROR - Database Connection Faild
2025-03-26 11:14:17,670 - ERROR - Database Connection Faild
2025-03-26 11:14:29,994 - ERROR - Database Connection Faild
2025-03-26 11:14:32,676 - ERROR - Database Connection Faild
2025-03-26 11:14:45,001 - ERROR - Database Connection Faild
2025-03-26 11:14:47,683 - ERROR - Database Connection Faild
2025-03-26 11:15:00,008 - ERROR - Database Connection Faild
2025-03-26 11:15:02,690 - ERROR - Database Connection Faild
2025-03-26 11:15:15,015 - ERROR - Database Connection Faild
2025-03-26 11:15:17,697 - ERROR - Database Connection Faild
2025-03-26 11:15:30,017 - ERROR - Database Connection Faild
2025-03-26 11:15:32,704 - ERROR - Database Connection Faild
2025-03-26 11:15:45,024 - ERROR - Database Connection Faild
2025-03-26 11:15:47,711 - ERROR - Database Connection Faild
2025-03-26 11:16:00,032 - ERROR - Database Connection Faild
2025-03-26 11:16:02,718 - ERROR - Database Connection Faild
2025-03-26 11:16:15,039 - ERROR - Database Connection Faild
2025-03-26 11:16:17,720 - ERROR - Database Connection Faild
2025-03-26 11:16:30,042 - ERROR - Database Connection Faild
2025-03-26 11:16:32,727 - ERROR - Database Connection Faild
2025-03-26 11:16:45,048 - ERROR - Database Connection Faild
2025-03-26 11:16:47,734 - ERROR - Database Connection Faild
2025-03-26 11:17:00,055 - ERROR - Database Connection Faild
2025-03-26 11:17:02,740 - ERROR - Database Connection Faild
2025-03-26 11:17:15,060 - ERROR - Database Connection Faild
2025-03-26 11:17:17,747 - ERROR - Database Connection Faild
2025-03-26 11:17:30,065 - ERROR - Database Connection Faild
2025-03-26 11:17:32,753 - ERROR - Database Connection Faild
2025-03-26 11:17:45,070 - ERROR - Database Connection Faild
2025-03-26 11:17:47,760 - ERROR - Database Connection Faild
2025-03-26 11:18:00,075 - ERROR - Database Connection Faild
2025-03-26 11:18:02,762 - ERROR - Database Connection Faild
2025-03-26 11:18:15,080 - ERROR - Database Connection Faild
2025-03-26 11:18:17,764 - ERROR - Database Connection Faild
2025-03-26 11:18:30,086 - ERROR - Database Connection Faild
2025-03-26 11:18:32,767 - ERROR - Database Connection Faild
2025-03-26 11:18:45,088 - ERROR - Database Connection Faild
2025-03-26 11:18:47,774 - ERROR - Database Connection Faild
2025-03-26 11:19:00,095 - ERROR - Database Connection Faild
2025-03-26 11:19:02,776 - ERROR - Database Connection Faild
2025-03-26 11:19:15,101 - ERROR - Database Connection Faild
2025-03-26 11:19:17,778 - ERROR - Database Connection Faild
2025-03-26 11:19:30,108 - ERROR - Database Connection Faild
2025-03-26 11:19:32,780 - ERROR - Database Connection Faild
2025-03-26 11:19:45,110 - ERROR - Database Connection Faild
2025-03-26 11:19:47,787 - ERROR - Database Connection Faild
2025-03-26 11:20:00,115 - ERROR - Database Connection Faild
2025-03-26 11:20:02,795 - ERROR - Database Connection Faild
2025-03-26 11:20:15,121 - ERROR - Database Connection Faild
2025-03-26 11:20:17,802 - ERROR - Database Connection Faild
2025-03-26 11:20:30,125 - ERROR - Database Connection Faild
2025-03-26 11:20:32,810 - ERROR - Database Connection Faild
2025-03-26 11:20:45,130 - ERROR - Database Connection Faild
2025-03-26 11:20:47,812 - ERROR - Database Connection Faild
2025-03-26 11:21:00,137 - ERROR - Database Connection Faild
2025-03-26 11:21:02,819 - ERROR - Database Connection Faild
2025-03-26 11:21:15,140 - ERROR - Database Connection Faild
2025-03-26 11:21:17,824 - ERROR - Database Connection Faild
2025-03-26 11:21:30,144 - ERROR - Database Connection Faild
2025-03-26 11:21:32,831 - ERROR - Database Connection Faild
2025-03-26 11:21:45,151 - ERROR - Database Connection Faild
2025-03-26 11:21:47,833 - ERROR - Database Connection Faild
2025-03-26 11:22:00,154 - ERROR - Database Connection Faild
2025-03-26 11:22:02,841 - ERROR - Database Connection Faild
2025-03-26 11:22:15,156 - ERROR - Database Connection Faild
2025-03-26 11:22:17,848 - ERROR - Database Connection Faild
2025-03-26 11:22:30,163 - ERROR - Database Connection Faild
2025-03-26 11:22:32,854 - ERROR - Database Connection Faild
2025-03-26 11:22:45,165 - ERROR - Database Connection Faild
2025-03-26 11:22:47,861 - ERROR - Database Connection Faild
2025-03-26 11:23:00,172 - ERROR - Database Connection Faild
2025-03-26 11:23:02,868 - ERROR - Database Connection Faild
2025-03-26 11:23:15,179 - ERROR - Database Connection Faild
2025-03-26 11:23:17,875 - ERROR - Database Connection Faild
2025-03-26 11:23:30,186 - ERROR - Database Connection Faild
2025-03-26 11:23:32,880 - ERROR - Database Connection Faild
2025-03-26 11:23:45,189 - ERROR - Database Connection Faild
2025-03-26 11:23:47,883 - ERROR - Database Connection Faild
2025-03-26 11:24:00,193 - ERROR - Database Connection Faild
2025-03-26 11:24:02,889 - ERROR - Database Connection Faild
2025-03-26 11:24:15,196 - ERROR - Database Connection Faild
2025-03-26 11:24:17,897 - ERROR - Database Connection Faild
2025-03-26 11:24:30,198 - ERROR - Database Connection Faild
2025-03-26 11:24:32,904 - ERROR - Database Connection Faild
2025-03-26 11:24:45,200 - ERROR - Database Connection Faild
2025-03-26 11:24:47,906 - ERROR - Database Connection Faild
2025-03-26 11:25:00,204 - ERROR - Database Connection Faild
2025-03-26 11:25:02,913 - ERROR - Database Connection Faild
2025-03-26 11:25:15,211 - ERROR - Database Connection Faild
2025-03-26 11:25:17,920 - ERROR - Database Connection Faild
2025-03-26 11:25:30,213 - ERROR - Database Connection Faild
2025-03-26 11:25:32,927 - ERROR - Database Connection Faild
2025-03-26 11:25:45,215 - ERROR - Database Connection Faild
2025-03-26 11:25:47,930 - ERROR - Database Connection Faild
2025-03-26 11:26:00,217 - ERROR - Database Connection Faild
2025-03-26 11:26:02,937 - ERROR - Database Connection Faild
2025-03-26 11:26:15,220 - ERROR - Database Connection Faild
2025-03-26 11:26:17,940 - ERROR - Database Connection Faild
2025-03-26 11:26:30,224 - ERROR - Database Connection Faild
2025-03-26 11:26:32,946 - ERROR - Database Connection Faild
2025-03-26 11:26:45,227 - ERROR - Database Connection Faild
2025-03-26 11:26:47,949 - ERROR - Database Connection Faild
2025-03-26 11:27:00,229 - ERROR - Database Connection Faild
2025-03-26 11:27:02,955 - ERROR - Database Connection Faild
2025-03-26 11:27:15,232 - ERROR - Database Connection Faild
2025-03-26 11:27:17,958 - ERROR - Database Connection Faild
2025-03-26 11:27:30,234 - ERROR - Database Connection Faild
2025-03-26 11:27:32,963 - ERROR - Database Connection Faild
2025-03-26 11:27:45,239 - ERROR - Database Connection Faild
2025-03-26 11:27:47,971 - ERROR - Database Connection Faild
2025-03-26 11:28:00,247 - ERROR - Database Connection Faild
2025-03-26 11:28:02,977 - ERROR - Database Connection Faild
2025-03-26 11:28:15,250 - ERROR - Database Connection Faild
2025-03-26 11:28:17,984 - ERROR - Database Connection Faild
2025-03-26 11:28:30,251 - ERROR - Database Connection Faild
2025-03-26 11:28:32,991 - ERROR - Database Connection Faild
2025-03-26 11:28:45,258 - ERROR - Database Connection Faild
2025-03-26 11:28:47,998 - ERROR - Database Connection Faild
2025-03-26 11:29:00,261 - ERROR - Database Connection Faild
2025-03-26 11:29:03,005 - ERROR - Database Connection Faild
2025-03-26 11:29:15,265 - ERROR - Database Connection Faild
2025-03-26 11:29:18,012 - ERROR - Database Connection Faild
2025-03-26 11:29:30,268 - ERROR - Database Connection Faild
2025-03-26 11:29:33,019 - ERROR - Database Connection Faild
2025-03-26 11:29:45,270 - ERROR - Database Connection Faild
2025-03-26 11:29:48,027 - ERROR - Database Connection Faild
2025-03-26 11:30:00,273 - ERROR - Database Connection Faild
2025-03-26 11:30:03,033 - ERROR - Database Connection Faild
2025-03-26 11:30:15,279 - ERROR - Database Connection Faild
2025-03-26 11:30:18,040 - ERROR - Database Connection Faild
2025-03-26 11:30:30,282 - ERROR - Database Connection Faild
2025-03-26 11:30:33,047 - ERROR - Database Connection Faild
2025-03-26 11:30:45,289 - ERROR - Database Connection Faild
2025-03-26 11:30:48,052 - ERROR - Database Connection Faild
2025-03-26 11:31:00,292 - ERROR - Database Connection Faild
2025-03-26 11:31:03,056 - ERROR - Database Connection Faild
2025-03-26 11:31:15,295 - ERROR - Database Connection Faild
2025-03-26 11:31:18,060 - ERROR - Database Connection Faild
2025-03-26 11:31:30,297 - ERROR - Database Connection Faild
2025-03-26 11:31:33,067 - ERROR - Database Connection Faild
2025-03-26 11:31:45,303 - ERROR - Database Connection Faild
2025-03-26 11:31:48,070 - ERROR - Database Connection Faild
2025-03-26 11:32:00,304 - ERROR - Database Connection Faild
2025-03-26 11:32:03,077 - ERROR - Database Connection Faild
2025-03-26 11:32:15,312 - ERROR - Database Connection Faild
2025-03-26 11:32:18,082 - ERROR - Database Connection Faild
2025-03-26 11:32:30,318 - ERROR - Database Connection Faild
2025-03-26 11:32:33,089 - ERROR - Database Connection Faild
2025-03-26 11:32:45,326 - ERROR - Database Connection Faild
2025-03-26 11:32:48,092 - ERROR - Database Connection Faild
2025-03-26 11:33:00,329 - ERROR - Database Connection Faild
2025-03-26 11:33:03,099 - ERROR - Database Connection Faild
2025-03-26 11:33:15,330 - ERROR - Database Connection Faild
2025-03-26 11:33:18,101 - ERROR - Database Connection Faild
2025-03-26 11:33:30,332 - ERROR - Database Connection Faild
2025-03-26 11:33:33,108 - ERROR - Database Connection Faild
2025-03-26 11:33:45,336 - ERROR - Database Connection Faild
2025-03-26 11:33:48,113 - ERROR - Database Connection Faild
2025-03-26 11:34:00,339 - ERROR - Database Connection Faild
2025-03-26 11:34:03,119 - ERROR - Database Connection Faild
2025-03-26 11:34:15,346 - ERROR - Database Connection Faild
2025-03-26 11:34:18,124 - ERROR - Database Connection Faild
2025-03-26 11:34:30,353 - ERROR - Database Connection Faild
2025-03-26 11:34:33,131 - ERROR - Database Connection Faild
2025-03-26 11:34:45,359 - ERROR - Database Connection Faild
2025-03-26 11:34:48,137 - ERROR - Database Connection Faild
2025-03-26 11:35:00,366 - ERROR - Database Connection Faild
2025-03-26 11:35:03,142 - ERROR - Database Connection Faild
2025-03-26 11:35:15,372 - ERROR - Database Connection Faild
2025-03-26 11:35:18,149 - ERROR - Database Connection Faild
2025-03-26 11:35:30,376 - ERROR - Database Connection Faild
2025-03-26 11:35:33,154 - ERROR - Database Connection Faild
2025-03-26 11:35:45,385 - ERROR - Database Connection Faild
2025-03-26 11:35:48,161 - ERROR - Database Connection Faild
2025-03-26 11:36:00,397 - ERROR - Database Connection Faild
2025-03-26 11:36:03,169 - ERROR - Database Connection Faild
2025-03-26 11:36:15,399 - ERROR - Database Connection Faild
2025-03-26 11:36:18,175 - ERROR - Database Connection Faild
2025-03-26 11:36:30,407 - ERROR - Database Connection Faild
2025-03-26 11:36:33,183 - ERROR - Database Connection Faild
2025-03-26 11:36:45,414 - ERROR - Database Connection Faild
2025-03-26 11:36:48,189 - ERROR - Database Connection Faild
2025-03-26 11:37:00,421 - ERROR - Database Connection Faild
2025-03-26 11:37:03,197 - ERROR - Database Connection Faild
2025-03-26 11:37:15,424 - ERROR - Database Connection Faild
2025-03-26 11:37:18,203 - ERROR - Database Connection Faild
2025-03-26 11:37:30,431 - ERROR - Database Connection Faild
2025-03-26 11:37:33,211 - ERROR - Database Connection Faild
2025-03-26 11:37:45,438 - ERROR - Database Connection Faild
2025-03-26 11:37:48,218 - ERROR - Database Connection Faild
2025-03-26 11:38:00,446 - ERROR - Database Connection Faild
2025-03-26 11:38:03,224 - ERROR - Database Connection Faild
2025-03-26 11:38:15,450 - ERROR - Database Connection Faild
2025-03-26 11:38:18,230 - ERROR - Database Connection Faild
2025-03-26 11:38:30,453 - ERROR - Database Connection Faild
2025-03-26 11:38:33,237 - ERROR - Database Connection Faild
2025-03-26 11:38:45,456 - ERROR - Database Connection Faild
2025-03-26 11:38:48,242 - ERROR - Database Connection Faild
2025-03-26 11:39:00,460 - ERROR - Database Connection Faild
2025-03-26 11:39:03,247 - ERROR - Database Connection Faild
2025-03-26 11:39:15,463 - ERROR - Database Connection Faild
2025-03-26 11:39:18,251 - ERROR - Database Connection Faild
2025-03-26 11:39:30,470 - ERROR - Database Connection Faild
2025-03-26 11:39:33,258 - ERROR - Database Connection Faild
2025-03-26 11:39:45,476 - ERROR - Database Connection Faild
2025-03-26 11:39:48,265 - ERROR - Database Connection Faild
2025-03-26 11:40:00,478 - ERROR - Database Connection Faild
2025-03-26 11:40:03,269 - ERROR - Database Connection Faild
2025-03-26 11:40:15,481 - ERROR - Database Connection Faild
2025-03-26 11:40:18,270 - ERROR - Database Connection Faild
2025-03-26 11:40:30,483 - ERROR - Database Connection Faild
2025-03-26 11:40:33,277 - ERROR - Database Connection Faild
2025-03-26 11:40:45,491 - ERROR - Database Connection Faild
2025-03-26 11:40:48,282 - ERROR - Database Connection Faild
2025-03-26 11:41:00,496 - ERROR - Database Connection Faild
2025-03-26 11:41:03,289 - ERROR - Database Connection Faild
2025-03-26 11:41:15,498 - ERROR - Database Connection Faild
2025-03-26 11:41:18,292 - ERROR - Database Connection Faild
2025-03-26 11:41:30,502 - ERROR - Database Connection Faild
2025-03-26 11:41:33,298 - ERROR - Database Connection Faild
2025-03-26 11:41:45,506 - ERROR - Database Connection Faild
2025-03-26 11:41:48,305 - ERROR - Database Connection Faild
2025-03-26 11:42:00,511 - ERROR - Database Connection Faild
2025-03-26 11:42:03,313 - ERROR - Database Connection Faild
2025-03-26 11:42:15,516 - ERROR - Database Connection Faild
2025-03-26 11:42:18,320 - ERROR - Database Connection Faild
2025-03-26 11:42:30,522 - ERROR - Database Connection Faild
2025-03-26 11:42:33,324 - ERROR - Database Connection Faild
2025-03-26 11:42:45,524 - ERROR - Database Connection Faild
2025-03-26 11:42:48,331 - ERROR - Database Connection Faild
2025-03-26 11:43:00,528 - ERROR - Database Connection Faild
2025-03-26 11:43:03,336 - ERROR - Database Connection Faild
2025-03-26 11:43:15,534 - ERROR - Database Connection Faild
2025-03-26 11:43:18,341 - ERROR - Database Connection Faild
2025-03-26 11:43:30,539 - ERROR - Database Connection Faild
2025-03-26 11:43:33,348 - ERROR - Database Connection Faild
2025-03-26 11:43:45,541 - ERROR - Database Connection Faild
2025-03-26 11:43:48,354 - ERROR - Database Connection Faild
2025-03-26 11:44:00,544 - ERROR - Database Connection Faild
2025-03-26 11:44:03,362 - ERROR - Database Connection Faild
2025-03-26 11:44:15,550 - ERROR - Database Connection Faild
2025-03-26 11:44:18,366 - ERROR - Database Connection Faild
2025-03-26 11:44:30,552 - ERROR - Database Connection Faild
2025-03-26 11:44:33,369 - ERROR - Database Connection Faild
2025-03-26 11:44:45,560 - ERROR - Database Connection Faild
2025-03-26 11:44:48,375 - ERROR - Database Connection Faild
2025-03-26 11:45:00,563 - ERROR - Database Connection Faild
2025-03-26 11:45:03,377 - ERROR - Database Connection Faild
2025-03-26 11:45:15,566 - ERROR - Database Connection Faild
2025-03-26 11:45:18,380 - ERROR - Database Connection Faild
2025-03-26 11:45:30,574 - ERROR - Database Connection Faild
2025-03-26 11:45:33,387 - ERROR - Database Connection Faild
2025-03-26 11:45:45,576 - ERROR - Database Connection Faild
2025-03-26 11:45:48,394 - ERROR - Database Connection Faild
2025-03-26 11:46:00,583 - ERROR - Database Connection Faild
2025-03-26 11:46:03,401 - ERROR - Database Connection Faild
2025-03-26 11:46:15,586 - ERROR - Database Connection Faild
2025-03-26 11:46:18,408 - ERROR - Database Connection Faild
2025-03-26 11:46:30,589 - ERROR - Database Connection Faild
2025-03-26 11:46:33,416 - ERROR - Database Connection Faild
2025-03-26 11:46:45,590 - ERROR - Database Connection Faild
2025-03-26 11:46:48,418 - ERROR - Database Connection Faild
2025-03-26 11:47:00,594 - ERROR - Database Connection Faild
2025-03-26 11:47:03,425 - ERROR - Database Connection Faild
2025-03-26 11:47:15,601 - ERROR - Database Connection Faild
2025-03-26 11:47:18,431 - ERROR - Database Connection Faild
2025-03-26 11:47:30,605 - ERROR - Database Connection Faild
2025-03-26 11:47:33,439 - ERROR - Database Connection Faild
2025-03-26 11:47:45,606 - ERROR - Database Connection Faild
2025-03-26 11:47:48,445 - ERROR - Database Connection Faild
2025-03-26 11:48:00,611 - ERROR - Database Connection Faild
2025-03-26 11:48:03,448 - ERROR - Database Connection Faild
2025-03-26 11:48:15,613 - ERROR - Database Connection Faild
2025-03-26 11:48:18,450 - ERROR - Database Connection Faild
2025-03-26 11:48:30,619 - ERROR - Database Connection Faild
2025-03-26 11:48:33,455 - ERROR - Database Connection Faild
2025-03-26 11:48:45,626 - ERROR - Database Connection Faild
2025-03-26 11:48:48,462 - ERROR - Database Connection Faild
2025-03-26 11:49:00,628 - ERROR - Database Connection Faild
2025-03-26 11:49:03,467 - ERROR - Database Connection Faild
2025-03-26 11:49:15,631 - ERROR - Database Connection Faild
2025-03-26 11:49:18,475 - ERROR - Database Connection Faild
2025-03-26 11:49:30,638 - ERROR - Database Connection Faild
2025-03-26 11:49:33,477 - ERROR - Database Connection Faild
2025-03-26 11:49:45,641 - ERROR - Database Connection Faild
2025-03-26 11:49:48,483 - ERROR - Database Connection Faild
2025-03-26 11:50:00,647 - ERROR - Database Connection Faild
2025-03-26 11:50:03,486 - ERROR - Database Connection Faild
2025-03-26 11:50:15,650 - ERROR - Database Connection Faild
2025-03-26 11:50:18,492 - ERROR - Database Connection Faild
2025-03-26 11:50:30,651 - ERROR - Database Connection Faild
2025-03-26 11:50:33,494 - ERROR - Database Connection Faild
2025-03-26 11:50:45,654 - ERROR - Database Connection Faild
2025-03-26 11:50:48,499 - ERROR - Database Connection Faild
2025-03-26 11:51:00,660 - ERROR - Database Connection Faild
2025-03-26 11:51:03,506 - ERROR - Database Connection Faild
2025-03-26 11:51:15,667 - ERROR - Database Connection Faild
2025-03-26 11:51:18,510 - ERROR - Database Connection Faild
2025-03-26 11:51:30,672 - ERROR - Database Connection Faild
2025-03-26 11:51:33,518 - ERROR - Database Connection Faild
2025-03-26 11:51:45,676 - ERROR - Database Connection Faild
2025-03-26 11:51:48,522 - ERROR - Database Connection Faild
2025-03-26 11:52:00,678 - ERROR - Database Connection Faild
2025-03-26 11:52:03,527 - ERROR - Database Connection Faild
2025-03-26 11:52:15,685 - ERROR - Database Connection Faild
2025-03-26 11:52:18,532 - ERROR - Database Connection Faild
2025-03-26 11:52:30,690 - ERROR - Database Connection Faild
2025-03-26 11:52:33,539 - ERROR - Database Connection Faild
2025-03-26 11:52:45,693 - ERROR - Database Connection Faild
2025-03-26 11:52:48,546 - ERROR - Database Connection Faild
2025-03-26 11:53:00,697 - ERROR - Database Connection Faild
2025-03-26 11:53:03,553 - ERROR - Database Connection Faild
2025-03-26 11:53:15,703 - ERROR - Database Connection Faild
2025-03-26 11:53:18,563 - ERROR - Database Connection Faild
2025-03-26 11:53:30,709 - ERROR - Database Connection Faild
2025-03-26 11:53:33,568 - ERROR - Database Connection Faild
2025-03-26 11:53:45,716 - ERROR - Database Connection Faild
2025-03-26 11:53:48,575 - ERROR - Database Connection Faild
2025-03-26 11:54:00,723 - ERROR - Database Connection Faild
2025-03-26 11:54:03,582 - ERROR - Database Connection Faild
2025-03-26 11:54:15,731 - ERROR - Database Connection Faild
2025-03-26 11:54:18,585 - ERROR - Database Connection Faild
2025-03-26 11:54:30,734 - ERROR - Database Connection Faild
2025-03-26 11:54:33,592 - ERROR - Database Connection Faild
2025-03-26 11:54:45,738 - ERROR - Database Connection Faild
2025-03-26 11:54:48,599 - ERROR - Database Connection Faild
2025-03-26 11:55:00,740 - ERROR - Database Connection Faild
2025-03-26 11:55:03,607 - ERROR - Database Connection Faild
2025-03-26 11:55:15,744 - ERROR - Database Connection Faild
2025-03-26 11:55:18,611 - ERROR - Database Connection Faild
2025-03-26 11:55:30,749 - ERROR - Database Connection Faild
2025-03-26 11:55:33,613 - ERROR - Database Connection Faild
2025-03-26 11:55:45,752 - ERROR - Database Connection Faild
2025-03-26 11:55:48,616 - ERROR - Database Connection Faild
2025-03-26 11:56:00,758 - ERROR - Database Connection Faild
2025-03-26 11:56:03,622 - ERROR - Database Connection Faild
2025-03-26 11:56:15,765 - ERROR - Database Connection Faild
2025-03-26 11:56:18,627 - ERROR - Database Connection Faild
2025-03-26 11:56:30,771 - ERROR - Database Connection Faild
2025-03-26 11:56:33,633 - ERROR - Database Connection Faild
2025-03-26 11:56:45,777 - ERROR - Database Connection Faild
2025-03-26 11:56:48,640 - ERROR - Database Connection Faild
2025-03-26 11:57:00,785 - ERROR - Database Connection Faild
2025-03-26 11:57:03,646 - ERROR - Database Connection Faild
2025-03-26 11:57:15,789 - ERROR - Database Connection Faild
2025-03-26 11:57:18,648 - ERROR - Database Connection Faild
2025-03-26 11:57:31,036 - ERROR - Database Connection Faild
2025-03-26 11:57:33,651 - ERROR - Database Connection Faild
2025-03-26 11:57:46,040 - ERROR - Database Connection Faild
2025-03-26 11:57:48,654 - ERROR - Database Connection Faild
2025-03-26 11:58:01,047 - ERROR - Database Connection Faild
2025-03-26 11:58:03,656 - ERROR - Database Connection Faild
2025-03-26 11:58:16,049 - ERROR - Database Connection Faild
2025-03-26 11:58:18,662 - ERROR - Database Connection Faild
2025-03-26 11:58:31,052 - ERROR - Database Connection Faild
2025-03-26 11:58:33,665 - ERROR - Database Connection Faild
2025-03-26 11:58:46,059 - ERROR - Database Connection Faild
2025-03-26 11:58:48,672 - ERROR - Database Connection Faild
2025-03-26 11:59:01,063 - ERROR - Database Connection Faild
2025-03-26 11:59:03,678 - ERROR - Database Connection Faild
2025-03-26 11:59:16,065 - ERROR - Database Connection Faild
2025-03-26 11:59:18,682 - ERROR - Database Connection Faild
2025-03-26 11:59:31,068 - ERROR - Database Connection Faild
2025-03-26 11:59:33,685 - ERROR - Database Connection Faild
2025-03-26 11:59:46,072 - ERROR - Database Connection Faild
2025-03-26 11:59:48,689 - ERROR - Database Connection Faild
2025-03-26 12:00:01,074 - ERROR - Database Connection Faild
2025-03-26 12:00:03,691 - ERROR - Database Connection Faild
2025-03-26 12:00:16,076 - ERROR - Database Connection Faild
2025-03-26 12:00:18,693 - ERROR - Database Connection Faild
2025-03-26 12:00:31,079 - ERROR - Database Connection Faild
2025-03-26 12:00:33,698 - ERROR - Database Connection Faild
2025-03-26 12:00:46,082 - ERROR - Database Connection Faild
2025-03-26 12:00:48,702 - ERROR - Database Connection Faild
2025-03-26 12:01:01,088 - ERROR - Database Connection Faild
2025-03-26 12:01:03,707 - ERROR - Database Connection Faild
2025-03-26 12:01:16,091 - ERROR - Database Connection Faild
2025-03-26 12:01:18,709 - ERROR - Database Connection Faild
2025-03-26 12:01:31,095 - ERROR - Database Connection Faild
2025-03-26 12:01:33,712 - ERROR - Database Connection Faild
2025-03-26 12:01:46,105 - ERROR - Database Connection Faild
2025-03-26 12:01:48,718 - ERROR - Database Connection Faild
2025-03-26 12:02:01,126 - ERROR - Database Connection Faild
2025-03-26 12:02:03,723 - ERROR - Database Connection Faild
2025-03-26 12:02:16,130 - ERROR - Database Connection Faild
2025-03-26 12:02:18,726 - ERROR - Database Connection Faild
2025-03-26 12:02:31,133 - ERROR - Database Connection Faild
2025-03-26 12:02:33,729 - ERROR - Database Connection Faild
2025-03-26 12:02:46,138 - ERROR - Database Connection Faild
2025-03-26 12:02:48,730 - ERROR - Database Connection Faild
2025-03-26 12:03:01,142 - ERROR - Database Connection Faild
2025-03-26 12:03:03,736 - ERROR - Database Connection Faild
2025-03-26 12:03:16,147 - ERROR - Database Connection Faild
2025-03-26 12:03:18,741 - ERROR - Database Connection Faild
2025-03-26 12:03:31,150 - ERROR - Database Connection Faild
2025-03-26 12:03:33,744 - ERROR - Database Connection Faild
2025-03-26 12:03:46,152 - ERROR - Database Connection Faild
2025-03-26 12:03:48,747 - ERROR - Database Connection Faild
2025-03-26 12:04:01,155 - ERROR - Database Connection Faild
2025-03-26 12:04:03,749 - ERROR - Database Connection Faild
2025-03-26 12:04:16,159 - ERROR - Database Connection Faild
2025-03-26 12:04:18,752 - ERROR - Database Connection Faild
2025-03-26 12:04:31,165 - ERROR - Database Connection Faild
2025-03-26 12:04:33,756 - ERROR - Database Connection Faild
2025-03-26 12:04:46,168 - ERROR - Database Connection Faild
2025-03-26 12:04:48,764 - ERROR - Database Connection Faild
2025-03-26 12:05:01,171 - ERROR - Database Connection Faild
2025-03-26 12:05:03,765 - ERROR - Database Connection Faild
2025-03-26 12:05:16,175 - ERROR - Database Connection Faild
2025-03-26 12:05:18,768 - ERROR - Database Connection Faild
2025-03-26 12:05:31,178 - ERROR - Database Connection Faild
2025-03-26 12:05:33,775 - ERROR - Database Connection Faild
2025-03-26 12:05:46,181 - ERROR - Database Connection Faild
2025-03-26 12:05:48,782 - ERROR - Database Connection Faild
2025-03-26 12:06:01,188 - ERROR - Database Connection Faild
2025-03-26 12:06:03,788 - ERROR - Database Connection Faild
2025-03-26 12:06:16,195 - ERROR - Database Connection Faild
2025-03-26 12:06:18,795 - ERROR - Database Connection Faild
2025-03-26 12:06:31,202 - ERROR - Database Connection Faild
2025-03-26 12:06:33,807 - ERROR - Database Connection Faild
2025-03-26 12:06:46,209 - ERROR - Database Connection Faild
2025-03-26 12:06:48,812 - ERROR - Database Connection Faild
2025-03-26 12:07:01,216 - ERROR - Database Connection Faild
2025-03-26 12:07:03,819 - ERROR - Database Connection Faild
2025-03-26 12:07:16,223 - ERROR - Database Connection Faild
2025-03-26 12:07:18,826 - ERROR - Database Connection Faild
2025-03-26 12:07:31,230 - ERROR - Database Connection Faild
2025-03-26 12:07:33,833 - ERROR - Database Connection Faild
2025-03-26 12:07:46,234 - ERROR - Database Connection Faild
2025-03-26 12:07:48,839 - ERROR - Database Connection Faild
2025-03-26 12:08:01,241 - ERROR - Database Connection Faild
2025-03-26 12:08:03,846 - ERROR - Database Connection Faild
2025-03-26 12:08:16,250 - ERROR - Database Connection Faild
2025-03-26 12:08:18,849 - ERROR - Database Connection Faild
2025-03-26 12:08:31,258 - ERROR - Database Connection Faild
2025-03-26 12:08:33,851 - ERROR - Database Connection Faild
2025-03-26 12:08:46,265 - ERROR - Database Connection Faild
2025-03-26 12:08:48,858 - ERROR - Database Connection Faild
2025-03-26 12:09:01,269 - ERROR - Database Connection Faild
2025-03-26 12:09:03,861 - ERROR - Database Connection Faild
2025-03-26 12:09:16,276 - ERROR - Database Connection Faild
2025-03-26 12:09:18,864 - ERROR - Database Connection Faild
2025-03-26 12:09:31,280 - ERROR - Database Connection Faild
2025-03-26 12:09:33,868 - ERROR - Database Connection Faild
2025-03-26 12:09:46,284 - ERROR - Database Connection Faild
2025-03-26 12:09:48,872 - ERROR - Database Connection Faild
2025-03-26 12:10:01,287 - ERROR - Database Connection Faild
2025-03-26 12:10:03,874 - ERROR - Database Connection Faild
2025-03-26 12:10:16,293 - ERROR - Database Connection Faild
2025-03-26 12:10:18,876 - ERROR - Database Connection Faild
2025-03-26 12:10:31,297 - ERROR - Database Connection Faild
2025-03-26 12:10:33,883 - ERROR - Database Connection Faild
2025-03-26 12:10:46,301 - ERROR - Database Connection Faild
2025-03-26 12:10:48,889 - ERROR - Database Connection Faild
2025-03-26 12:11:01,308 - ERROR - Database Connection Faild
2025-03-26 12:11:03,896 - ERROR - Database Connection Faild
2025-03-26 12:11:16,312 - ERROR - Database Connection Faild
2025-03-26 12:11:18,900 - ERROR - Database Connection Faild
2025-03-26 12:11:31,319 - ERROR - Database Connection Faild
2025-03-26 12:11:33,911 - ERROR - Database Connection Faild
2025-03-26 12:11:46,325 - ERROR - Database Connection Faild
2025-03-26 12:11:48,914 - ERROR - Database Connection Faild
2025-03-26 12:12:01,331 - ERROR - Database Connection Faild
2025-03-26 12:12:03,916 - ERROR - Database Connection Faild
2025-03-26 12:12:16,338 - ERROR - Database Connection Faild
2025-03-26 12:12:18,924 - ERROR - Database Connection Faild
2025-03-26 12:12:31,341 - ERROR - Database Connection Faild
2025-03-26 12:12:33,931 - ERROR - Database Connection Faild
2025-03-26 12:12:46,348 - ERROR - Database Connection Faild
2025-03-26 12:12:48,938 - ERROR - Database Connection Faild
2025-03-26 12:13:01,355 - ERROR - Database Connection Faild
2025-03-26 12:13:03,944 - ERROR - Database Connection Faild
2025-03-26 12:13:16,362 - ERROR - Database Connection Faild
2025-03-26 12:13:18,952 - ERROR - Database Connection Faild
2025-03-26 12:13:31,366 - ERROR - Database Connection Faild
2025-03-26 12:13:33,954 - ERROR - Database Connection Faild
2025-03-26 12:13:46,370 - ERROR - Database Connection Faild
2025-03-26 12:13:48,961 - ERROR - Database Connection Faild
2025-03-26 12:14:01,373 - ERROR - Database Connection Faild
2025-03-26 12:14:03,964 - ERROR - Database Connection Faild
2025-03-26 12:14:16,377 - ERROR - Database Connection Faild
2025-03-26 12:14:18,967 - ERROR - Database Connection Faild
2025-03-26 12:14:31,379 - ERROR - Database Connection Faild
2025-03-26 12:14:33,970 - ERROR - Database Connection Faild
2025-03-26 12:14:46,381 - ERROR - Database Connection Faild
2025-03-26 12:14:48,976 - ERROR - Database Connection Faild
2025-03-26 12:15:01,388 - ERROR - Database Connection Faild
2025-03-26 12:15:03,984 - ERROR - Database Connection Faild
2025-03-26 12:15:16,393 - ERROR - Database Connection Faild
2025-03-26 12:15:18,987 - ERROR - Database Connection Faild
2025-03-26 12:15:31,396 - ERROR - Database Connection Faild
2025-03-26 12:15:33,991 - ERROR - Database Connection Faild
2025-03-26 12:15:46,399 - ERROR - Database Connection Faild
2025-03-26 12:15:48,998 - ERROR - Database Connection Faild
2025-03-26 12:16:01,406 - ERROR - Database Connection Faild
2025-03-26 12:16:04,005 - ERROR - Database Connection Faild
2025-03-26 12:16:16,413 - ERROR - Database Connection Faild
2025-03-26 12:16:19,013 - ERROR - Database Connection Faild
2025-03-26 12:16:31,415 - ERROR - Database Connection Faild
2025-03-26 12:16:34,017 - ERROR - Database Connection Faild
2025-03-26 12:16:46,578 - ERROR - Database Connection Faild
2025-03-26 12:16:49,024 - ERROR - Database Connection Faild
2025-03-26 12:17:01,581 - ERROR - Database Connection Faild
2025-03-26 12:17:04,027 - ERROR - Database Connection Faild
2025-03-26 12:17:16,591 - ERROR - Database Connection Faild
2025-03-26 12:17:19,031 - ERROR - Database Connection Faild
2025-03-26 12:17:31,594 - ERROR - Database Connection Faild
2025-03-26 12:17:34,035 - ERROR - Database Connection Faild
2025-03-26 12:17:46,597 - ERROR - Database Connection Faild
2025-03-26 12:17:49,038 - ERROR - Database Connection Faild
2025-03-26 12:18:01,604 - ERROR - Database Connection Faild
2025-03-26 12:18:04,040 - ERROR - Database Connection Faild
2025-03-26 12:18:16,606 - ERROR - Database Connection Faild
2025-03-26 12:18:19,046 - ERROR - Database Connection Faild
2025-03-26 12:18:31,613 - ERROR - Database Connection Faild
2025-03-26 12:18:34,048 - ERROR - Database Connection Faild
2025-03-26 12:18:46,615 - ERROR - Database Connection Faild
2025-03-26 12:18:49,053 - ERROR - Database Connection Faild
2025-03-26 12:19:01,617 - ERROR - Database Connection Faild
2025-03-26 12:19:04,059 - ERROR - Database Connection Faild
2025-03-26 12:19:16,623 - ERROR - Database Connection Faild
2025-03-26 12:19:19,063 - ERROR - Database Connection Faild
2025-03-26 12:19:31,625 - ERROR - Database Connection Faild
2025-03-26 12:19:34,069 - ERROR - Database Connection Faild
2025-03-26 12:19:46,632 - ERROR - Database Connection Faild
2025-03-26 12:19:49,076 - ERROR - Database Connection Faild
2025-03-26 12:20:01,635 - ERROR - Database Connection Faild
2025-03-26 12:20:04,081 - ERROR - Database Connection Faild
2025-03-26 12:20:16,642 - ERROR - Database Connection Faild
2025-03-26 12:20:19,088 - ERROR - Database Connection Faild
2025-03-26 12:20:31,645 - ERROR - Database Connection Faild
2025-03-26 12:20:34,091 - ERROR - Database Connection Faild
2025-03-26 12:20:46,648 - ERROR - Database Connection Faild
2025-03-26 12:20:49,094 - ERROR - Database Connection Faild
2025-03-26 12:21:01,650 - ERROR - Database Connection Faild
2025-03-26 12:21:04,100 - ERROR - Database Connection Faild
2025-03-26 12:21:16,654 - ERROR - Database Connection Faild
2025-03-26 12:21:19,104 - ERROR - Database Connection Faild
2025-03-26 12:21:31,656 - ERROR - Database Connection Faild
2025-03-26 12:21:34,111 - ERROR - Database Connection Faild
2025-03-26 12:21:46,663 - ERROR - Database Connection Faild
2025-03-26 12:21:49,118 - ERROR - Database Connection Faild
2025-03-26 12:22:01,665 - ERROR - Database Connection Faild
2025-03-26 12:22:04,125 - ERROR - Database Connection Faild
2025-03-26 12:22:16,671 - ERROR - Database Connection Faild
2025-03-26 12:22:19,132 - ERROR - Database Connection Faild
2025-03-26 12:22:31,678 - ERROR - Database Connection Faild
2025-03-26 12:22:34,137 - ERROR - Database Connection Faild
2025-03-26 12:22:46,685 - ERROR - Database Connection Faild
2025-03-26 12:22:49,144 - ERROR - Database Connection Faild
2025-03-26 12:23:01,687 - ERROR - Database Connection Faild
2025-03-26 12:23:04,146 - ERROR - Database Connection Faild
2025-03-26 12:23:16,694 - ERROR - Database Connection Faild
2025-03-26 12:23:19,152 - ERROR - Database Connection Faild
2025-03-26 12:23:31,696 - ERROR - Database Connection Faild
2025-03-26 12:23:34,157 - ERROR - Database Connection Faild
2025-03-26 12:23:46,699 - ERROR - Database Connection Faild
2025-03-26 12:23:49,160 - ERROR - Database Connection Faild
2025-03-26 12:24:01,702 - ERROR - Database Connection Faild
2025-03-26 12:24:04,166 - ERROR - Database Connection Faild
2025-03-26 12:24:16,704 - ERROR - Database Connection Faild
2025-03-26 12:24:19,170 - ERROR - Database Connection Faild
2025-03-26 12:24:31,707 - ERROR - Database Connection Faild
2025-03-26 12:24:34,175 - ERROR - Database Connection Faild
2025-03-26 12:24:46,710 - ERROR - Database Connection Faild
2025-03-26 12:24:49,179 - ERROR - Database Connection Faild
2025-03-26 12:25:01,716 - ERROR - Database Connection Faild
2025-03-26 12:25:04,183 - ERROR - Database Connection Faild
2025-03-26 12:25:16,718 - ERROR - Database Connection Faild
2025-03-26 12:25:19,189 - ERROR - Database Connection Faild
2025-03-26 12:25:31,723 - ERROR - Database Connection Faild
2025-03-26 12:25:34,202 - ERROR - Database Connection Faild
2025-03-26 12:25:46,725 - ERROR - Database Connection Faild
2025-03-26 12:25:49,204 - ERROR - Database Connection Faild
2025-03-26 12:26:01,727 - ERROR - Database Connection Faild
2025-03-26 12:26:04,211 - ERROR - Database Connection Faild
2025-03-26 12:26:16,731 - ERROR - Database Connection Faild
2025-03-26 12:26:19,215 - ERROR - Database Connection Faild
2025-03-26 12:26:31,733 - ERROR - Database Connection Faild
2025-03-26 12:26:34,217 - ERROR - Database Connection Faild
2025-03-26 12:26:46,737 - ERROR - Database Connection Faild
2025-03-26 12:26:49,222 - ERROR - Database Connection Faild
2025-03-26 12:27:01,740 - ERROR - Database Connection Faild
2025-03-26 12:27:04,226 - ERROR - Database Connection Faild
2025-03-26 12:27:16,753 - ERROR - Database Connection Faild
2025-03-26 12:27:19,231 - ERROR - Database Connection Faild
2025-03-26 12:27:31,759 - ERROR - Database Connection Faild
2025-03-26 12:27:34,235 - ERROR - Database Connection Faild
2025-03-26 12:27:46,762 - ERROR - Database Connection Faild
2025-03-26 12:27:49,238 - ERROR - Database Connection Faild
2025-03-26 12:28:01,769 - ERROR - Database Connection Faild
2025-03-26 12:28:04,246 - ERROR - Database Connection Faild
2025-03-26 12:28:16,775 - ERROR - Database Connection Faild
2025-03-26 12:28:19,261 - ERROR - Database Connection Faild
2025-03-26 12:28:31,778 - ERROR - Database Connection Faild
2025-03-26 12:28:34,264 - ERROR - Database Connection Faild
2025-03-26 12:28:46,779 - ERROR - Database Connection Faild
2025-03-26 12:28:49,267 - ERROR - Database Connection Faild
2025-03-26 12:29:01,784 - ERROR - Database Connection Faild
2025-03-26 12:29:04,269 - ERROR - Database Connection Faild
2025-03-26 12:29:16,787 - ERROR - Database Connection Faild
2025-03-26 12:29:19,272 - ERROR - Database Connection Faild
2025-03-26 12:29:31,789 - ERROR - Database Connection Faild
2025-03-26 12:29:34,275 - ERROR - Database Connection Faild
2025-03-26 12:29:46,792 - ERROR - Database Connection Faild
2025-03-26 12:29:49,282 - ERROR - Database Connection Faild
2025-03-26 12:30:01,795 - ERROR - Database Connection Faild
2025-03-26 12:30:04,289 - ERROR - Database Connection Faild
2025-03-26 12:30:16,798 - ERROR - Database Connection Faild
2025-03-26 12:30:19,293 - ERROR - Database Connection Faild
2025-03-26 12:30:31,801 - ERROR - Database Connection Faild
2025-03-26 12:30:34,298 - ERROR - Database Connection Faild
2025-03-26 12:30:46,804 - ERROR - Database Connection Faild
2025-03-26 12:30:49,300 - ERROR - Database Connection Faild
2025-03-26 12:31:01,808 - ERROR - Database Connection Faild
2025-03-26 12:31:04,303 - ERROR - Database Connection Faild
2025-03-26 12:31:16,812 - ERROR - Database Connection Faild
2025-03-26 12:31:19,310 - ERROR - Database Connection Faild
2025-03-26 12:31:31,813 - ERROR - Database Connection Faild
2025-03-26 12:31:34,314 - ERROR - Database Connection Faild
2025-03-26 12:31:46,816 - ERROR - Database Connection Faild
2025-03-26 12:31:49,319 - ERROR - Database Connection Faild
2025-03-26 12:32:01,819 - ERROR - Database Connection Faild
2025-03-26 12:32:04,322 - ERROR - Database Connection Faild
2025-03-26 12:32:16,826 - ERROR - Database Connection Faild
2025-03-26 12:32:19,326 - ERROR - Database Connection Faild
2025-03-26 12:32:31,829 - ERROR - Database Connection Faild
2025-03-26 12:32:34,334 - ERROR - Database Connection Faild
2025-03-26 12:32:46,833 - ERROR - Database Connection Faild
2025-03-26 12:32:49,337 - ERROR - Database Connection Faild
2025-03-26 12:33:01,843 - ERROR - Database Connection Faild
2025-03-26 12:33:04,343 - ERROR - Database Connection Faild
2025-03-26 12:33:16,846 - ERROR - Database Connection Faild
2025-03-26 12:33:19,351 - ERROR - Database Connection Faild
2025-03-26 12:33:31,852 - ERROR - Database Connection Faild
2025-03-26 12:33:34,355 - ERROR - Database Connection Faild
2025-03-26 12:33:46,858 - ERROR - Database Connection Faild
2025-03-26 12:33:49,366 - ERROR - Database Connection Faild
2025-03-26 12:34:01,862 - ERROR - Database Connection Faild
2025-03-26 12:34:04,371 - ERROR - Database Connection Faild
2025-03-26 12:34:16,876 - ERROR - Database Connection Faild
2025-03-26 12:34:19,376 - ERROR - Database Connection Faild
2025-03-26 12:34:31,879 - ERROR - Database Connection Faild
2025-03-26 12:34:34,378 - ERROR - Database Connection Faild
2025-03-26 12:34:46,881 - ERROR - Database Connection Faild
2025-03-26 12:34:49,386 - ERROR - Database Connection Faild
2025-03-26 12:35:01,884 - ERROR - Database Connection Faild
2025-03-26 12:35:04,391 - ERROR - Database Connection Faild
2025-03-26 12:35:16,888 - ERROR - Database Connection Faild
2025-03-26 12:35:19,395 - ERROR - Database Connection Faild
2025-03-26 12:35:31,893 - ERROR - Database Connection Faild
2025-03-26 12:35:34,404 - ERROR - Database Connection Faild
2025-03-26 12:35:46,897 - ERROR - Database Connection Faild
2025-03-26 12:35:49,412 - ERROR - Database Connection Faild
2025-03-26 12:36:01,899 - ERROR - Database Connection Faild
2025-03-26 12:36:04,416 - ERROR - Database Connection Faild
2025-03-26 12:36:16,903 - ERROR - Database Connection Faild
2025-03-26 12:36:19,419 - ERROR - Database Connection Faild
2025-03-26 12:36:31,905 - ERROR - Database Connection Faild
2025-03-26 12:36:34,424 - ERROR - Database Connection Faild
2025-03-26 12:36:46,909 - ERROR - Database Connection Faild
2025-03-26 12:36:49,427 - ERROR - Database Connection Faild
2025-03-26 12:37:01,912 - ERROR - Database Connection Faild
2025-03-26 12:37:04,434 - ERROR - Database Connection Faild
2025-03-26 12:37:16,915 - ERROR - Database Connection Faild
2025-03-26 12:37:19,435 - ERROR - Database Connection Faild
2025-03-26 12:37:31,919 - ERROR - Database Connection Faild
2025-03-26 12:37:34,438 - ERROR - Database Connection Faild
2025-03-26 12:37:46,922 - ERROR - Database Connection Faild
2025-03-26 12:37:49,440 - ERROR - Database Connection Faild
2025-03-26 12:38:01,930 - ERROR - Database Connection Faild
2025-03-26 12:38:04,442 - ERROR - Database Connection Faild
2025-03-26 12:38:16,932 - ERROR - Database Connection Faild
2025-03-26 12:38:19,446 - ERROR - Database Connection Faild
2025-03-26 12:38:31,936 - ERROR - Database Connection Faild
2025-03-26 12:38:34,450 - ERROR - Database Connection Faild
2025-03-26 12:38:46,943 - ERROR - Database Connection Faild
2025-03-26 12:38:49,453 - ERROR - Database Connection Faild
2025-03-26 12:39:01,945 - ERROR - Database Connection Faild
2025-03-26 12:39:04,461 - ERROR - Database Connection Faild
2025-03-26 12:39:16,947 - ERROR - Database Connection Faild
2025-03-26 12:39:19,466 - ERROR - Database Connection Faild
2025-03-26 12:39:31,949 - ERROR - Database Connection Faild
2025-03-26 12:39:34,472 - ERROR - Database Connection Faild
2025-03-26 12:39:46,951 - ERROR - Database Connection Faild
2025-03-26 12:39:49,475 - ERROR - Database Connection Faild
2025-03-26 12:40:01,955 - ERROR - Database Connection Faild
2025-03-26 12:40:04,477 - ERROR - Database Connection Faild
2025-03-26 12:40:16,957 - ERROR - Database Connection Faild
2025-03-26 12:40:19,479 - ERROR - Database Connection Faild
2025-03-26 12:40:31,961 - ERROR - Database Connection Faild
2025-03-26 12:40:34,486 - ERROR - Database Connection Faild
2025-03-26 12:40:46,963 - ERROR - Database Connection Faild
2025-03-26 12:40:49,490 - ERROR - Database Connection Faild
2025-03-26 12:41:01,973 - ERROR - Database Connection Faild
2025-03-26 12:41:04,497 - ERROR - Database Connection Faild
2025-03-26 12:41:16,976 - ERROR - Database Connection Faild
2025-03-26 12:41:19,499 - ERROR - Database Connection Faild
2025-03-26 12:41:31,980 - ERROR - Database Connection Faild
2025-03-26 12:41:34,504 - ERROR - Database Connection Faild
2025-03-26 12:41:46,982 - ERROR - Database Connection Faild
2025-03-26 12:41:49,506 - ERROR - Database Connection Faild
2025-03-26 12:42:01,989 - ERROR - Database Connection Faild
2025-03-26 12:42:04,510 - ERROR - Database Connection Faild
2025-03-26 12:42:16,992 - ERROR - Database Connection Faild
2025-03-26 12:42:19,513 - ERROR - Database Connection Faild
2025-03-26 12:42:31,996 - ERROR - Database Connection Faild
2025-03-26 12:42:34,516 - ERROR - Database Connection Faild
2025-03-26 12:42:46,999 - ERROR - Database Connection Faild
2025-03-26 12:42:49,519 - ERROR - Database Connection Faild
2025-03-26 12:43:02,007 - ERROR - Database Connection Faild
2025-03-26 12:43:04,522 - ERROR - Database Connection Faild
2025-03-26 12:43:17,011 - ERROR - Database Connection Faild
2025-03-26 12:43:19,524 - ERROR - Database Connection Faild
2025-03-26 12:43:32,018 - ERROR - Database Connection Faild
2025-03-26 12:43:34,527 - ERROR - Database Connection Faild
2025-03-26 12:43:47,023 - ERROR - Database Connection Faild
2025-03-26 12:43:49,531 - ERROR - Database Connection Faild
2025-03-26 12:44:02,031 - ERROR - Database Connection Faild
2025-03-26 12:44:04,537 - ERROR - Database Connection Faild
2025-03-26 12:44:17,038 - ERROR - Database Connection Faild
2025-03-26 12:44:19,540 - ERROR - Database Connection Faild
2025-03-26 12:44:32,045 - ERROR - Database Connection Faild
2025-03-26 12:44:34,547 - ERROR - Database Connection Faild
2025-03-26 12:44:47,050 - ERROR - Database Connection Faild
2025-03-26 12:44:49,549 - ERROR - Database Connection Faild
2025-03-26 12:45:02,057 - ERROR - Database Connection Faild
2025-03-26 12:45:04,554 - ERROR - Database Connection Faild
2025-03-26 12:45:17,063 - ERROR - Database Connection Faild
2025-03-26 12:45:19,558 - ERROR - Database Connection Faild
2025-03-26 12:45:32,066 - ERROR - Database Connection Faild
2025-03-26 12:45:34,560 - ERROR - Database Connection Faild
2025-03-26 12:45:47,071 - ERROR - Database Connection Faild
2025-03-26 12:45:49,563 - ERROR - Database Connection Faild
2025-03-26 12:46:02,076 - ERROR - Database Connection Faild
2025-03-26 12:46:04,565 - ERROR - Database Connection Faild
2025-03-26 12:46:17,081 - ERROR - Database Connection Faild
2025-03-26 12:46:19,568 - ERROR - Database Connection Faild
2025-03-26 12:46:32,086 - ERROR - Database Connection Faild
2025-03-26 12:46:34,575 - ERROR - Database Connection Faild
2025-03-26 12:46:47,094 - ERROR - Database Connection Faild
2025-03-26 12:46:49,578 - ERROR - Database Connection Faild
2025-03-26 12:47:02,096 - ERROR - Database Connection Faild
2025-03-26 12:47:04,580 - ERROR - Database Connection Faild
2025-03-26 12:47:17,104 - ERROR - Database Connection Faild
2025-03-26 12:47:19,585 - ERROR - Database Connection Faild
2025-03-26 12:47:32,111 - ERROR - Database Connection Faild
2025-03-26 12:47:34,592 - ERROR - Database Connection Faild
2025-03-26 12:47:47,115 - ERROR - Database Connection Faild
2025-03-26 12:47:49,597 - ERROR - Database Connection Faild
2025-03-26 12:48:02,123 - ERROR - Database Connection Faild
2025-03-26 12:48:04,605 - ERROR - Database Connection Faild
2025-03-26 12:48:17,128 - ERROR - Database Connection Faild
2025-03-26 12:48:19,607 - ERROR - Database Connection Faild
2025-03-26 12:48:32,130 - ERROR - Database Connection Faild
2025-03-26 12:48:34,609 - ERROR - Database Connection Faild
2025-03-26 12:48:47,132 - ERROR - Database Connection Faild
2025-03-26 12:48:49,612 - ERROR - Database Connection Faild
2025-03-26 12:49:02,135 - ERROR - Database Connection Faild
2025-03-26 12:49:04,615 - ERROR - Database Connection Faild
2025-03-26 12:49:17,142 - ERROR - Database Connection Faild
2025-03-26 12:49:19,620 - ERROR - Database Connection Faild
2025-03-26 12:49:32,143 - ERROR - Database Connection Faild
2025-03-26 12:49:34,627 - ERROR - Database Connection Faild
2025-03-26 12:49:47,147 - ERROR - Database Connection Faild
2025-03-26 12:49:49,631 - ERROR - Database Connection Faild
2025-03-26 12:50:02,153 - ERROR - Database Connection Faild
2025-03-26 12:50:04,636 - ERROR - Database Connection Faild
2025-03-26 12:50:17,156 - ERROR - Database Connection Faild
2025-03-26 12:50:19,637 - ERROR - Database Connection Faild
2025-03-26 12:50:32,163 - ERROR - Database Connection Faild
2025-03-26 12:50:34,642 - ERROR - Database Connection Faild
2025-03-26 12:50:47,165 - ERROR - Database Connection Faild
2025-03-26 12:50:49,649 - ERROR - Database Connection Faild
2025-03-26 12:51:02,172 - ERROR - Database Connection Faild
2025-03-26 12:51:04,654 - ERROR - Database Connection Faild
2025-03-26 12:51:17,177 - ERROR - Database Connection Faild
2025-03-26 12:51:19,657 - ERROR - Database Connection Faild
2025-03-26 12:51:32,183 - ERROR - Database Connection Faild
2025-03-26 12:51:34,662 - ERROR - Database Connection Faild
2025-03-26 12:51:47,289 - ERROR - Database Connection Faild
2025-03-26 12:51:49,702 - ERROR - Database Connection Faild
2025-03-26 12:52:02,295 - ERROR - Database Connection Faild
2025-03-26 12:52:04,728 - ERROR - Database Connection Faild
2025-03-26 12:52:17,301 - ERROR - Database Connection Faild
2025-03-26 12:52:19,769 - ERROR - Database Connection Faild
2025-03-26 12:52:32,332 - ERROR - Database Connection Faild
2025-03-26 12:52:34,784 - ERROR - Database Connection Faild
2025-03-26 12:52:47,335 - ERROR - Database Connection Faild
2025-03-26 12:52:49,787 - ERROR - Database Connection Faild
2025-03-26 12:53:02,341 - ERROR - Database Connection Faild
2025-03-26 12:53:04,789 - ERROR - Database Connection Faild
2025-03-26 12:53:17,343 - ERROR - Database Connection Faild
2025-03-26 12:53:19,794 - ERROR - Database Connection Faild
2025-03-26 12:53:32,346 - ERROR - Database Connection Faild
2025-03-26 12:53:34,797 - ERROR - Database Connection Faild
2025-03-26 12:53:47,348 - ERROR - Database Connection Faild
2025-03-26 12:53:49,799 - ERROR - Database Connection Faild
2025-03-26 12:54:02,351 - ERROR - Database Connection Faild
2025-03-26 12:54:04,801 - ERROR - Database Connection Faild
2025-03-26 12:54:17,356 - ERROR - Database Connection Faild
2025-03-26 12:54:19,803 - ERROR - Database Connection Faild
2025-03-26 12:54:32,364 - ERROR - Database Connection Faild
2025-03-26 12:54:34,808 - ERROR - Database Connection Faild
2025-03-26 12:54:47,367 - ERROR - Database Connection Faild
2025-03-26 12:54:49,810 - ERROR - Database Connection Faild
2025-03-26 12:55:02,369 - ERROR - Database Connection Faild
2025-03-26 12:55:04,817 - ERROR - Database Connection Faild
2025-03-26 12:55:17,376 - ERROR - Database Connection Faild
2025-03-26 12:55:19,824 - ERROR - Database Connection Faild
2025-03-26 12:55:32,380 - ERROR - Database Connection Faild
2025-03-26 12:55:34,830 - ERROR - Database Connection Faild
2025-03-26 12:55:47,383 - ERROR - Database Connection Faild
2025-03-26 12:55:49,838 - ERROR - Database Connection Faild
2025-03-26 12:56:02,389 - ERROR - Database Connection Faild
2025-03-26 12:56:04,840 - ERROR - Database Connection Faild
2025-03-26 12:56:17,396 - ERROR - Database Connection Faild
2025-03-26 12:56:19,842 - ERROR - Database Connection Faild
2025-03-26 12:56:32,401 - ERROR - Database Connection Faild
2025-03-26 12:56:34,845 - ERROR - Database Connection Faild
2025-03-26 12:56:47,409 - ERROR - Database Connection Faild
2025-03-26 12:56:49,848 - ERROR - Database Connection Faild
2025-03-26 12:57:02,417 - ERROR - Database Connection Faild
2025-03-26 12:57:04,851 - ERROR - Database Connection Faild
2025-03-26 12:57:17,420 - ERROR - Database Connection Faild
2025-03-26 12:57:19,854 - ERROR - Database Connection Faild
2025-03-26 12:57:32,425 - ERROR - Database Connection Faild
2025-03-26 12:57:34,858 - ERROR - Database Connection Faild
2025-03-26 12:57:47,429 - ERROR - Database Connection Faild
2025-03-26 12:57:49,863 - ERROR - Database Connection Faild
2025-03-26 12:58:02,437 - ERROR - Database Connection Faild
2025-03-26 12:58:04,870 - ERROR - Database Connection Faild
2025-03-26 12:58:17,442 - ERROR - Database Connection Faild
2025-03-26 12:58:19,874 - ERROR - Database Connection Faild
2025-03-26 12:58:32,444 - ERROR - Database Connection Faild
2025-03-26 12:58:34,878 - ERROR - Database Connection Faild
2025-03-26 12:58:47,445 - ERROR - Database Connection Faild
2025-03-26 12:58:49,884 - ERROR - Database Connection Faild
2025-03-26 12:59:02,454 - ERROR - Database Connection Faild
2025-03-26 12:59:04,886 - ERROR - Database Connection Faild
2025-03-26 12:59:17,457 - ERROR - Database Connection Faild
2025-03-26 12:59:19,894 - ERROR - Database Connection Faild
2025-03-26 12:59:32,460 - ERROR - Database Connection Faild
2025-03-26 12:59:34,898 - ERROR - Database Connection Faild
2025-03-26 12:59:47,464 - ERROR - Database Connection Faild
2025-03-26 12:59:49,904 - ERROR - Database Connection Faild
2025-03-26 13:00:02,465 - ERROR - Database Connection Faild
2025-03-26 13:00:04,906 - ERROR - Database Connection Faild
2025-03-26 13:00:17,468 - ERROR - Database Connection Faild
2025-03-26 13:00:19,913 - ERROR - Database Connection Faild
2025-03-26 13:00:32,470 - ERROR - Database Connection Faild
2025-03-26 13:00:34,921 - ERROR - Database Connection Faild
2025-03-26 13:00:47,477 - ERROR - Database Connection Faild
2025-03-26 13:00:49,928 - ERROR - Database Connection Faild
2025-03-26 13:01:02,481 - ERROR - Database Connection Faild
2025-03-26 13:01:04,933 - ERROR - Database Connection Faild
2025-03-26 13:01:17,488 - ERROR - Database Connection Faild
2025-03-26 13:01:19,939 - ERROR - Database Connection Faild
2025-03-26 13:01:32,493 - ERROR - Database Connection Faild
2025-03-26 13:01:34,942 - ERROR - Database Connection Faild
2025-03-26 13:01:47,495 - ERROR - Database Connection Faild
2025-03-26 13:01:49,950 - ERROR - Database Connection Faild
2025-03-26 13:02:02,503 - ERROR - Database Connection Faild
2025-03-26 13:02:04,959 - ERROR - Database Connection Faild
2025-03-26 13:02:17,506 - ERROR - Database Connection Faild
2025-03-26 13:02:19,968 - ERROR - Database Connection Faild
2025-03-26 13:02:32,511 - ERROR - Database Connection Faild
2025-03-26 13:02:34,976 - ERROR - Database Connection Faild
2025-03-26 13:02:47,512 - ERROR - Database Connection Faild
2025-03-26 13:02:49,981 - ERROR - Database Connection Faild
2025-03-26 13:03:02,517 - ERROR - Database Connection Faild
2025-03-26 13:03:04,985 - ERROR - Database Connection Faild
2025-03-26 13:03:17,519 - ERROR - Database Connection Faild
2025-03-26 13:03:19,990 - ERROR - Database Connection Faild
2025-03-26 13:03:32,524 - ERROR - Database Connection Faild
2025-03-26 13:03:34,995 - ERROR - Database Connection Faild
2025-03-26 13:03:47,526 - ERROR - Database Connection Faild
2025-03-26 13:03:50,001 - ERROR - Database Connection Faild
2025-03-26 13:04:02,533 - ERROR - Database Connection Faild
2025-03-26 13:04:05,003 - ERROR - Database Connection Faild
2025-03-26 13:04:17,538 - ERROR - Database Connection Faild
2025-03-26 13:04:20,006 - ERROR - Database Connection Faild
2025-03-26 13:04:32,544 - ERROR - Database Connection Faild
2025-03-26 13:04:35,011 - ERROR - Database Connection Faild
2025-03-26 13:04:47,552 - ERROR - Database Connection Faild
2025-03-26 13:04:50,015 - ERROR - Database Connection Faild
2025-03-26 13:05:02,557 - ERROR - Database Connection Faild
2025-03-26 13:05:05,019 - ERROR - Database Connection Faild
2025-03-26 13:05:17,563 - ERROR - Database Connection Faild
2025-03-26 13:05:20,023 - ERROR - Database Connection Faild
2025-03-26 13:05:32,566 - ERROR - Database Connection Faild
2025-03-26 13:05:35,026 - ERROR - Database Connection Faild
2025-03-26 13:05:47,569 - ERROR - Database Connection Faild
2025-03-26 13:05:50,028 - ERROR - Database Connection Faild
2025-03-26 13:06:02,573 - ERROR - Database Connection Faild
2025-03-26 13:06:05,030 - ERROR - Database Connection Faild
2025-03-26 13:06:17,581 - ERROR - Database Connection Faild
2025-03-26 13:06:20,034 - ERROR - Database Connection Faild
2025-03-26 13:06:32,584 - ERROR - Database Connection Faild
2025-03-26 13:06:35,039 - ERROR - Database Connection Faild
2025-03-26 13:06:47,589 - ERROR - Database Connection Faild
2025-03-26 13:06:50,046 - ERROR - Database Connection Faild
2025-03-26 13:07:02,594 - ERROR - Database Connection Faild
2025-03-26 13:07:05,049 - ERROR - Database Connection Faild
2025-03-26 13:07:17,601 - ERROR - Database Connection Faild
2025-03-26 13:07:20,053 - ERROR - Database Connection Faild
2025-03-26 13:07:32,605 - ERROR - Database Connection Faild
2025-03-26 13:07:35,058 - ERROR - Database Connection Faild
2025-03-26 13:07:47,609 - ERROR - Database Connection Faild
2025-03-26 13:07:50,063 - ERROR - Database Connection Faild
2025-03-26 13:08:02,611 - ERROR - Database Connection Faild
2025-03-26 13:08:05,065 - ERROR - Database Connection Faild
2025-03-26 13:08:17,614 - ERROR - Database Connection Faild
2025-03-26 13:08:20,067 - ERROR - Database Connection Faild
2025-03-26 13:08:32,616 - ERROR - Database Connection Faild
2025-03-26 13:08:35,072 - ERROR - Database Connection Faild
2025-03-26 13:08:47,624 - ERROR - Database Connection Faild
2025-03-26 13:08:50,076 - ERROR - Database Connection Faild
2025-03-26 13:09:02,630 - ERROR - Database Connection Faild
2025-03-26 13:09:05,078 - ERROR - Database Connection Faild
2025-03-26 13:09:17,634 - ERROR - Database Connection Faild
2025-03-26 13:09:20,082 - ERROR - Database Connection Faild
2025-03-26 13:09:32,640 - ERROR - Database Connection Faild
2025-03-26 13:09:35,087 - ERROR - Database Connection Faild
2025-03-26 13:09:47,644 - ERROR - Database Connection Faild
2025-03-26 13:09:50,088 - ERROR - Database Connection Faild
2025-03-26 13:10:02,653 - ERROR - Database Connection Faild
2025-03-26 13:10:05,092 - ERROR - Database Connection Faild
2025-03-26 13:10:17,655 - ERROR - Database Connection Faild
2025-03-26 13:10:20,094 - ERROR - Database Connection Faild
2025-03-26 13:10:32,657 - ERROR - Database Connection Faild
2025-03-26 13:10:35,102 - ERROR - Database Connection Faild
2025-03-26 13:10:47,660 - ERROR - Database Connection Faild
2025-03-26 13:10:50,106 - ERROR - Database Connection Faild
2025-03-26 13:11:02,663 - ERROR - Database Connection Faild
2025-03-26 13:11:05,113 - ERROR - Database Connection Faild
2025-03-26 13:11:17,665 - ERROR - Database Connection Faild
2025-03-26 13:11:20,116 - ERROR - Database Connection Faild
2025-03-26 13:11:32,669 - ERROR - Database Connection Faild
2025-03-26 13:11:35,119 - ERROR - Database Connection Faild
2025-03-26 13:11:47,674 - ERROR - Database Connection Faild
2025-03-26 13:11:50,120 - ERROR - Database Connection Faild
2025-03-26 13:12:02,681 - ERROR - Database Connection Faild
2025-03-26 13:12:05,122 - ERROR - Database Connection Faild
2025-03-26 13:12:17,686 - ERROR - Database Connection Faild
2025-03-26 13:12:20,125 - ERROR - Database Connection Faild
2025-03-26 13:12:32,688 - ERROR - Database Connection Faild
2025-03-26 13:12:35,129 - ERROR - Database Connection Faild
2025-03-26 13:12:47,695 - ERROR - Database Connection Faild
2025-03-26 13:12:50,131 - ERROR - Database Connection Faild
2025-03-26 13:13:02,701 - ERROR - Database Connection Faild
2025-03-26 13:13:05,134 - ERROR - Database Connection Faild
2025-03-26 13:13:17,710 - ERROR - Database Connection Faild
2025-03-26 13:13:20,138 - ERROR - Database Connection Faild
2025-03-26 13:13:32,717 - ERROR - Database Connection Faild
2025-03-26 13:13:35,141 - ERROR - Database Connection Faild
2025-03-26 13:13:47,724 - ERROR - Database Connection Faild
2025-03-26 13:13:50,143 - ERROR - Database Connection Faild
2025-03-26 13:14:02,726 - ERROR - Database Connection Faild
2025-03-26 13:14:05,147 - ERROR - Database Connection Faild
2025-03-26 13:14:17,730 - ERROR - Database Connection Faild
2025-03-26 13:14:20,151 - ERROR - Database Connection Faild
2025-03-26 13:14:32,736 - ERROR - Database Connection Faild
2025-03-26 13:14:35,154 - ERROR - Database Connection Faild
2025-03-26 13:14:47,739 - ERROR - Database Connection Faild
2025-03-26 13:14:50,159 - ERROR - Database Connection Faild
2025-03-26 13:15:02,746 - ERROR - Database Connection Faild
2025-03-26 13:15:05,162 - ERROR - Database Connection Faild
2025-03-26 13:15:17,751 - ERROR - Database Connection Faild
2025-03-26 13:15:20,166 - ERROR - Database Connection Faild
2025-03-26 13:15:32,755 - ERROR - Database Connection Faild
2025-03-26 13:15:35,171 - ERROR - Database Connection Faild
2025-03-26 13:15:47,762 - ERROR - Database Connection Faild
2025-03-26 13:15:50,176 - ERROR - Database Connection Faild
2025-03-26 13:16:02,765 - ERROR - Database Connection Faild
2025-03-26 13:16:05,180 - ERROR - Database Connection Faild
2025-03-26 13:16:17,772 - ERROR - Database Connection Faild
2025-03-26 13:16:20,183 - ERROR - Database Connection Faild
2025-03-26 13:16:32,777 - ERROR - Database Connection Faild
2025-03-26 13:16:35,185 - ERROR - Database Connection Faild
2025-03-26 13:16:47,780 - ERROR - Database Connection Faild
2025-03-26 13:16:50,192 - ERROR - Database Connection Faild
2025-03-26 13:17:02,787 - ERROR - Database Connection Faild
2025-03-26 13:17:05,199 - ERROR - Database Connection Faild
2025-03-26 13:17:17,789 - ERROR - Database Connection Faild
2025-03-26 13:17:20,203 - ERROR - Database Connection Faild
2025-03-26 13:17:32,795 - ERROR - Database Connection Faild
2025-03-26 13:17:35,211 - ERROR - Database Connection Faild
2025-03-26 13:17:47,801 - ERROR - Database Connection Faild
2025-03-26 13:17:50,213 - ERROR - Database Connection Faild
2025-03-26 13:18:02,805 - ERROR - Database Connection Faild
2025-03-26 13:18:05,220 - ERROR - Database Connection Faild
2025-03-26 13:18:17,812 - ERROR - Database Connection Faild
2025-03-26 13:18:20,221 - ERROR - Database Connection Faild
2025-03-26 13:18:32,820 - ERROR - Database Connection Faild
2025-03-26 13:18:35,224 - ERROR - Database Connection Faild
2025-03-26 13:18:47,827 - ERROR - Database Connection Faild
2025-03-26 13:18:50,227 - ERROR - Database Connection Faild
2025-03-26 13:19:02,834 - ERROR - Database Connection Faild
2025-03-26 13:19:05,229 - ERROR - Database Connection Faild
2025-03-26 13:19:17,841 - ERROR - Database Connection Faild
2025-03-26 13:19:20,233 - ERROR - Database Connection Faild
2025-03-26 13:19:32,848 - ERROR - Database Connection Faild
2025-03-26 13:19:35,240 - ERROR - Database Connection Faild
2025-03-26 13:19:47,855 - ERROR - Database Connection Faild
2025-03-26 13:19:50,243 - ERROR - Database Connection Faild
2025-03-26 13:20:02,862 - ERROR - Database Connection Faild
2025-03-26 13:20:05,250 - ERROR - Database Connection Faild
2025-03-26 13:20:17,867 - ERROR - Database Connection Faild
2025-03-26 13:20:20,256 - ERROR - Database Connection Faild
2025-03-26 13:20:32,875 - ERROR - Database Connection Faild
2025-03-26 13:20:35,260 - ERROR - Database Connection Faild
2025-03-26 13:20:47,879 - ERROR - Database Connection Faild
2025-03-26 13:20:50,266 - ERROR - Database Connection Faild
2025-03-26 13:21:02,883 - ERROR - Database Connection Faild
2025-03-26 13:21:05,269 - ERROR - Database Connection Faild
2025-03-26 13:21:17,890 - ERROR - Database Connection Faild
2025-03-26 13:21:20,276 - ERROR - Database Connection Faild
2025-03-26 13:21:32,895 - ERROR - Database Connection Faild
2025-03-26 13:21:35,280 - ERROR - Database Connection Faild
2025-03-26 13:21:47,902 - ERROR - Database Connection Faild
2025-03-26 13:21:50,287 - ERROR - Database Connection Faild
2025-03-26 13:22:02,906 - ERROR - Database Connection Faild
2025-03-26 13:22:05,292 - ERROR - Database Connection Faild
2025-03-26 13:22:17,913 - ERROR - Database Connection Faild
2025-03-26 13:22:20,297 - ERROR - Database Connection Faild
2025-03-26 13:22:32,915 - ERROR - Database Connection Faild
2025-03-26 13:22:35,300 - ERROR - Database Connection Faild
2025-03-26 13:22:47,918 - ERROR - Database Connection Faild
2025-03-26 13:22:50,307 - ERROR - Database Connection Faild
2025-03-26 13:23:02,925 - ERROR - Database Connection Faild
2025-03-26 13:23:05,314 - ERROR - Database Connection Faild
2025-03-26 13:23:17,928 - ERROR - Database Connection Faild
2025-03-26 13:23:20,318 - ERROR - Database Connection Faild
2025-03-26 13:23:32,932 - ERROR - Database Connection Faild
2025-03-26 13:23:35,324 - ERROR - Database Connection Faild
2025-03-26 13:23:47,935 - ERROR - Database Connection Faild
2025-03-26 13:23:50,328 - ERROR - Database Connection Faild
2025-03-26 13:24:02,939 - ERROR - Database Connection Faild
2025-03-26 13:24:05,336 - ERROR - Database Connection Faild
2025-03-26 13:24:17,946 - ERROR - Database Connection Faild
2025-03-26 13:24:20,341 - ERROR - Database Connection Faild
2025-03-26 13:24:32,950 - ERROR - Database Connection Faild
2025-03-26 13:24:35,345 - ERROR - Database Connection Faild
2025-03-26 13:24:47,962 - ERROR - Database Connection Faild
2025-03-26 13:24:50,350 - ERROR - Database Connection Faild
2025-03-26 13:25:02,971 - ERROR - Database Connection Faild
2025-03-26 13:25:05,357 - ERROR - Database Connection Faild
2025-03-26 13:25:17,973 - ERROR - Database Connection Faild
2025-03-26 13:25:20,359 - ERROR - Database Connection Faild
2025-03-26 13:25:32,975 - ERROR - Database Connection Faild
2025-03-26 13:25:35,361 - ERROR - Database Connection Faild
2025-03-26 13:25:47,978 - ERROR - Database Connection Faild
2025-03-26 13:25:50,364 - ERROR - Database Connection Faild
2025-03-26 13:26:02,985 - ERROR - Database Connection Faild
2025-03-26 13:26:05,367 - ERROR - Database Connection Faild
2025-03-26 13:26:17,992 - ERROR - Database Connection Faild
2025-03-26 13:26:20,371 - ERROR - Database Connection Faild
2025-03-26 13:26:33,000 - ERROR - Database Connection Faild
2025-03-26 13:26:35,378 - ERROR - Database Connection Faild
2025-03-26 13:26:48,003 - ERROR - Database Connection Faild
2025-03-26 13:26:50,386 - ERROR - Database Connection Faild
2025-03-26 13:27:03,006 - ERROR - Database Connection Faild
2025-03-26 13:27:05,388 - ERROR - Database Connection Faild
2025-03-26 13:27:18,011 - ERROR - Database Connection Faild
2025-03-26 13:27:20,393 - ERROR - Database Connection Faild
2025-03-26 13:27:33,020 - ERROR - Database Connection Faild
2025-03-26 13:27:35,399 - ERROR - Database Connection Faild
2025-03-26 13:27:48,026 - ERROR - Database Connection Faild
2025-03-26 13:27:50,403 - ERROR - Database Connection Faild
2025-03-26 13:28:03,029 - ERROR - Database Connection Faild
2025-03-26 13:28:05,406 - ERROR - Database Connection Faild
2025-03-26 13:28:18,032 - ERROR - Database Connection Faild
2025-03-26 13:28:20,408 - ERROR - Database Connection Faild
2025-03-26 13:28:33,038 - ERROR - Database Connection Faild
2025-03-26 13:28:35,412 - ERROR - Database Connection Faild
2025-03-26 13:28:48,041 - ERROR - Database Connection Faild
2025-03-26 13:28:50,419 - ERROR - Database Connection Faild
2025-03-26 13:29:03,046 - ERROR - Database Connection Faild
2025-03-26 13:29:05,421 - ERROR - Database Connection Faild
2025-03-26 13:29:18,049 - ERROR - Database Connection Faild
2025-03-26 13:29:20,424 - ERROR - Database Connection Faild
2025-03-26 13:29:33,051 - ERROR - Database Connection Faild
2025-03-26 13:29:35,425 - ERROR - Database Connection Faild
2025-03-26 13:29:48,055 - ERROR - Database Connection Faild
2025-03-26 13:29:50,427 - ERROR - Database Connection Faild
2025-03-26 13:30:03,057 - ERROR - Database Connection Faild
2025-03-26 13:30:05,430 - ERROR - Database Connection Faild
2025-03-26 13:30:18,060 - ERROR - Database Connection Faild
2025-03-26 13:30:20,437 - ERROR - Database Connection Faild
2025-03-26 13:30:33,062 - ERROR - Database Connection Faild
2025-03-26 13:30:35,443 - ERROR - Database Connection Faild
2025-03-26 13:30:48,070 - ERROR - Database Connection Faild
2025-03-26 13:30:50,449 - ERROR - Database Connection Faild
2025-03-26 13:31:03,072 - ERROR - Database Connection Faild
2025-03-26 13:31:05,455 - ERROR - Database Connection Faild
2025-03-26 13:31:18,076 - ERROR - Database Connection Faild
2025-03-26 13:31:20,458 - ERROR - Database Connection Faild
2025-03-26 13:31:33,080 - ERROR - Database Connection Faild
2025-03-26 13:31:35,461 - ERROR - Database Connection Faild
2025-03-26 13:31:48,083 - ERROR - Database Connection Faild
2025-03-26 13:31:50,462 - ERROR - Database Connection Faild
2025-03-26 13:32:03,088 - ERROR - Database Connection Faild
2025-03-26 13:32:05,469 - ERROR - Database Connection Faild
2025-03-26 13:32:18,090 - ERROR - Database Connection Faild
2025-03-26 13:32:20,473 - ERROR - Database Connection Faild
2025-03-26 13:32:33,096 - ERROR - Database Connection Faild
2025-03-26 13:32:35,476 - ERROR - Database Connection Faild
2025-03-26 13:32:48,100 - ERROR - Database Connection Faild
2025-03-26 13:32:50,480 - ERROR - Database Connection Faild
2025-03-26 13:33:03,104 - ERROR - Database Connection Faild
2025-03-26 13:33:05,485 - ERROR - Database Connection Faild
2025-03-26 13:33:18,118 - ERROR - Database Connection Faild
2025-03-26 13:33:20,507 - ERROR - Database Connection Faild
2025-03-26 13:33:33,135 - ERROR - Database Connection Faild
2025-03-26 13:33:35,511 - ERROR - Database Connection Faild
2025-03-26 13:33:48,137 - ERROR - Database Connection Faild
2025-03-26 13:33:50,515 - ERROR - Database Connection Faild
2025-03-26 13:34:03,140 - ERROR - Database Connection Faild
2025-03-26 13:34:05,517 - ERROR - Database Connection Faild
2025-03-26 13:34:18,145 - ERROR - Database Connection Faild
2025-03-26 13:34:20,521 - ERROR - Database Connection Faild
2025-03-26 13:34:33,149 - ERROR - Database Connection Faild
2025-03-26 13:34:35,524 - ERROR - Database Connection Faild
2025-03-26 13:34:48,151 - ERROR - Database Connection Faild
2025-03-26 13:34:50,530 - ERROR - Database Connection Faild
2025-03-26 13:35:03,154 - ERROR - Database Connection Faild
2025-03-26 13:35:05,536 - ERROR - Database Connection Faild
2025-03-26 13:35:18,158 - ERROR - Database Connection Faild
2025-03-26 13:35:20,539 - ERROR - Database Connection Faild
2025-03-26 13:35:33,188 - ERROR - Database Connection Faild
2025-03-26 13:35:35,542 - ERROR - Database Connection Faild
2025-03-26 13:35:48,191 - ERROR - Database Connection Faild
2025-03-26 13:35:50,544 - ERROR - Database Connection Faild
2025-03-26 13:36:03,196 - ERROR - Database Connection Faild
2025-03-26 13:36:05,549 - ERROR - Database Connection Faild
2025-03-26 13:36:18,207 - ERROR - Database Connection Faild
2025-03-26 13:36:20,573 - ERROR - Database Connection Faild
2025-03-26 13:36:33,211 - ERROR - Database Connection Faild
2025-03-26 13:36:35,576 - ERROR - Database Connection Faild
2025-03-26 13:36:48,216 - ERROR - Database Connection Faild
2025-03-26 13:36:50,579 - ERROR - Database Connection Faild
2025-03-26 13:37:03,219 - ERROR - Database Connection Faild
2025-03-26 13:37:05,582 - ERROR - Database Connection Faild
2025-03-26 13:37:18,224 - ERROR - Database Connection Faild
2025-03-26 13:37:20,587 - ERROR - Database Connection Faild
2025-03-26 13:37:33,226 - ERROR - Database Connection Faild
2025-03-26 13:37:35,591 - ERROR - Database Connection Faild
2025-03-26 13:37:48,231 - ERROR - Database Connection Faild
2025-03-26 13:37:50,596 - ERROR - Database Connection Faild
2025-03-26 13:38:03,233 - ERROR - Database Connection Faild
2025-03-26 13:38:05,599 - ERROR - Database Connection Faild
2025-03-26 13:38:18,235 - ERROR - Database Connection Faild
2025-03-26 13:38:20,602 - ERROR - Database Connection Faild
2025-03-26 13:38:33,238 - ERROR - Database Connection Faild
2025-03-26 13:38:35,606 - ERROR - Database Connection Faild
2025-03-26 13:38:48,242 - ERROR - Database Connection Faild
2025-03-26 13:38:50,609 - ERROR - Database Connection Faild
2025-03-26 13:39:03,245 - ERROR - Database Connection Faild
2025-03-26 13:39:05,611 - ERROR - Database Connection Faild
2025-03-26 13:39:18,248 - ERROR - Database Connection Faild
2025-03-26 13:39:20,614 - ERROR - Database Connection Faild
2025-03-26 13:39:33,250 - ERROR - Database Connection Faild
2025-03-26 13:39:35,619 - ERROR - Database Connection Faild
2025-03-26 13:39:48,253 - ERROR - Database Connection Faild
2025-03-26 13:39:50,622 - ERROR - Database Connection Faild
2025-03-26 13:40:03,255 - ERROR - Database Connection Faild
2025-03-26 13:40:05,624 - ERROR - Database Connection Faild
2025-03-26 13:40:18,258 - ERROR - Database Connection Faild
2025-03-26 13:40:20,626 - ERROR - Database Connection Faild
2025-03-26 13:40:33,259 - ERROR - Database Connection Faild
2025-03-26 13:40:35,628 - ERROR - Database Connection Faild
2025-03-26 13:40:48,263 - ERROR - Database Connection Faild
2025-03-26 13:40:50,632 - ERROR - Database Connection Faild
2025-03-26 13:41:03,265 - ERROR - Database Connection Faild
2025-03-26 13:41:05,634 - ERROR - Database Connection Faild
2025-03-26 13:41:18,271 - ERROR - Database Connection Faild
2025-03-26 13:41:20,637 - ERROR - Database Connection Faild
2025-03-26 13:41:33,274 - ERROR - Database Connection Faild
2025-03-26 13:41:35,643 - ERROR - Database Connection Faild
2025-03-26 13:41:48,279 - ERROR - Database Connection Faild
2025-03-26 13:41:50,647 - ERROR - Database Connection Faild
2025-03-26 13:42:03,280 - ERROR - Database Connection Faild
2025-03-26 13:42:05,649 - ERROR - Database Connection Faild
2025-03-26 13:42:18,283 - ERROR - Database Connection Faild
2025-03-26 13:42:20,651 - ERROR - Database Connection Faild
2025-03-26 13:42:33,290 - ERROR - Database Connection Faild
2025-03-26 13:42:35,654 - ERROR - Database Connection Faild
2025-03-26 13:42:48,295 - ERROR - Database Connection Faild
2025-03-26 13:42:50,662 - ERROR - Database Connection Faild
2025-03-26 13:43:03,299 - ERROR - Database Connection Faild
2025-03-26 13:43:05,664 - ERROR - Database Connection Faild
2025-03-26 13:43:18,303 - ERROR - Database Connection Faild
2025-03-26 13:43:20,667 - ERROR - Database Connection Faild
2025-03-26 13:43:33,307 - ERROR - Database Connection Faild
2025-03-26 13:43:35,670 - ERROR - Database Connection Faild
2025-03-26 13:43:48,310 - ERROR - Database Connection Faild
2025-03-26 13:43:50,673 - ERROR - Database Connection Faild
2025-03-26 13:44:03,314 - ERROR - Database Connection Faild
2025-03-26 13:44:05,679 - ERROR - Database Connection Faild
2025-03-26 13:44:18,317 - ERROR - Database Connection Faild
2025-03-26 13:44:20,682 - ERROR - Database Connection Faild
2025-03-26 13:44:33,329 - ERROR - Database Connection Faild
2025-03-26 13:44:35,688 - ERROR - Database Connection Faild
2025-03-26 13:44:48,331 - ERROR - Database Connection Faild
2025-03-26 13:44:50,690 - ERROR - Database Connection Faild
2025-03-26 13:45:03,334 - ERROR - Database Connection Faild
2025-03-26 13:45:05,693 - ERROR - Database Connection Faild
2025-03-26 13:45:18,336 - ERROR - Database Connection Faild
2025-03-26 13:45:20,696 - ERROR - Database Connection Faild
2025-03-26 13:45:33,342 - ERROR - Database Connection Faild
2025-03-26 13:45:35,707 - ERROR - Database Connection Faild
2025-03-26 13:45:48,347 - ERROR - Database Connection Faild
2025-03-26 13:45:50,713 - ERROR - Database Connection Faild
2025-03-26 13:46:03,350 - ERROR - Database Connection Faild
2025-03-26 13:46:05,715 - ERROR - Database Connection Faild
2025-03-26 13:46:18,355 - ERROR - Database Connection Faild
2025-03-26 13:46:20,720 - ERROR - Database Connection Faild
2025-03-26 13:46:33,358 - ERROR - Database Connection Faild
2025-03-26 13:46:35,722 - ERROR - Database Connection Faild
2025-03-26 13:46:48,360 - ERROR - Database Connection Faild
2025-03-26 13:46:50,725 - ERROR - Database Connection Faild
2025-03-26 13:47:03,363 - ERROR - Database Connection Faild
2025-03-26 13:47:05,730 - ERROR - Database Connection Faild
2025-03-26 13:47:18,367 - ERROR - Database Connection Faild
2025-03-26 13:47:20,736 - ERROR - Database Connection Faild
2025-03-26 13:47:33,370 - ERROR - Database Connection Faild
2025-03-26 13:47:35,744 - ERROR - Database Connection Faild
2025-03-26 13:47:48,373 - ERROR - Database Connection Faild
2025-03-26 13:47:50,749 - ERROR - Database Connection Faild
2025-03-26 13:48:03,376 - ERROR - Database Connection Faild
2025-03-26 13:48:05,757 - ERROR - Database Connection Faild
2025-03-26 13:48:18,378 - ERROR - Database Connection Faild
2025-03-26 13:48:20,760 - ERROR - Database Connection Faild
2025-03-26 13:48:33,383 - ERROR - Database Connection Faild
2025-03-26 13:48:35,768 - ERROR - Database Connection Faild
2025-03-26 13:48:48,390 - ERROR - Database Connection Faild
2025-03-26 13:48:50,771 - ERROR - Database Connection Faild
2025-03-26 13:49:03,393 - ERROR - Database Connection Faild
2025-03-26 13:49:05,777 - ERROR - Database Connection Faild
2025-03-26 13:49:18,402 - ERROR - Database Connection Faild
2025-03-26 13:49:20,779 - ERROR - Database Connection Faild
2025-03-26 13:49:33,408 - ERROR - Database Connection Faild
2025-03-26 13:49:35,782 - ERROR - Database Connection Faild
2025-03-26 13:49:48,412 - ERROR - Database Connection Faild
2025-03-26 13:49:50,789 - ERROR - Database Connection Faild
2025-03-26 13:50:03,416 - ERROR - Database Connection Faild
2025-03-26 13:50:05,792 - ERROR - Database Connection Faild
2025-03-26 13:50:18,420 - ERROR - Database Connection Faild
2025-03-26 13:50:20,795 - ERROR - Database Connection Faild
2025-03-26 13:50:33,423 - ERROR - Database Connection Faild
2025-03-26 13:50:35,797 - ERROR - Database Connection Faild
2025-03-26 13:50:48,426 - ERROR - Database Connection Faild
2025-03-26 13:50:50,802 - ERROR - Database Connection Faild
2025-03-26 13:51:03,430 - ERROR - Database Connection Faild
2025-03-26 13:51:05,804 - ERROR - Database Connection Faild
2025-03-26 13:51:18,433 - ERROR - Database Connection Faild
2025-03-26 13:51:20,807 - ERROR - Database Connection Faild
2025-03-26 13:51:33,435 - ERROR - Database Connection Faild
2025-03-26 13:51:35,809 - ERROR - Database Connection Faild
2025-03-26 13:51:48,439 - ERROR - Database Connection Faild
2025-03-26 13:51:50,811 - ERROR - Database Connection Faild
2025-03-26 13:52:03,441 - ERROR - Database Connection Faild
2025-03-26 13:52:05,814 - ERROR - Database Connection Faild
2025-03-26 13:52:18,444 - ERROR - Database Connection Faild
2025-03-26 13:52:20,817 - ERROR - Database Connection Faild
2025-03-26 13:52:33,446 - ERROR - Database Connection Faild
2025-03-26 13:52:35,819 - ERROR - Database Connection Faild
2025-03-26 13:52:48,449 - ERROR - Database Connection Faild
2025-03-26 13:52:50,821 - ERROR - Database Connection Faild
2025-03-26 13:53:03,451 - ERROR - Database Connection Faild
2025-03-26 13:53:05,823 - ERROR - Database Connection Faild
2025-03-26 13:53:18,455 - ERROR - Database Connection Faild
2025-03-26 13:53:20,827 - ERROR - Database Connection Faild
2025-03-26 13:53:33,459 - ERROR - Database Connection Faild
2025-03-26 13:53:35,833 - ERROR - Database Connection Faild
2025-03-26 13:53:48,466 - ERROR - Database Connection Faild
2025-03-26 13:53:50,835 - ERROR - Database Connection Faild
2025-03-26 13:54:03,469 - ERROR - Database Connection Faild
2025-03-26 13:54:05,837 - ERROR - Database Connection Faild
2025-03-26 13:54:18,473 - ERROR - Database Connection Faild
2025-03-26 13:54:20,848 - ERROR - Database Connection Faild
2025-03-26 13:54:33,476 - ERROR - Database Connection Faild
2025-03-26 13:54:35,852 - ERROR - Database Connection Faild
2025-03-26 13:54:48,483 - ERROR - Database Connection Faild
2025-03-26 13:54:50,857 - ERROR - Database Connection Faild
2025-03-26 13:55:03,487 - ERROR - Database Connection Faild
2025-03-26 13:55:05,860 - ERROR - Database Connection Faild
2025-03-26 13:55:18,490 - ERROR - Database Connection Faild
2025-03-26 13:55:20,862 - ERROR - Database Connection Faild
2025-03-26 13:55:33,494 - ERROR - Database Connection Faild
2025-03-26 13:55:35,867 - ERROR - Database Connection Faild
2025-03-26 13:55:48,501 - ERROR - Database Connection Faild
2025-03-26 13:55:50,870 - ERROR - Database Connection Faild
2025-03-26 13:56:03,504 - ERROR - Database Connection Faild
2025-03-26 13:56:05,874 - ERROR - Database Connection Faild
2025-03-26 13:56:18,506 - ERROR - Database Connection Faild
2025-03-26 13:56:20,878 - ERROR - Database Connection Faild
2025-03-26 13:56:33,510 - ERROR - Database Connection Faild
2025-03-26 13:56:35,884 - ERROR - Database Connection Faild
2025-03-26 13:56:48,513 - ERROR - Database Connection Faild
2025-03-26 13:56:50,888 - ERROR - Database Connection Faild
2025-03-26 13:57:03,515 - ERROR - Database Connection Faild
2025-03-26 13:57:05,890 - ERROR - Database Connection Faild
2025-03-26 13:57:18,520 - ERROR - Database Connection Faild
2025-03-26 13:57:20,894 - ERROR - Database Connection Faild
2025-03-26 13:57:33,526 - ERROR - Database Connection Faild
2025-03-26 13:57:35,898 - ERROR - Database Connection Faild
2025-03-26 13:57:48,532 - ERROR - Database Connection Faild
2025-03-26 13:57:50,903 - ERROR - Database Connection Faild
2025-03-26 13:58:03,537 - ERROR - Database Connection Faild
2025-03-26 13:58:05,907 - ERROR - Database Connection Faild
2025-03-26 13:58:18,540 - ERROR - Database Connection Faild
2025-03-26 13:58:20,911 - ERROR - Database Connection Faild
2025-03-26 13:58:33,547 - ERROR - Database Connection Faild
2025-03-26 13:58:35,914 - ERROR - Database Connection Faild
2025-03-26 13:58:48,550 - ERROR - Database Connection Faild
2025-03-26 13:58:50,918 - ERROR - Database Connection Faild
2025-03-26 13:59:03,553 - ERROR - Database Connection Faild
2025-03-26 13:59:05,922 - ERROR - Database Connection Faild
2025-03-26 13:59:18,556 - ERROR - Database Connection Faild
2025-03-26 13:59:20,924 - ERROR - Database Connection Faild
2025-03-26 13:59:33,559 - ERROR - Database Connection Faild
2025-03-26 13:59:35,927 - ERROR - Database Connection Faild
2025-03-26 13:59:48,566 - ERROR - Database Connection Faild
2025-03-26 13:59:50,932 - ERROR - Database Connection Faild
2025-03-26 14:00:03,573 - ERROR - Database Connection Faild
2025-03-26 14:00:05,938 - ERROR - Database Connection Faild
2025-03-26 14:00:18,576 - ERROR - Database Connection Faild
2025-03-26 14:00:20,941 - ERROR - Database Connection Faild
2025-03-26 14:00:33,584 - ERROR - Database Connection Faild
2025-03-26 14:00:35,945 - ERROR - Database Connection Faild
2025-03-26 14:00:48,588 - ERROR - Database Connection Faild
2025-03-26 14:00:50,947 - ERROR - Database Connection Faild
2025-03-26 14:01:03,591 - ERROR - Database Connection Faild
2025-03-26 14:01:05,953 - ERROR - Database Connection Faild
2025-03-26 14:01:18,592 - ERROR - Database Connection Faild
2025-03-26 14:01:20,956 - ERROR - Database Connection Faild
2025-03-26 14:01:33,598 - ERROR - Database Connection Faild
2025-03-26 14:01:35,964 - ERROR - Database Connection Faild
2025-03-26 14:01:48,604 - ERROR - Database Connection Faild
2025-03-26 14:01:50,967 - ERROR - Database Connection Faild
2025-03-26 14:02:03,608 - ERROR - Database Connection Faild
2025-03-26 14:02:05,974 - ERROR - Database Connection Faild
2025-03-26 14:02:18,611 - ERROR - Database Connection Faild
2025-03-26 14:02:20,978 - ERROR - Database Connection Faild
2025-03-26 14:02:33,617 - ERROR - Database Connection Faild
2025-03-26 14:02:35,980 - ERROR - Database Connection Faild
2025-03-26 14:02:48,620 - ERROR - Database Connection Faild
2025-03-26 14:02:50,983 - ERROR - Database Connection Faild
2025-03-26 14:03:03,623 - ERROR - Database Connection Faild
2025-03-26 14:03:05,986 - ERROR - Database Connection Faild
2025-03-26 14:03:18,631 - ERROR - Database Connection Faild
2025-03-26 14:03:20,994 - ERROR - Database Connection Faild
2025-03-26 14:03:33,637 - ERROR - Database Connection Faild
2025-03-26 14:03:35,998 - ERROR - Database Connection Faild
2025-03-26 14:03:48,639 - ERROR - Database Connection Faild
2025-03-26 14:03:51,005 - ERROR - Database Connection Faild
2025-03-26 14:04:03,641 - ERROR - Database Connection Faild
2025-03-26 14:04:06,011 - ERROR - Database Connection Faild
2025-03-26 14:04:18,648 - ERROR - Database Connection Faild
2025-03-26 14:04:21,013 - ERROR - Database Connection Faild
2025-03-26 14:04:33,653 - ERROR - Database Connection Faild
2025-03-26 14:04:36,017 - ERROR - Database Connection Faild
2025-03-26 14:04:48,655 - ERROR - Database Connection Faild
2025-03-26 14:04:51,019 - ERROR - Database Connection Faild
2025-03-26 14:05:03,663 - ERROR - Database Connection Faild
2025-03-26 14:05:06,022 - ERROR - Database Connection Faild
2025-03-26 14:05:18,665 - ERROR - Database Connection Faild
2025-03-26 14:05:21,024 - ERROR - Database Connection Faild
2025-03-26 14:05:33,673 - ERROR - Database Connection Faild
2025-03-26 14:05:36,031 - ERROR - Database Connection Faild
2025-03-26 14:05:48,676 - ERROR - Database Connection Faild
2025-03-26 14:05:51,034 - ERROR - Database Connection Faild
2025-03-26 14:06:03,682 - ERROR - Database Connection Faild
2025-03-26 14:06:06,037 - ERROR - Database Connection Faild
2025-03-26 14:06:18,690 - ERROR - Database Connection Faild
2025-03-26 14:06:21,041 - ERROR - Database Connection Faild
2025-03-26 14:06:33,694 - ERROR - Database Connection Faild
2025-03-26 14:06:36,048 - ERROR - Database Connection Faild
2025-03-26 14:06:48,698 - ERROR - Database Connection Faild
2025-03-26 14:06:51,053 - ERROR - Database Connection Faild
2025-03-26 14:07:03,702 - ERROR - Database Connection Faild
2025-03-26 14:07:06,058 - ERROR - Database Connection Faild
2025-03-26 14:07:18,705 - ERROR - Database Connection Faild
2025-03-26 14:07:21,062 - ERROR - Database Connection Faild
2025-03-26 14:07:33,707 - ERROR - Database Connection Faild
2025-03-26 14:07:36,068 - ERROR - Database Connection Faild
2025-03-26 14:07:48,713 - ERROR - Database Connection Faild
2025-03-26 14:07:51,073 - ERROR - Database Connection Faild
2025-03-26 14:08:03,716 - ERROR - Database Connection Faild
2025-03-26 14:08:06,079 - ERROR - Database Connection Faild
2025-03-26 14:08:18,718 - ERROR - Database Connection Faild
2025-03-26 14:08:21,083 - ERROR - Database Connection Faild
2025-03-26 14:08:33,721 - ERROR - Database Connection Faild
2025-03-26 14:08:36,086 - ERROR - Database Connection Faild
2025-03-26 14:08:48,728 - ERROR - Database Connection Faild
2025-03-26 14:08:51,092 - ERROR - Database Connection Faild
2025-03-26 14:09:03,731 - ERROR - Database Connection Faild
2025-03-26 14:09:06,095 - ERROR - Database Connection Faild
2025-03-26 14:09:18,734 - ERROR - Database Connection Faild
2025-03-26 14:09:21,101 - ERROR - Database Connection Faild
2025-03-26 14:09:33,735 - ERROR - Database Connection Faild
2025-03-26 14:09:36,106 - ERROR - Database Connection Faild
2025-03-26 14:09:48,738 - ERROR - Database Connection Faild
2025-03-26 14:09:51,113 - ERROR - Database Connection Faild
2025-03-26 14:10:03,741 - ERROR - Database Connection Faild
2025-03-26 14:10:06,118 - ERROR - Database Connection Faild
2025-03-26 14:10:18,744 - ERROR - Database Connection Faild
2025-03-26 14:10:21,120 - ERROR - Database Connection Faild
2025-03-26 14:10:33,749 - ERROR - Database Connection Faild
2025-03-26 14:10:36,127 - ERROR - Database Connection Faild
2025-03-26 14:10:48,753 - ERROR - Database Connection Faild
2025-03-26 14:10:51,131 - ERROR - Database Connection Faild
2025-03-26 14:11:03,761 - ERROR - Database Connection Faild
2025-03-26 14:11:06,138 - ERROR - Database Connection Faild
2025-03-26 14:11:18,766 - ERROR - Database Connection Faild
2025-03-26 14:11:21,142 - ERROR - Database Connection Faild
2025-03-26 14:11:33,773 - ERROR - Database Connection Faild
2025-03-26 14:11:36,146 - ERROR - Database Connection Faild
2025-03-26 14:11:48,776 - ERROR - Database Connection Faild
2025-03-26 14:11:51,153 - ERROR - Database Connection Faild
2025-03-26 14:12:03,785 - ERROR - Database Connection Faild
2025-03-26 14:12:06,157 - ERROR - Database Connection Faild
2025-03-26 14:12:18,787 - ERROR - Database Connection Faild
2025-03-26 14:12:21,160 - ERROR - Database Connection Faild
2025-03-26 14:12:33,789 - ERROR - Database Connection Faild
2025-03-26 14:12:36,163 - ERROR - Database Connection Faild
2025-03-26 14:12:48,794 - ERROR - Database Connection Faild
2025-03-26 14:12:51,166 - ERROR - Database Connection Faild
2025-03-26 14:13:03,802 - ERROR - Database Connection Faild
2025-03-26 14:13:06,172 - ERROR - Database Connection Faild
2025-03-26 14:13:18,805 - ERROR - Database Connection Faild
2025-03-26 14:13:21,179 - ERROR - Database Connection Faild
2025-03-26 14:13:33,808 - ERROR - Database Connection Faild
2025-03-26 14:13:36,187 - ERROR - Database Connection Faild
2025-03-26 14:13:48,812 - ERROR - Database Connection Faild
2025-03-26 14:13:51,195 - ERROR - Database Connection Faild
2025-03-26 14:14:03,818 - ERROR - Database Connection Faild
2025-03-26 14:14:06,201 - ERROR - Database Connection Faild
2025-03-26 14:14:18,823 - ERROR - Database Connection Faild
2025-03-26 14:14:21,206 - ERROR - Database Connection Faild
2025-03-26 14:14:33,830 - ERROR - Database Connection Faild
2025-03-26 14:14:36,213 - ERROR - Database Connection Faild
2025-03-26 14:14:48,834 - ERROR - Database Connection Faild
2025-03-26 14:14:51,224 - ERROR - Database Connection Faild
2025-03-26 14:15:03,840 - ERROR - Database Connection Faild
2025-03-26 14:15:06,232 - ERROR - Database Connection Faild
2025-03-26 14:15:18,842 - ERROR - Database Connection Faild
2025-03-26 14:15:21,236 - ERROR - Database Connection Faild
2025-03-26 14:15:33,850 - ERROR - Database Connection Faild
2025-03-26 14:15:36,243 - ERROR - Database Connection Faild
2025-03-26 14:15:48,852 - ERROR - Database Connection Faild
2025-03-26 14:15:51,246 - ERROR - Database Connection Faild
2025-03-26 14:16:03,857 - ERROR - Database Connection Faild
2025-03-26 14:16:06,252 - ERROR - Database Connection Faild
2025-03-26 14:16:18,862 - ERROR - Database Connection Faild
2025-03-26 14:16:21,259 - ERROR - Database Connection Faild
2025-03-26 14:16:33,870 - ERROR - Database Connection Faild
2025-03-26 14:16:36,272 - ERROR - Database Connection Faild
2025-03-26 14:16:48,874 - ERROR - Database Connection Faild
2025-03-26 14:16:51,275 - ERROR - Database Connection Faild
2025-03-26 14:17:03,877 - ERROR - Database Connection Faild
2025-03-26 14:17:06,284 - ERROR - Database Connection Faild
2025-03-26 14:17:18,882 - ERROR - Database Connection Faild
2025-03-26 14:17:21,294 - ERROR - Database Connection Faild
2025-03-26 14:17:33,887 - ERROR - Database Connection Faild
2025-03-26 14:17:36,297 - ERROR - Database Connection Faild
2025-03-26 14:17:48,890 - ERROR - Database Connection Faild
2025-03-26 14:17:51,304 - ERROR - Database Connection Faild
2025-03-26 14:18:03,892 - ERROR - Database Connection Faild
2025-03-26 14:18:06,307 - ERROR - Database Connection Faild
2025-03-26 14:18:18,894 - ERROR - Database Connection Faild
2025-03-26 14:18:21,309 - ERROR - Database Connection Faild
2025-03-26 14:18:33,899 - ERROR - Database Connection Faild
2025-03-26 14:18:36,317 - ERROR - Database Connection Faild
2025-03-26 14:18:48,902 - ERROR - Database Connection Faild
2025-03-26 14:18:51,322 - ERROR - Database Connection Faild
2025-03-26 14:19:03,906 - ERROR - Database Connection Faild
2025-03-26 14:19:06,326 - ERROR - Database Connection Faild
2025-03-26 14:19:18,911 - ERROR - Database Connection Faild
2025-03-26 14:19:21,329 - ERROR - Database Connection Faild
2025-03-26 14:19:33,917 - ERROR - Database Connection Faild
2025-03-26 14:19:36,335 - ERROR - Database Connection Faild
2025-03-26 14:19:48,924 - ERROR - Database Connection Faild
2025-03-26 14:19:51,338 - ERROR - Database Connection Faild
2025-03-26 14:20:03,929 - ERROR - Database Connection Faild
2025-03-26 14:20:06,341 - ERROR - Database Connection Faild
2025-03-26 14:20:18,933 - ERROR - Database Connection Faild
2025-03-26 14:20:21,347 - ERROR - Database Connection Faild
2025-03-26 14:20:33,940 - ERROR - Database Connection Faild
2025-03-26 14:20:36,351 - ERROR - Database Connection Faild
2025-03-26 14:20:48,944 - ERROR - Database Connection Faild
2025-03-26 14:20:51,354 - ERROR - Database Connection Faild
2025-03-26 14:21:03,950 - ERROR - Database Connection Faild
2025-03-26 14:21:06,358 - ERROR - Database Connection Faild
2025-03-26 14:21:18,959 - ERROR - Database Connection Faild
2025-03-26 14:21:21,361 - ERROR - Database Connection Faild
2025-03-26 14:21:33,967 - ERROR - Database Connection Faild
2025-03-26 14:21:36,366 - ERROR - Database Connection Faild
2025-03-26 14:21:48,972 - ERROR - Database Connection Faild
2025-03-26 14:21:51,369 - ERROR - Database Connection Faild
2025-03-26 14:22:03,984 - ERROR - Database Connection Faild
2025-03-26 14:22:06,371 - ERROR - Database Connection Faild
2025-03-26 14:22:18,991 - ERROR - Database Connection Faild
2025-03-26 14:22:21,374 - ERROR - Database Connection Faild
2025-03-26 14:22:33,998 - ERROR - Database Connection Faild
2025-03-26 14:22:36,378 - ERROR - Database Connection Faild
2025-03-26 14:22:49,002 - ERROR - Database Connection Faild
2025-03-26 14:22:51,381 - ERROR - Database Connection Faild
2025-03-26 14:23:04,007 - ERROR - Database Connection Faild
2025-03-26 14:23:06,383 - ERROR - Database Connection Faild
2025-03-26 14:23:19,010 - ERROR - Database Connection Faild
2025-03-26 14:23:21,386 - ERROR - Database Connection Faild
2025-03-26 14:23:34,023 - ERROR - Database Connection Faild
2025-03-26 14:23:36,388 - ERROR - Database Connection Faild
2025-03-26 14:23:49,028 - ERROR - Database Connection Faild
2025-03-26 14:23:51,391 - ERROR - Database Connection Faild
2025-03-26 14:24:04,030 - ERROR - Database Connection Faild
2025-03-26 14:24:06,396 - ERROR - Database Connection Faild
2025-03-26 14:24:19,036 - ERROR - Database Connection Faild
2025-03-26 14:24:21,398 - ERROR - Database Connection Faild
2025-03-26 14:24:34,040 - ERROR - Database Connection Faild
2025-03-26 14:24:36,401 - ERROR - Database Connection Faild
2025-03-26 14:24:49,047 - ERROR - Database Connection Faild
2025-03-26 14:24:51,403 - ERROR - Database Connection Faild
2025-03-26 14:25:04,050 - ERROR - Database Connection Faild
2025-03-26 14:25:06,405 - ERROR - Database Connection Faild
2025-03-26 14:25:19,052 - ERROR - Database Connection Faild
2025-03-26 14:25:21,409 - ERROR - Database Connection Faild
2025-03-26 14:25:34,056 - ERROR - Database Connection Faild
2025-03-26 14:25:36,412 - ERROR - Database Connection Faild
2025-03-26 14:25:49,063 - ERROR - Database Connection Faild
2025-03-26 14:25:51,414 - ERROR - Database Connection Faild
2025-03-26 14:26:04,065 - ERROR - Database Connection Faild
2025-03-26 14:26:06,417 - ERROR - Database Connection Faild
2025-03-26 14:26:19,068 - ERROR - Database Connection Faild
2025-03-26 14:26:21,419 - ERROR - Database Connection Faild
2025-03-26 14:26:34,076 - ERROR - Database Connection Faild
2025-03-26 14:26:36,421 - ERROR - Database Connection Faild
2025-03-26 14:26:49,081 - ERROR - Database Connection Faild
2025-03-26 14:26:51,423 - ERROR - Database Connection Faild
2025-03-26 14:27:04,086 - ERROR - Database Connection Faild
2025-03-26 14:27:06,427 - ERROR - Database Connection Faild
2025-03-26 14:27:19,096 - ERROR - Database Connection Faild
2025-03-26 14:27:21,432 - ERROR - Database Connection Faild
2025-03-26 14:27:34,099 - ERROR - Database Connection Faild
2025-03-26 14:27:36,434 - ERROR - Database Connection Faild
2025-03-26 14:27:49,103 - ERROR - Database Connection Faild
2025-03-26 14:27:51,437 - ERROR - Database Connection Faild
2025-03-26 14:28:04,116 - ERROR - Database Connection Faild
2025-03-26 14:28:06,440 - ERROR - Database Connection Faild
2025-03-26 14:28:19,119 - ERROR - Database Connection Faild
2025-03-26 14:28:21,444 - ERROR - Database Connection Faild
2025-03-26 14:28:34,122 - ERROR - Database Connection Faild
2025-03-26 14:28:36,447 - ERROR - Database Connection Faild
2025-03-26 14:28:49,129 - ERROR - Database Connection Faild
2025-03-26 14:28:51,450 - ERROR - Database Connection Faild
2025-03-26 14:29:04,137 - ERROR - Database Connection Faild
2025-03-26 14:29:06,455 - ERROR - Database Connection Faild
2025-03-26 14:29:19,140 - ERROR - Database Connection Faild
2025-03-26 14:29:21,459 - ERROR - Database Connection Faild
2025-03-26 14:29:34,143 - ERROR - Database Connection Faild
2025-03-26 14:29:36,462 - ERROR - Database Connection Faild
2025-03-26 14:29:49,150 - ERROR - Database Connection Faild
2025-03-26 14:29:51,470 - ERROR - Database Connection Faild
2025-03-26 14:30:04,153 - ERROR - Database Connection Faild
2025-03-26 14:30:06,472 - ERROR - Database Connection Faild
2025-03-26 14:30:19,156 - ERROR - Database Connection Faild
2025-03-26 14:30:21,475 - ERROR - Database Connection Faild
2025-03-26 14:30:34,158 - ERROR - Database Connection Faild
2025-03-26 14:30:36,478 - ERROR - Database Connection Faild
2025-03-26 14:30:49,163 - ERROR - Database Connection Faild
2025-03-26 14:30:51,481 - ERROR - Database Connection Faild
2025-03-26 14:31:04,170 - ERROR - Database Connection Faild
2025-03-26 14:31:06,485 - ERROR - Database Connection Faild
2025-03-26 14:31:19,178 - ERROR - Database Connection Faild
2025-03-26 14:31:21,486 - ERROR - Database Connection Faild
2025-03-26 14:31:34,180 - ERROR - Database Connection Faild
2025-03-26 14:31:36,491 - ERROR - Database Connection Faild
2025-03-26 14:31:49,187 - ERROR - Database Connection Faild
2025-03-26 14:31:51,496 - ERROR - Database Connection Faild
2025-03-26 14:32:04,194 - ERROR - Database Connection Faild
2025-03-26 14:32:06,500 - ERROR - Database Connection Faild
2025-03-26 14:32:19,201 - ERROR - Database Connection Faild
2025-03-26 14:32:21,503 - ERROR - Database Connection Faild
2025-03-26 14:32:34,208 - ERROR - Database Connection Faild
2025-03-26 14:32:36,508 - ERROR - Database Connection Faild
2025-03-26 14:32:49,216 - ERROR - Database Connection Faild
2025-03-26 14:32:51,510 - ERROR - Database Connection Faild
2025-03-26 14:33:04,219 - ERROR - Database Connection Faild
2025-03-26 14:33:06,513 - ERROR - Database Connection Faild
2025-03-26 14:33:19,226 - ERROR - Database Connection Faild
2025-03-26 14:33:21,516 - ERROR - Database Connection Faild
2025-03-26 14:33:34,233 - ERROR - Database Connection Faild
2025-03-26 14:33:36,519 - ERROR - Database Connection Faild
2025-03-26 14:33:49,240 - ERROR - Database Connection Faild
2025-03-26 14:33:51,523 - ERROR - Database Connection Faild
2025-03-26 14:34:04,244 - ERROR - Database Connection Faild
2025-03-26 14:34:06,529 - ERROR - Database Connection Faild
2025-03-26 14:34:19,252 - ERROR - Database Connection Faild
2025-03-26 14:34:21,532 - ERROR - Database Connection Faild
2025-03-26 14:34:34,256 - ERROR - Database Connection Faild
2025-03-26 14:34:36,540 - ERROR - Database Connection Faild
2025-03-26 14:34:49,263 - ERROR - Database Connection Faild
2025-03-26 14:34:51,544 - ERROR - Database Connection Faild
2025-03-26 14:35:04,266 - ERROR - Database Connection Faild
2025-03-26 14:35:06,548 - ERROR - Database Connection Faild
2025-03-26 14:35:19,273 - ERROR - Database Connection Faild
2025-03-26 14:35:21,553 - ERROR - Database Connection Faild
2025-03-26 14:35:34,276 - ERROR - Database Connection Faild
2025-03-26 14:35:36,555 - ERROR - Database Connection Faild
2025-03-26 14:35:49,279 - ERROR - Database Connection Faild
2025-03-26 14:35:51,557 - ERROR - Database Connection Faild
2025-03-26 14:36:04,289 - ERROR - Database Connection Faild
2025-03-26 14:36:06,560 - ERROR - Database Connection Faild
2025-03-26 14:36:19,296 - ERROR - Database Connection Faild
2025-03-26 14:36:21,574 - ERROR - Database Connection Faild
2025-03-26 14:36:34,303 - ERROR - Database Connection Faild
2025-03-26 14:36:36,580 - ERROR - Database Connection Faild
2025-03-26 14:36:49,306 - ERROR - Database Connection Faild
2025-03-26 14:36:51,588 - ERROR - Database Connection Faild
2025-03-26 14:37:04,312 - ERROR - Database Connection Faild
2025-03-26 14:37:06,592 - ERROR - Database Connection Faild
2025-03-26 14:37:19,316 - ERROR - Database Connection Faild
2025-03-26 14:37:21,596 - ERROR - Database Connection Faild
2025-03-26 14:37:34,320 - ERROR - Database Connection Faild
2025-03-26 14:37:36,599 - ERROR - Database Connection Faild
2025-03-26 14:37:49,322 - ERROR - Database Connection Faild
2025-03-26 14:37:51,603 - ERROR - Database Connection Faild
2025-03-26 14:38:04,324 - ERROR - Database Connection Faild
2025-03-26 14:38:06,607 - ERROR - Database Connection Faild
2025-03-26 14:38:19,332 - ERROR - Database Connection Faild
2025-03-26 14:38:21,609 - ERROR - Database Connection Faild
2025-03-26 14:38:34,335 - ERROR - Database Connection Faild
2025-03-26 14:38:36,616 - ERROR - Database Connection Faild
2025-03-26 14:38:49,342 - ERROR - Database Connection Faild
2025-03-26 14:38:51,617 - ERROR - Database Connection Faild
2025-03-26 14:39:04,348 - ERROR - Database Connection Faild
2025-03-26 14:39:06,625 - ERROR - Database Connection Faild
2025-03-26 14:39:19,351 - ERROR - Database Connection Faild
2025-03-26 14:39:21,629 - ERROR - Database Connection Faild
2025-03-26 14:39:34,356 - ERROR - Database Connection Faild
2025-03-26 14:39:36,632 - ERROR - Database Connection Faild
2025-03-26 14:39:49,359 - ERROR - Database Connection Faild
2025-03-26 14:39:51,638 - ERROR - Database Connection Faild
2025-03-26 14:40:04,362 - ERROR - Database Connection Faild
2025-03-26 14:40:06,646 - ERROR - Database Connection Faild
2025-03-26 14:40:19,365 - ERROR - Database Connection Faild
2025-03-26 14:40:21,653 - ERROR - Database Connection Faild
2025-03-26 14:40:34,368 - ERROR - Database Connection Faild
2025-03-26 14:40:36,656 - ERROR - Database Connection Faild
2025-03-26 14:40:49,371 - ERROR - Database Connection Faild
2025-03-26 14:40:51,660 - ERROR - Database Connection Faild
2025-03-26 14:41:04,374 - ERROR - Database Connection Faild
2025-03-26 14:41:06,667 - ERROR - Database Connection Faild
2025-03-26 14:41:19,377 - ERROR - Database Connection Faild
2025-03-26 14:41:21,673 - ERROR - Database Connection Faild
2025-03-26 14:41:34,382 - ERROR - Database Connection Faild
2025-03-26 14:41:36,675 - ERROR - Database Connection Faild
2025-03-26 14:41:49,386 - ERROR - Database Connection Faild
2025-03-26 14:41:51,680 - ERROR - Database Connection Faild
2025-03-26 14:42:04,389 - ERROR - Database Connection Faild
2025-03-26 14:42:06,683 - ERROR - Database Connection Faild
2025-03-26 14:42:19,392 - ERROR - Database Connection Faild
2025-03-26 14:42:21,688 - ERROR - Database Connection Faild
2025-03-26 14:42:34,400 - ERROR - Database Connection Faild
2025-03-26 14:42:36,690 - ERROR - Database Connection Faild
2025-03-26 14:42:49,404 - ERROR - Database Connection Faild
2025-03-26 14:42:51,692 - ERROR - Database Connection Faild
2025-03-26 14:43:04,407 - ERROR - Database Connection Faild
2025-03-26 14:43:06,695 - ERROR - Database Connection Faild
2025-03-26 14:43:19,416 - ERROR - Database Connection Faild
2025-03-26 14:43:21,702 - ERROR - Database Connection Faild
2025-03-26 14:43:34,418 - ERROR - Database Connection Faild
2025-03-26 14:43:36,705 - ERROR - Database Connection Faild
2025-03-26 14:43:49,422 - ERROR - Database Connection Faild
2025-03-26 14:43:51,711 - ERROR - Database Connection Faild
2025-03-26 14:44:04,426 - ERROR - Database Connection Faild
2025-03-26 14:44:06,717 - ERROR - Database Connection Faild
2025-03-26 14:44:19,435 - ERROR - Database Connection Faild
2025-03-26 14:44:21,721 - ERROR - Database Connection Faild
2025-03-26 14:44:34,441 - ERROR - Database Connection Faild
2025-03-26 14:44:36,727 - ERROR - Database Connection Faild
2025-03-26 14:44:49,445 - ERROR - Database Connection Faild
2025-03-26 14:44:51,735 - ERROR - Database Connection Faild
2025-03-26 14:45:04,455 - ERROR - Database Connection Faild
2025-03-26 14:45:06,737 - ERROR - Database Connection Faild
2025-03-26 14:45:19,458 - ERROR - Database Connection Faild
2025-03-26 14:45:21,739 - ERROR - Database Connection Faild
2025-03-26 14:45:34,462 - ERROR - Database Connection Faild
2025-03-26 14:45:36,747 - ERROR - Database Connection Faild
2025-03-26 14:45:49,470 - ERROR - Database Connection Faild
2025-03-26 14:45:51,753 - ERROR - Database Connection Faild
2025-03-26 14:46:04,471 - ERROR - Database Connection Faild
2025-03-26 14:46:06,759 - ERROR - Database Connection Faild
2025-03-26 14:46:19,474 - ERROR - Database Connection Faild
2025-03-26 14:46:21,764 - ERROR - Database Connection Faild
2025-03-26 14:46:34,478 - ERROR - Database Connection Faild
2025-03-26 14:46:36,767 - ERROR - Database Connection Faild
2025-03-26 14:46:49,482 - ERROR - Database Connection Faild
2025-03-26 14:46:51,772 - ERROR - Database Connection Faild
2025-03-26 14:47:04,484 - ERROR - Database Connection Faild
2025-03-26 14:47:06,775 - ERROR - Database Connection Faild
2025-03-26 14:47:19,488 - ERROR - Database Connection Faild
2025-03-26 14:47:21,782 - ERROR - Database Connection Faild
2025-03-26 14:47:34,494 - ERROR - Database Connection Faild
2025-03-26 14:47:36,784 - ERROR - Database Connection Faild
2025-03-26 14:47:49,498 - ERROR - Database Connection Faild
2025-03-26 14:47:51,791 - ERROR - Database Connection Faild
2025-03-26 14:48:04,505 - ERROR - Database Connection Faild
2025-03-26 14:48:06,794 - ERROR - Database Connection Faild
2025-03-26 14:48:19,509 - ERROR - Database Connection Faild
2025-03-26 14:48:21,797 - ERROR - Database Connection Faild
2025-03-26 14:48:34,515 - ERROR - Database Connection Faild
2025-03-26 14:48:36,804 - ERROR - Database Connection Faild
2025-03-26 14:48:49,519 - ERROR - Database Connection Faild
2025-03-26 14:48:51,808 - ERROR - Database Connection Faild
2025-03-26 14:49:04,527 - ERROR - Database Connection Faild
2025-03-26 14:49:06,814 - ERROR - Database Connection Faild
2025-03-26 14:49:19,531 - ERROR - Database Connection Faild
2025-03-26 14:49:21,822 - ERROR - Database Connection Faild
2025-03-26 14:49:34,539 - ERROR - Database Connection Faild
2025-03-26 14:49:36,826 - ERROR - Database Connection Faild
2025-03-26 14:49:49,545 - ERROR - Database Connection Faild
2025-03-26 14:49:51,827 - ERROR - Database Connection Faild
2025-03-26 14:50:04,554 - ERROR - Database Connection Faild
2025-03-26 14:50:06,831 - ERROR - Database Connection Faild
2025-03-26 14:50:19,557 - ERROR - Database Connection Faild
2025-03-26 14:50:21,834 - ERROR - Database Connection Faild
2025-03-26 14:50:34,561 - ERROR - Database Connection Faild
2025-03-26 14:50:36,841 - ERROR - Database Connection Faild
2025-03-26 14:50:49,566 - ERROR - Database Connection Faild
2025-03-26 14:50:51,849 - ERROR - Database Connection Faild
2025-03-26 14:51:04,573 - ERROR - Database Connection Faild
2025-03-26 14:51:06,854 - ERROR - Database Connection Faild
2025-03-26 14:51:19,576 - ERROR - Database Connection Faild
2025-03-26 14:51:21,857 - ERROR - Database Connection Faild
2025-03-26 14:51:34,579 - ERROR - Database Connection Faild
2025-03-26 14:51:36,861 - ERROR - Database Connection Faild
2025-03-26 14:51:49,602 - ERROR - Database Connection Faild
2025-03-26 14:51:51,865 - ERROR - Database Connection Faild
2025-03-26 14:52:04,603 - ERROR - Database Connection Faild
2025-03-26 14:52:06,873 - ERROR - Database Connection Faild
2025-03-26 14:52:19,607 - ERROR - Database Connection Faild
2025-03-26 14:52:21,877 - ERROR - Database Connection Faild
2025-03-26 14:52:34,614 - ERROR - Database Connection Faild
2025-03-26 14:52:36,880 - ERROR - Database Connection Faild
2025-03-26 14:52:49,618 - ERROR - Database Connection Faild
2025-03-26 14:52:51,884 - ERROR - Database Connection Faild
2025-03-26 14:53:04,621 - ERROR - Database Connection Faild
2025-03-26 14:53:06,888 - ERROR - Database Connection Faild
2025-03-26 14:53:19,624 - ERROR - Database Connection Faild
2025-03-26 14:53:21,890 - ERROR - Database Connection Faild
2025-03-26 14:53:34,627 - ERROR - Database Connection Faild
2025-03-26 14:53:36,897 - ERROR - Database Connection Faild
2025-03-26 14:53:49,635 - ERROR - Database Connection Faild
2025-03-26 14:53:51,904 - ERROR - Database Connection Faild
2025-03-26 14:54:04,637 - ERROR - Database Connection Faild
2025-03-26 14:54:06,910 - ERROR - Database Connection Faild
2025-03-26 14:54:19,645 - ERROR - Database Connection Faild
2025-03-26 14:54:21,913 - ERROR - Database Connection Faild
2025-03-26 14:54:34,647 - ERROR - Database Connection Faild
2025-03-26 14:54:36,917 - ERROR - Database Connection Faild
2025-03-26 14:54:49,650 - ERROR - Database Connection Faild
2025-03-26 14:54:51,924 - ERROR - Database Connection Faild
2025-03-26 14:55:04,652 - ERROR - Database Connection Faild
2025-03-26 14:55:06,929 - ERROR - Database Connection Faild
2025-03-26 14:55:19,657 - ERROR - Database Connection Faild
2025-03-26 14:55:21,931 - ERROR - Database Connection Faild
2025-03-26 14:55:34,659 - ERROR - Database Connection Faild
2025-03-26 14:55:36,935 - ERROR - Database Connection Faild
2025-03-26 14:55:49,662 - ERROR - Database Connection Faild
2025-03-26 14:55:51,944 - ERROR - Database Connection Faild
2025-03-26 14:56:04,663 - ERROR - Database Connection Faild
2025-03-26 14:56:06,951 - ERROR - Database Connection Faild
2025-03-26 14:56:19,665 - ERROR - Database Connection Faild
2025-03-26 14:56:21,956 - ERROR - Database Connection Faild
2025-03-26 14:56:34,672 - ERROR - Database Connection Faild
2025-03-26 14:56:36,960 - ERROR - Database Connection Faild
2025-03-26 14:56:49,681 - ERROR - Database Connection Faild
2025-03-26 14:56:51,969 - ERROR - Database Connection Faild
2025-03-26 14:57:04,682 - ERROR - Database Connection Faild
2025-03-26 14:57:06,977 - ERROR - Database Connection Faild
2025-03-26 14:57:19,690 - ERROR - Database Connection Faild
2025-03-26 14:57:22,018 - ERROR - Database Connection Faild
2025-03-26 14:57:34,693 - ERROR - Database Connection Faild
2025-03-26 14:57:37,025 - ERROR - Database Connection Faild
2025-03-26 14:57:49,697 - ERROR - Database Connection Faild
2025-03-26 14:57:52,029 - ERROR - Database Connection Faild
2025-03-26 14:58:04,704 - ERROR - Database Connection Faild
2025-03-26 14:58:07,034 - ERROR - Database Connection Faild
2025-03-26 14:58:19,707 - ERROR - Database Connection Faild
2025-03-26 14:58:22,040 - ERROR - Database Connection Faild
2025-03-26 14:58:34,710 - ERROR - Database Connection Faild
2025-03-26 14:58:37,046 - ERROR - Database Connection Faild
2025-03-26 14:58:49,717 - ERROR - Database Connection Faild
2025-03-26 14:58:52,049 - ERROR - Database Connection Faild
2025-03-26 14:59:04,724 - ERROR - Database Connection Faild
2025-03-26 14:59:07,054 - ERROR - Database Connection Faild
2025-03-26 14:59:19,727 - ERROR - Database Connection Faild
2025-03-26 14:59:22,056 - ERROR - Database Connection Faild
2025-03-26 14:59:34,735 - ERROR - Database Connection Faild
2025-03-26 14:59:37,060 - ERROR - Database Connection Faild
2025-03-26 14:59:49,738 - ERROR - Database Connection Faild
2025-03-26 14:59:52,066 - ERROR - Database Connection Faild
2025-03-26 15:00:04,741 - ERROR - Database Connection Faild
2025-03-26 15:00:07,069 - ERROR - Database Connection Faild
2025-03-26 15:00:19,749 - ERROR - Database Connection Faild
2025-03-26 15:00:22,072 - ERROR - Database Connection Faild
2025-03-26 15:00:34,761 - ERROR - Database Connection Faild
2025-03-26 15:00:37,075 - ERROR - Database Connection Faild
2025-03-26 15:00:49,768 - ERROR - Database Connection Faild
2025-03-26 15:00:52,079 - ERROR - Database Connection Faild
2025-03-26 15:01:04,774 - ERROR - Database Connection Faild
2025-03-26 15:01:07,082 - ERROR - Database Connection Faild
2025-03-26 15:01:19,776 - ERROR - Database Connection Faild
2025-03-26 15:01:22,084 - ERROR - Database Connection Faild
2025-03-26 15:01:34,781 - ERROR - Database Connection Faild
2025-03-26 15:01:37,086 - ERROR - Database Connection Faild
2025-03-26 15:01:49,784 - ERROR - Database Connection Faild
2025-03-26 15:01:52,090 - ERROR - Database Connection Faild
2025-03-26 15:02:04,786 - ERROR - Database Connection Faild
2025-03-26 15:02:07,092 - ERROR - Database Connection Faild
2025-03-26 15:02:19,793 - ERROR - Database Connection Faild
2025-03-26 15:02:22,101 - ERROR - Database Connection Faild
2025-03-26 15:02:34,796 - ERROR - Database Connection Faild
2025-03-26 15:02:37,103 - ERROR - Database Connection Faild
2025-03-26 15:02:49,804 - ERROR - Database Connection Faild
2025-03-26 15:02:52,114 - ERROR - Database Connection Faild
2025-03-26 15:03:04,806 - ERROR - Database Connection Faild
2025-03-26 15:03:07,119 - ERROR - Database Connection Faild
2025-03-26 15:03:19,811 - ERROR - Database Connection Faild
2025-03-26 15:03:22,123 - ERROR - Database Connection Faild
2025-03-26 15:03:34,814 - ERROR - Database Connection Faild
2025-03-26 15:03:37,124 - ERROR - Database Connection Faild
2025-03-26 15:03:49,821 - ERROR - Database Connection Faild
2025-03-26 15:03:52,131 - ERROR - Database Connection Faild
2025-03-26 15:04:04,826 - ERROR - Database Connection Faild
2025-03-26 15:04:07,134 - ERROR - Database Connection Faild
2025-03-26 15:04:19,829 - ERROR - Database Connection Faild
2025-03-26 15:04:22,136 - ERROR - Database Connection Faild
2025-03-26 15:04:34,837 - ERROR - Database Connection Faild
2025-03-26 15:04:37,143 - ERROR - Database Connection Faild
2025-03-26 15:04:49,843 - ERROR - Database Connection Faild
2025-03-26 15:04:52,152 - ERROR - Database Connection Faild
2025-03-26 15:05:04,851 - ERROR - Database Connection Faild
2025-03-26 15:05:07,161 - ERROR - Database Connection Faild
2025-03-26 15:05:19,856 - ERROR - Database Connection Faild
2025-03-26 15:05:22,166 - ERROR - Database Connection Faild
2025-03-26 15:05:34,859 - ERROR - Database Connection Faild
2025-03-26 15:05:37,172 - ERROR - Database Connection Faild
2025-03-26 15:05:49,866 - ERROR - Database Connection Faild
2025-03-26 15:05:52,174 - ERROR - Database Connection Faild
2025-03-26 15:06:04,871 - ERROR - Database Connection Faild
2025-03-26 15:06:07,180 - ERROR - Database Connection Faild
2025-03-26 15:06:19,874 - ERROR - Database Connection Faild
2025-03-26 15:06:22,187 - ERROR - Database Connection Faild
2025-03-26 15:06:34,876 - ERROR - Database Connection Faild
2025-03-26 15:06:37,192 - ERROR - Database Connection Faild
2025-03-26 15:06:49,879 - ERROR - Database Connection Faild
2025-03-26 15:06:52,196 - ERROR - Database Connection Faild
2025-03-26 15:07:04,885 - ERROR - Database Connection Faild
2025-03-26 15:07:07,205 - ERROR - Database Connection Faild
2025-03-26 15:07:19,893 - ERROR - Database Connection Faild
2025-03-26 15:07:22,212 - ERROR - Database Connection Faild
2025-03-26 15:07:34,895 - ERROR - Database Connection Faild
2025-03-26 15:07:37,218 - ERROR - Database Connection Faild
2025-03-26 15:07:49,898 - ERROR - Database Connection Faild
2025-03-26 15:07:52,224 - ERROR - Database Connection Faild
2025-03-26 15:08:04,903 - ERROR - Database Connection Faild
2025-03-26 15:08:07,229 - ERROR - Database Connection Faild
2025-03-26 15:08:19,906 - ERROR - Database Connection Faild
2025-03-26 15:08:22,231 - ERROR - Database Connection Faild
2025-03-26 15:08:34,914 - ERROR - Database Connection Faild
2025-03-26 15:08:37,234 - ERROR - Database Connection Faild
2025-03-26 15:08:49,922 - ERROR - Database Connection Faild
2025-03-26 15:08:52,237 - ERROR - Database Connection Faild
2025-03-26 15:09:04,927 - ERROR - Database Connection Faild
2025-03-26 15:09:07,239 - ERROR - Database Connection Faild
2025-03-26 15:09:19,933 - ERROR - Database Connection Faild
2025-03-26 15:09:22,247 - ERROR - Database Connection Faild
2025-03-26 15:09:34,934 - ERROR - Database Connection Faild
2025-03-26 15:09:37,249 - ERROR - Database Connection Faild
2025-03-26 15:09:49,942 - ERROR - Database Connection Faild
2025-03-26 15:09:52,251 - ERROR - Database Connection Faild
2025-03-26 15:10:04,945 - ERROR - Database Connection Faild
2025-03-26 15:10:07,253 - ERROR - Database Connection Faild
2025-03-26 15:10:19,949 - ERROR - Database Connection Faild
2025-03-26 15:10:22,257 - ERROR - Database Connection Faild
2025-03-26 15:10:34,951 - ERROR - Database Connection Faild
2025-03-26 15:10:37,259 - ERROR - Database Connection Faild
2025-03-26 15:10:49,954 - ERROR - Database Connection Faild
2025-03-26 15:10:52,263 - ERROR - Database Connection Faild
2025-03-26 15:11:04,958 - ERROR - Database Connection Faild
2025-03-26 15:11:07,269 - ERROR - Database Connection Faild
2025-03-26 15:11:19,961 - ERROR - Database Connection Faild
2025-03-26 15:11:22,272 - ERROR - Database Connection Faild
2025-03-26 15:11:34,964 - ERROR - Database Connection Faild
2025-03-26 15:11:37,275 - ERROR - Database Connection Faild
2025-03-26 15:11:49,969 - ERROR - Database Connection Faild
2025-03-26 15:11:52,278 - ERROR - Database Connection Faild
2025-03-26 15:12:04,974 - ERROR - Database Connection Faild
2025-03-26 15:12:07,281 - ERROR - Database Connection Faild
2025-03-26 15:12:19,979 - ERROR - Database Connection Faild
2025-03-26 15:12:22,287 - ERROR - Database Connection Faild
2025-03-26 15:12:34,981 - ERROR - Database Connection Faild
2025-03-26 15:12:37,290 - ERROR - Database Connection Faild
2025-03-26 15:12:49,987 - ERROR - Database Connection Faild
2025-03-26 15:12:52,297 - ERROR - Database Connection Faild
2025-03-26 15:13:04,993 - ERROR - Database Connection Faild
2025-03-26 15:13:07,299 - ERROR - Database Connection Faild
2025-03-26 15:13:20,001 - ERROR - Database Connection Faild
2025-03-26 15:13:22,302 - ERROR - Database Connection Faild
2025-03-26 15:13:35,008 - ERROR - Database Connection Faild
2025-03-26 15:13:37,309 - ERROR - Database Connection Faild
2025-03-26 15:13:50,013 - ERROR - Database Connection Faild
2025-03-26 15:13:52,312 - ERROR - Database Connection Faild
2025-03-26 15:14:05,015 - ERROR - Database Connection Faild
2025-03-26 15:14:07,320 - ERROR - Database Connection Faild
2025-03-26 15:14:20,020 - ERROR - Database Connection Faild
2025-03-26 15:14:22,322 - ERROR - Database Connection Faild
2025-03-26 15:14:35,022 - ERROR - Database Connection Faild
2025-03-26 15:14:37,326 - ERROR - Database Connection Faild
2025-03-26 15:14:50,026 - ERROR - Database Connection Faild
2025-03-26 15:14:52,329 - ERROR - Database Connection Faild
2025-03-26 15:15:05,035 - ERROR - Database Connection Faild
2025-03-26 15:15:07,335 - ERROR - Database Connection Faild
2025-03-26 15:15:20,042 - ERROR - Database Connection Faild
2025-03-26 15:15:22,337 - ERROR - Database Connection Faild
2025-03-26 15:15:35,048 - ERROR - Database Connection Faild
2025-03-26 15:15:37,343 - ERROR - Database Connection Faild
2025-03-26 15:15:50,054 - ERROR - Database Connection Faild
2025-03-26 15:15:52,351 - ERROR - Database Connection Faild
2025-03-26 15:16:05,057 - ERROR - Database Connection Faild
2025-03-26 15:16:07,354 - ERROR - Database Connection Faild
2025-03-26 15:16:20,059 - ERROR - Database Connection Faild
2025-03-26 15:16:22,361 - ERROR - Database Connection Faild
2025-03-26 15:16:35,062 - ERROR - Database Connection Faild
2025-03-26 15:16:37,366 - ERROR - Database Connection Faild
2025-03-26 15:16:50,066 - ERROR - Database Connection Faild
2025-03-26 15:16:52,373 - ERROR - Database Connection Faild
2025-03-26 15:17:05,068 - ERROR - Database Connection Faild
2025-03-26 15:17:07,380 - ERROR - Database Connection Faild
2025-03-26 15:17:20,075 - ERROR - Database Connection Faild
2025-03-26 15:17:22,386 - ERROR - Database Connection Faild
2025-03-26 15:17:35,082 - ERROR - Database Connection Faild
2025-03-26 15:17:37,396 - ERROR - Database Connection Faild
2025-03-26 15:17:50,086 - ERROR - Database Connection Faild
2025-03-26 15:17:52,403 - ERROR - Database Connection Faild
2025-03-26 15:18:05,090 - ERROR - Database Connection Faild
2025-03-26 15:18:07,407 - ERROR - Database Connection Faild
2025-03-26 15:18:20,092 - ERROR - Database Connection Faild
2025-03-26 15:18:22,410 - ERROR - Database Connection Faild
2025-03-26 15:18:35,094 - ERROR - Database Connection Faild
2025-03-26 15:18:37,414 - ERROR - Database Connection Faild
2025-03-26 15:18:50,100 - ERROR - Database Connection Faild
2025-03-26 15:18:52,416 - ERROR - Database Connection Faild
2025-03-26 15:19:05,104 - ERROR - Database Connection Faild
2025-03-26 15:19:07,419 - ERROR - Database Connection Faild
2025-03-26 15:19:20,108 - ERROR - Database Connection Faild
2025-03-26 15:19:22,421 - ERROR - Database Connection Faild
2025-03-26 15:19:35,115 - ERROR - Database Connection Faild
2025-03-26 15:19:37,426 - ERROR - Database Connection Faild
2025-03-26 15:19:50,119 - ERROR - Database Connection Faild
2025-03-26 15:19:52,435 - ERROR - Database Connection Faild
2025-03-26 15:20:05,123 - ERROR - Database Connection Faild
2025-03-26 15:20:07,442 - ERROR - Database Connection Faild
2025-03-26 15:20:20,127 - ERROR - Database Connection Faild
2025-03-26 15:20:22,446 - ERROR - Database Connection Faild
2025-03-26 15:20:35,130 - ERROR - Database Connection Faild
2025-03-26 15:20:37,450 - ERROR - Database Connection Faild
2025-03-26 15:20:50,137 - ERROR - Database Connection Faild
2025-03-26 15:20:52,454 - ERROR - Database Connection Faild
2025-03-26 15:21:05,139 - ERROR - Database Connection Faild
2025-03-26 15:21:07,458 - ERROR - Database Connection Faild
2025-03-26 15:21:20,142 - ERROR - Database Connection Faild
2025-03-26 15:21:22,464 - ERROR - Database Connection Faild
2025-03-26 15:21:35,145 - ERROR - Database Connection Faild
2025-03-26 15:21:37,470 - ERROR - Database Connection Faild
2025-03-26 15:21:50,148 - ERROR - Database Connection Faild
2025-03-26 15:21:52,477 - ERROR - Database Connection Faild
2025-03-26 15:22:05,152 - ERROR - Database Connection Faild
2025-03-26 15:22:07,480 - ERROR - Database Connection Faild
2025-03-26 15:22:20,155 - ERROR - Database Connection Faild
2025-03-26 15:22:22,485 - ERROR - Database Connection Faild
2025-03-26 15:22:35,161 - ERROR - Database Connection Faild
2025-03-26 15:22:37,490 - ERROR - Database Connection Faild
2025-03-26 15:22:50,163 - ERROR - Database Connection Faild
2025-03-26 15:22:52,497 - ERROR - Database Connection Faild
2025-03-26 15:23:05,167 - ERROR - Database Connection Faild
2025-03-26 15:23:07,499 - ERROR - Database Connection Faild
2025-03-26 15:23:20,172 - ERROR - Database Connection Faild
2025-03-26 15:23:22,506 - ERROR - Database Connection Faild
2025-03-26 15:23:35,176 - ERROR - Database Connection Faild
2025-03-26 15:23:37,516 - ERROR - Database Connection Faild
2025-03-26 15:23:50,181 - ERROR - Database Connection Faild
2025-03-26 15:23:52,522 - ERROR - Database Connection Faild
2025-03-26 15:24:05,186 - ERROR - Database Connection Faild
2025-03-26 15:24:07,526 - ERROR - Database Connection Faild
2025-03-26 15:24:20,192 - ERROR - Database Connection Faild
2025-03-26 15:24:22,531 - ERROR - Database Connection Faild
2025-03-26 15:24:35,196 - ERROR - Database Connection Faild
2025-03-26 15:24:37,535 - ERROR - Database Connection Faild
2025-03-26 15:24:50,199 - ERROR - Database Connection Faild
2025-03-26 15:24:52,541 - ERROR - Database Connection Faild
2025-03-26 15:25:05,206 - ERROR - Database Connection Faild
2025-03-26 15:25:07,543 - ERROR - Database Connection Faild
2025-03-26 15:25:20,215 - ERROR - Database Connection Faild
2025-03-26 15:25:22,547 - ERROR - Database Connection Faild
2025-03-26 15:25:35,220 - ERROR - Database Connection Faild
2025-03-26 15:25:37,552 - ERROR - Database Connection Faild
2025-03-26 15:25:50,222 - ERROR - Database Connection Faild
2025-03-26 15:25:52,554 - ERROR - Database Connection Faild
2025-03-26 15:26:05,229 - ERROR - Database Connection Faild
2025-03-26 15:26:07,558 - ERROR - Database Connection Faild
2025-03-26 15:26:20,231 - ERROR - Database Connection Faild
2025-03-26 15:26:22,560 - ERROR - Database Connection Faild
2025-03-26 15:26:35,234 - ERROR - Database Connection Faild
2025-03-26 15:26:37,565 - ERROR - Database Connection Faild
2025-03-26 15:26:50,247 - ERROR - Database Connection Faild
2025-03-26 15:26:52,572 - ERROR - Database Connection Faild
2025-03-26 15:27:05,253 - ERROR - Database Connection Faild
2025-03-26 15:27:07,578 - ERROR - Database Connection Faild
2025-03-26 15:27:20,256 - ERROR - Database Connection Faild
2025-03-26 15:27:22,580 - ERROR - Database Connection Faild
2025-03-26 15:27:35,260 - ERROR - Database Connection Faild
2025-03-26 15:27:37,586 - ERROR - Database Connection Faild
2025-03-26 15:27:50,262 - ERROR - Database Connection Faild
2025-03-26 15:27:52,591 - ERROR - Database Connection Faild
2025-03-26 15:28:05,266 - ERROR - Database Connection Faild
2025-03-26 15:28:07,595 - ERROR - Database Connection Faild
2025-03-26 15:28:20,268 - ERROR - Database Connection Faild
2025-03-26 15:28:22,599 - ERROR - Database Connection Faild
2025-03-26 15:28:35,271 - ERROR - Database Connection Faild
2025-03-26 15:28:37,605 - ERROR - Database Connection Faild
2025-03-26 15:28:50,274 - ERROR - Database Connection Faild
2025-03-26 15:28:52,612 - ERROR - Database Connection Faild
2025-03-26 15:29:05,276 - ERROR - Database Connection Faild
2025-03-26 15:29:07,615 - ERROR - Database Connection Faild
2025-03-26 15:29:20,279 - ERROR - Database Connection Faild
2025-03-26 15:29:22,618 - ERROR - Database Connection Faild
2025-03-26 15:29:35,286 - ERROR - Database Connection Faild
2025-03-26 15:29:37,621 - ERROR - Database Connection Faild
2025-03-26 15:29:50,290 - ERROR - Database Connection Faild
2025-03-26 15:29:52,626 - ERROR - Database Connection Faild
2025-03-26 15:30:05,293 - ERROR - Database Connection Faild
2025-03-26 15:30:07,631 - ERROR - Database Connection Faild
2025-03-26 15:30:20,297 - ERROR - Database Connection Faild
2025-03-26 15:30:22,633 - ERROR - Database Connection Faild
2025-03-26 15:30:35,301 - ERROR - Database Connection Faild
2025-03-26 15:30:37,635 - ERROR - Database Connection Faild
2025-03-26 15:30:50,305 - ERROR - Database Connection Faild
2025-03-26 15:30:52,645 - ERROR - Database Connection Faild
2025-03-26 15:31:05,308 - ERROR - Database Connection Faild
2025-03-26 15:31:07,648 - ERROR - Database Connection Faild
2025-03-26 15:31:20,311 - ERROR - Database Connection Faild
2025-03-26 15:31:22,651 - ERROR - Database Connection Faild
2025-03-26 15:31:35,317 - ERROR - Database Connection Faild
2025-03-26 15:31:37,656 - ERROR - Database Connection Faild
2025-03-26 15:31:50,323 - ERROR - Database Connection Faild
2025-03-26 15:31:52,658 - ERROR - Database Connection Faild
2025-03-26 15:32:05,331 - ERROR - Database Connection Faild
2025-03-26 15:32:07,661 - ERROR - Database Connection Faild
2025-03-26 15:32:20,336 - ERROR - Database Connection Faild
2025-03-26 15:32:22,665 - ERROR - Database Connection Faild
2025-03-26 15:32:35,344 - ERROR - Database Connection Faild
2025-03-26 15:32:37,667 - ERROR - Database Connection Faild
2025-03-26 15:32:50,349 - ERROR - Database Connection Faild
2025-03-26 15:32:52,673 - ERROR - Database Connection Faild
2025-03-26 15:33:05,355 - ERROR - Database Connection Faild
2025-03-26 15:33:07,675 - ERROR - Database Connection Faild
2025-03-26 15:33:20,360 - ERROR - Database Connection Faild
2025-03-26 15:33:22,678 - ERROR - Database Connection Faild
2025-03-26 15:33:35,361 - ERROR - Database Connection Faild
2025-03-26 15:33:37,681 - ERROR - Database Connection Faild
2025-03-26 15:33:50,364 - ERROR - Database Connection Faild
2025-03-26 15:33:52,685 - ERROR - Database Connection Faild
2025-03-26 15:34:05,368 - ERROR - Database Connection Faild
2025-03-26 15:34:07,692 - ERROR - Database Connection Faild
2025-03-26 15:34:20,372 - ERROR - Database Connection Faild
2025-03-26 15:34:22,695 - ERROR - Database Connection Faild
2025-03-26 15:34:35,376 - ERROR - Database Connection Faild
2025-03-26 15:34:37,698 - ERROR - Database Connection Faild
2025-03-26 15:34:50,379 - ERROR - Database Connection Faild
2025-03-26 15:34:52,699 - ERROR - Database Connection Faild
2025-03-26 15:35:05,385 - ERROR - Database Connection Faild
2025-03-26 15:35:07,707 - ERROR - Database Connection Faild
2025-03-26 15:35:20,390 - ERROR - Database Connection Faild
2025-03-26 15:35:22,711 - ERROR - Database Connection Faild
2025-03-26 15:35:35,398 - ERROR - Database Connection Faild
2025-03-26 15:35:37,715 - ERROR - Database Connection Faild
2025-03-26 15:35:50,399 - ERROR - Database Connection Faild
2025-03-26 15:35:52,720 - ERROR - Database Connection Faild
2025-03-26 15:36:05,401 - ERROR - Database Connection Faild
2025-03-26 15:36:07,724 - ERROR - Database Connection Faild
2025-03-26 15:36:20,409 - ERROR - Database Connection Faild
2025-03-26 15:36:22,727 - ERROR - Database Connection Faild
2025-03-26 15:36:35,413 - ERROR - Database Connection Faild
2025-03-26 15:36:37,730 - ERROR - Database Connection Faild
2025-03-26 15:36:50,416 - ERROR - Database Connection Faild
2025-03-26 15:36:52,734 - ERROR - Database Connection Faild
2025-03-26 15:37:05,422 - ERROR - Database Connection Faild
2025-03-26 15:37:07,738 - ERROR - Database Connection Faild
2025-03-26 15:37:20,429 - ERROR - Database Connection Faild
2025-03-26 15:37:22,743 - ERROR - Database Connection Faild
2025-03-26 15:37:35,433 - ERROR - Database Connection Faild
2025-03-26 15:37:37,749 - ERROR - Database Connection Faild
2025-03-26 15:37:50,436 - ERROR - Database Connection Faild
2025-03-26 15:37:52,755 - ERROR - Database Connection Faild
2025-03-26 15:38:05,444 - ERROR - Database Connection Faild
2025-03-26 15:38:07,760 - ERROR - Database Connection Faild
2025-03-26 15:38:20,448 - ERROR - Database Connection Faild
2025-03-26 15:38:22,764 - ERROR - Database Connection Faild
2025-03-26 15:38:35,455 - ERROR - Database Connection Faild
2025-03-26 15:38:37,768 - ERROR - Database Connection Faild
2025-03-26 15:38:50,460 - ERROR - Database Connection Faild
2025-03-26 15:38:52,771 - ERROR - Database Connection Faild
2025-03-26 15:39:05,464 - ERROR - Database Connection Faild
2025-03-26 15:39:07,775 - ERROR - Database Connection Faild
2025-03-26 15:39:20,467 - ERROR - Database Connection Faild
2025-03-26 15:39:22,781 - ERROR - Database Connection Faild
2025-03-26 15:39:35,478 - ERROR - Database Connection Faild
2025-03-26 15:39:37,788 - ERROR - Database Connection Faild
2025-03-26 15:39:50,484 - ERROR - Database Connection Faild
2025-03-26 15:39:52,790 - ERROR - Database Connection Faild
2025-03-26 15:40:05,487 - ERROR - Database Connection Faild
2025-03-26 15:40:07,793 - ERROR - Database Connection Faild
2025-03-26 15:40:20,489 - ERROR - Database Connection Faild
2025-03-26 15:40:22,796 - ERROR - Database Connection Faild
2025-03-26 15:40:35,495 - ERROR - Database Connection Faild
2025-03-26 15:40:37,804 - ERROR - Database Connection Faild
2025-03-26 15:40:50,497 - ERROR - Database Connection Faild
2025-03-26 15:40:52,808 - ERROR - Database Connection Faild
2025-03-26 15:41:05,506 - ERROR - Database Connection Faild
2025-03-26 15:41:07,811 - ERROR - Database Connection Faild
2025-03-26 15:41:20,510 - ERROR - Database Connection Faild
2025-03-26 15:41:22,813 - ERROR - Database Connection Faild
2025-03-26 15:41:35,514 - ERROR - Database Connection Faild
2025-03-26 15:41:37,821 - ERROR - Database Connection Faild
2025-03-26 15:41:50,520 - ERROR - Database Connection Faild
2025-03-26 15:41:52,827 - ERROR - Database Connection Faild
2025-03-26 15:42:05,526 - ERROR - Database Connection Faild
2025-03-26 15:42:07,830 - ERROR - Database Connection Faild
2025-03-26 15:42:20,531 - ERROR - Database Connection Faild
2025-03-26 15:42:22,836 - ERROR - Database Connection Faild
2025-03-26 15:42:35,533 - ERROR - Database Connection Faild
2025-03-26 15:42:37,842 - ERROR - Database Connection Faild
2025-03-26 15:42:50,538 - ERROR - Database Connection Faild
2025-03-26 15:42:52,848 - ERROR - Database Connection Faild
2025-03-26 15:43:05,544 - ERROR - Database Connection Faild
2025-03-26 15:43:07,852 - ERROR - Database Connection Faild
2025-03-26 15:43:20,548 - ERROR - Database Connection Faild
2025-03-26 15:43:22,859 - ERROR - Database Connection Faild
2025-03-26 15:43:35,552 - ERROR - Database Connection Faild
2025-03-26 15:43:37,865 - ERROR - Database Connection Faild
2025-03-26 15:43:50,559 - ERROR - Database Connection Faild
2025-03-26 15:43:52,868 - ERROR - Database Connection Faild
2025-03-26 15:44:05,564 - ERROR - Database Connection Faild
2025-03-26 15:44:07,876 - ERROR - Database Connection Faild
2025-03-26 15:44:20,566 - ERROR - Database Connection Faild
2025-03-26 15:44:22,878 - ERROR - Database Connection Faild
2025-03-26 15:44:35,568 - ERROR - Database Connection Faild
2025-03-26 15:44:37,880 - ERROR - Database Connection Faild
2025-03-26 15:44:50,573 - ERROR - Database Connection Faild
2025-03-26 15:44:52,885 - ERROR - Database Connection Faild
2025-03-26 15:45:05,576 - ERROR - Database Connection Faild
2025-03-26 15:45:07,887 - ERROR - Database Connection Faild
2025-03-26 15:45:20,579 - ERROR - Database Connection Faild
2025-03-26 15:45:22,890 - ERROR - Database Connection Faild
2025-03-26 15:45:35,581 - ERROR - Database Connection Faild
2025-03-26 15:45:37,893 - ERROR - Database Connection Faild
2025-03-26 15:45:50,583 - ERROR - Database Connection Faild
2025-03-26 15:45:52,894 - ERROR - Database Connection Faild
2025-03-26 15:46:05,586 - ERROR - Database Connection Faild
2025-03-26 15:46:07,898 - ERROR - Database Connection Faild
2025-03-26 15:46:20,588 - ERROR - Database Connection Faild
2025-03-26 15:46:22,900 - ERROR - Database Connection Faild
2025-03-26 15:46:35,591 - ERROR - Database Connection Faild
2025-03-26 15:46:37,902 - ERROR - Database Connection Faild
2025-03-26 15:46:50,594 - ERROR - Database Connection Faild
2025-03-26 15:46:52,905 - ERROR - Database Connection Faild
2025-03-26 15:47:05,595 - ERROR - Database Connection Faild
2025-03-26 15:47:07,907 - ERROR - Database Connection Faild
2025-03-26 15:47:20,600 - ERROR - Database Connection Faild
2025-03-26 15:47:22,914 - ERROR - Database Connection Faild
2025-03-26 15:47:35,601 - ERROR - Database Connection Faild
2025-03-26 15:47:37,918 - ERROR - Database Connection Faild
2025-03-26 15:47:50,609 - ERROR - Database Connection Faild
2025-03-26 15:47:52,923 - ERROR - Database Connection Faild
2025-03-26 15:48:05,612 - ERROR - Database Connection Faild
2025-03-26 15:48:07,930 - ERROR - Database Connection Faild
2025-03-26 15:48:20,617 - ERROR - Database Connection Faild
2025-03-26 15:48:22,938 - ERROR - Database Connection Faild
2025-03-26 15:48:35,622 - ERROR - Database Connection Faild
2025-03-26 15:48:37,945 - ERROR - Database Connection Faild
2025-03-26 15:48:50,625 - ERROR - Database Connection Faild
2025-03-26 15:48:52,949 - ERROR - Database Connection Faild
2025-03-26 15:49:05,632 - ERROR - Database Connection Faild
2025-03-26 15:49:07,954 - ERROR - Database Connection Faild
2025-03-26 15:49:20,637 - ERROR - Database Connection Faild
2025-03-26 15:49:22,956 - ERROR - Database Connection Faild
2025-03-26 15:49:35,643 - ERROR - Database Connection Faild
2025-03-26 15:49:37,963 - ERROR - Database Connection Faild
2025-03-26 15:49:50,652 - ERROR - Database Connection Faild
2025-03-26 15:49:52,970 - ERROR - Database Connection Faild
2025-03-26 15:50:05,656 - ERROR - Database Connection Faild
2025-03-26 15:50:07,975 - ERROR - Database Connection Faild
2025-03-26 15:50:20,659 - ERROR - Database Connection Faild
2025-03-26 15:50:22,979 - ERROR - Database Connection Faild
2025-03-26 15:50:35,667 - ERROR - Database Connection Faild
2025-03-26 15:50:37,986 - ERROR - Database Connection Faild
2025-03-26 15:50:50,670 - ERROR - Database Connection Faild
2025-03-26 15:50:52,990 - ERROR - Database Connection Faild
2025-03-26 15:51:05,675 - ERROR - Database Connection Faild
2025-03-26 15:51:07,998 - ERROR - Database Connection Faild
2025-03-26 15:51:20,682 - ERROR - Database Connection Faild
2025-03-26 15:51:23,002 - ERROR - Database Connection Faild
2025-03-26 15:51:35,687 - ERROR - Database Connection Faild
2025-03-26 15:51:38,003 - ERROR - Database Connection Faild
2025-03-26 15:51:50,692 - ERROR - Database Connection Faild
2025-03-26 15:51:53,009 - ERROR - Database Connection Faild
2025-03-26 15:52:05,697 - ERROR - Database Connection Faild
2025-03-26 15:52:08,013 - ERROR - Database Connection Faild
2025-03-26 15:52:20,703 - ERROR - Database Connection Faild
2025-03-26 15:52:23,015 - ERROR - Database Connection Faild
2025-03-26 15:52:35,706 - ERROR - Database Connection Faild
2025-03-26 15:52:38,019 - ERROR - Database Connection Faild
2025-03-26 15:52:50,714 - ERROR - Database Connection Faild
2025-03-26 15:52:53,025 - ERROR - Database Connection Faild
2025-03-26 15:53:05,720 - ERROR - Database Connection Faild
2025-03-26 15:53:08,031 - ERROR - Database Connection Faild
2025-03-26 15:53:20,728 - ERROR - Database Connection Faild
2025-03-26 15:53:23,034 - ERROR - Database Connection Faild
2025-03-26 15:53:35,738 - ERROR - Database Connection Faild
2025-03-26 15:53:38,041 - ERROR - Database Connection Faild
2025-03-26 15:53:50,744 - ERROR - Database Connection Faild
2025-03-26 15:53:53,046 - ERROR - Database Connection Faild
2025-03-26 15:54:05,749 - ERROR - Database Connection Faild
2025-03-26 15:54:08,050 - ERROR - Database Connection Faild
2025-03-26 15:54:20,756 - ERROR - Database Connection Faild
2025-03-26 15:54:23,052 - ERROR - Database Connection Faild
2025-03-26 15:54:35,760 - ERROR - Database Connection Faild
2025-03-26 15:54:38,057 - ERROR - Database Connection Faild
2025-03-26 15:54:50,763 - ERROR - Database Connection Faild
2025-03-26 15:54:53,060 - ERROR - Database Connection Faild
2025-03-26 15:55:05,768 - ERROR - Database Connection Faild
2025-03-26 15:55:08,064 - ERROR - Database Connection Faild
2025-03-26 15:55:20,776 - ERROR - Database Connection Faild
2025-03-26 15:55:23,071 - ERROR - Database Connection Faild
2025-03-26 15:55:35,782 - ERROR - Database Connection Faild
2025-03-26 15:55:38,076 - ERROR - Database Connection Faild
2025-03-26 15:55:50,787 - ERROR - Database Connection Faild
2025-03-26 15:55:53,079 - ERROR - Database Connection Faild
2025-03-26 15:56:05,789 - ERROR - Database Connection Faild
2025-03-26 15:56:08,083 - ERROR - Database Connection Faild
2025-03-26 15:56:20,793 - ERROR - Database Connection Faild
2025-03-26 15:56:23,086 - ERROR - Database Connection Faild
2025-03-26 15:56:35,797 - ERROR - Database Connection Faild
2025-03-26 15:56:38,091 - ERROR - Database Connection Faild
2025-03-26 15:56:50,801 - ERROR - Database Connection Faild
2025-03-26 15:56:53,092 - ERROR - Database Connection Faild
2025-03-26 15:57:05,806 - ERROR - Database Connection Faild
2025-03-26 15:57:08,097 - ERROR - Database Connection Faild
2025-03-26 15:57:20,808 - ERROR - Database Connection Faild
2025-03-26 15:57:23,100 - ERROR - Database Connection Faild
2025-03-26 15:57:35,812 - ERROR - Database Connection Faild
2025-03-26 15:57:38,106 - ERROR - Database Connection Faild
2025-03-26 15:57:50,814 - ERROR - Database Connection Faild
2025-03-26 15:57:53,109 - ERROR - Database Connection Faild
2025-03-26 15:58:05,818 - ERROR - Database Connection Faild
2025-03-26 15:58:08,114 - ERROR - Database Connection Faild
2025-03-26 15:58:20,822 - ERROR - Database Connection Faild
2025-03-26 15:58:23,117 - ERROR - Database Connection Faild
2025-03-26 15:58:35,824 - ERROR - Database Connection Faild
2025-03-26 15:58:38,122 - ERROR - Database Connection Faild
2025-03-26 15:58:50,828 - ERROR - Database Connection Faild
2025-03-26 15:58:53,125 - ERROR - Database Connection Faild
2025-03-26 15:59:05,833 - ERROR - Database Connection Faild
2025-03-26 15:59:08,129 - ERROR - Database Connection Faild
2025-03-26 15:59:20,836 - ERROR - Database Connection Faild
2025-03-26 15:59:23,132 - ERROR - Database Connection Faild
2025-03-26 15:59:35,839 - ERROR - Database Connection Faild
2025-03-26 15:59:38,136 - ERROR - Database Connection Faild
2025-03-26 15:59:50,844 - ERROR - Database Connection Faild
2025-03-26 15:59:53,139 - ERROR - Database Connection Faild
2025-03-26 16:00:05,848 - ERROR - Database Connection Faild
2025-03-26 16:00:08,144 - ERROR - Database Connection Faild
2025-03-26 16:00:20,851 - ERROR - Database Connection Faild
2025-03-26 16:00:23,151 - ERROR - Database Connection Faild
2025-03-26 16:00:35,853 - ERROR - Database Connection Faild
2025-03-26 16:00:38,157 - ERROR - Database Connection Faild
2025-03-26 16:00:50,856 - ERROR - Database Connection Faild
2025-03-26 16:00:53,162 - ERROR - Database Connection Faild
2025-03-26 16:01:05,861 - ERROR - Database Connection Faild
2025-03-26 16:01:08,169 - ERROR - Database Connection Faild
2025-03-26 16:01:20,865 - ERROR - Database Connection Faild
2025-03-26 16:01:23,173 - ERROR - Database Connection Faild
2025-03-26 16:01:35,873 - ERROR - Database Connection Faild
2025-03-26 16:01:38,181 - ERROR - Database Connection Faild
2025-03-26 16:01:50,876 - ERROR - Database Connection Faild
2025-03-26 16:01:53,187 - ERROR - Database Connection Faild
2025-03-26 16:02:05,880 - ERROR - Database Connection Faild
2025-03-26 16:02:08,190 - ERROR - Database Connection Faild
2025-03-26 16:02:20,886 - ERROR - Database Connection Faild
2025-03-26 16:02:23,195 - ERROR - Database Connection Faild
2025-03-26 16:02:35,888 - ERROR - Database Connection Faild
2025-03-26 16:02:38,198 - ERROR - Database Connection Faild
2025-03-26 16:02:50,895 - ERROR - Database Connection Faild
2025-03-26 16:02:53,200 - ERROR - Database Connection Faild
2025-03-26 16:03:05,899 - ERROR - Database Connection Faild
2025-03-26 16:03:08,205 - ERROR - Database Connection Faild
2025-03-26 16:03:20,905 - ERROR - Database Connection Faild
2025-03-26 16:03:23,212 - ERROR - Database Connection Faild
2025-03-26 16:03:35,909 - ERROR - Database Connection Faild
2025-03-26 16:03:38,216 - ERROR - Database Connection Faild
2025-03-26 16:03:50,914 - ERROR - Database Connection Faild
2025-03-26 16:03:53,223 - ERROR - Database Connection Faild
2025-03-26 16:04:05,917 - ERROR - Database Connection Faild
2025-03-26 16:04:08,227 - ERROR - Database Connection Faild
2025-03-26 16:04:20,921 - ERROR - Database Connection Faild
2025-03-26 16:04:23,234 - ERROR - Database Connection Faild
2025-03-26 16:04:35,924 - ERROR - Database Connection Faild
2025-03-26 16:04:38,238 - ERROR - Database Connection Faild
2025-03-26 16:04:50,933 - ERROR - Database Connection Faild
2025-03-26 16:04:53,245 - ERROR - Database Connection Faild
2025-03-26 16:05:05,935 - ERROR - Database Connection Faild
2025-03-26 16:05:08,252 - ERROR - Database Connection Faild
2025-03-26 16:05:20,941 - ERROR - Database Connection Faild
2025-03-26 16:05:23,259 - ERROR - Database Connection Faild
2025-03-26 16:05:35,948 - ERROR - Database Connection Faild
2025-03-26 16:05:38,264 - ERROR - Database Connection Faild
2025-03-26 16:05:50,950 - ERROR - Database Connection Faild
2025-03-26 16:05:53,266 - ERROR - Database Connection Faild
2025-03-26 16:06:05,952 - ERROR - Database Connection Faild
2025-03-26 16:06:08,274 - ERROR - Database Connection Faild
2025-03-26 16:06:20,956 - ERROR - Database Connection Faild
2025-03-26 16:06:23,280 - ERROR - Database Connection Faild
2025-03-26 16:06:35,959 - ERROR - Database Connection Faild
2025-03-26 16:06:38,285 - ERROR - Database Connection Faild
2025-03-26 16:06:50,963 - ERROR - Database Connection Faild
2025-03-26 16:06:53,288 - ERROR - Database Connection Faild
2025-03-26 16:07:05,967 - ERROR - Database Connection Faild
2025-03-26 16:07:08,295 - ERROR - Database Connection Faild
2025-03-26 16:07:20,971 - ERROR - Database Connection Faild
2025-03-26 16:07:23,301 - ERROR - Database Connection Faild
2025-03-26 16:07:35,975 - ERROR - Database Connection Faild
2025-03-26 16:07:38,306 - ERROR - Database Connection Faild
2025-03-26 16:07:50,981 - ERROR - Database Connection Faild
2025-03-26 16:07:53,310 - ERROR - Database Connection Faild
2025-03-26 16:08:05,989 - ERROR - Database Connection Faild
2025-03-26 16:08:08,317 - ERROR - Database Connection Faild
2025-03-26 16:08:20,991 - ERROR - Database Connection Faild
2025-03-26 16:08:23,319 - ERROR - Database Connection Faild
2025-03-26 16:08:35,998 - ERROR - Database Connection Faild
2025-03-26 16:08:38,327 - ERROR - Database Connection Faild
2025-03-26 16:08:51,003 - ERROR - Database Connection Faild
2025-03-26 16:08:53,333 - ERROR - Database Connection Faild
2025-03-26 16:09:06,006 - ERROR - Database Connection Faild
2025-03-26 16:09:08,338 - ERROR - Database Connection Faild
2025-03-26 16:09:21,012 - ERROR - Database Connection Faild
2025-03-26 16:09:23,340 - ERROR - Database Connection Faild
2025-03-26 16:09:36,017 - ERROR - Database Connection Faild
2025-03-26 16:09:38,345 - ERROR - Database Connection Faild
2025-03-26 16:09:51,020 - ERROR - Database Connection Faild
2025-03-26 16:09:53,348 - ERROR - Database Connection Faild
2025-03-26 16:10:06,023 - ERROR - Database Connection Faild
2025-03-26 16:10:08,355 - ERROR - Database Connection Faild
2025-03-26 16:10:21,027 - ERROR - Database Connection Faild
2025-03-26 16:10:23,362 - ERROR - Database Connection Faild
2025-03-26 16:10:36,032 - ERROR - Database Connection Faild
2025-03-26 16:10:38,369 - ERROR - Database Connection Faild
2025-03-26 16:10:51,037 - ERROR - Database Connection Faild
2025-03-26 16:10:53,374 - ERROR - Database Connection Faild
2025-03-26 16:11:06,045 - ERROR - Database Connection Faild
2025-03-26 16:11:08,375 - ERROR - Database Connection Faild
2025-03-26 16:11:21,049 - ERROR - Database Connection Faild
2025-03-26 16:11:23,379 - ERROR - Database Connection Faild
2025-03-26 16:11:36,052 - ERROR - Database Connection Faild
2025-03-26 16:11:38,384 - ERROR - Database Connection Faild
2025-03-26 16:11:51,057 - ERROR - Database Connection Faild
2025-03-26 16:11:53,388 - ERROR - Database Connection Faild
2025-03-26 16:12:06,064 - ERROR - Database Connection Faild
2025-03-26 16:12:08,395 - ERROR - Database Connection Faild
2025-03-26 16:12:21,069 - ERROR - Database Connection Faild
2025-03-26 16:12:23,401 - ERROR - Database Connection Faild
2025-03-26 16:12:36,074 - ERROR - Database Connection Faild
2025-03-26 16:12:38,406 - ERROR - Database Connection Faild
2025-03-26 16:12:51,080 - ERROR - Database Connection Faild
2025-03-26 16:12:53,411 - ERROR - Database Connection Faild
2025-03-26 16:13:06,083 - ERROR - Database Connection Faild
2025-03-26 16:13:08,414 - ERROR - Database Connection Faild
2025-03-26 16:13:21,088 - ERROR - Database Connection Faild
2025-03-26 16:13:23,420 - ERROR - Database Connection Faild
2025-03-26 16:13:36,091 - ERROR - Database Connection Faild
2025-03-26 16:13:38,425 - ERROR - Database Connection Faild
2025-03-26 16:13:51,095 - ERROR - Database Connection Faild
2025-03-26 16:13:53,429 - ERROR - Database Connection Faild
2025-03-26 16:14:06,101 - ERROR - Database Connection Faild
2025-03-26 16:14:08,432 - ERROR - Database Connection Faild
2025-03-26 16:14:21,107 - ERROR - Database Connection Faild
2025-03-26 16:14:23,436 - ERROR - Database Connection Faild
2025-03-26 16:14:36,110 - ERROR - Database Connection Faild
2025-03-26 16:14:38,441 - ERROR - Database Connection Faild
2025-03-26 16:14:51,116 - ERROR - Database Connection Faild
2025-03-26 16:14:53,445 - ERROR - Database Connection Faild
2025-03-26 16:15:06,123 - ERROR - Database Connection Faild
2025-03-26 16:15:08,449 - ERROR - Database Connection Faild
2025-03-26 16:15:21,128 - ERROR - Database Connection Faild
2025-03-26 16:15:23,457 - ERROR - Database Connection Faild
2025-03-26 16:15:36,130 - ERROR - Database Connection Faild
2025-03-26 16:15:38,459 - ERROR - Database Connection Faild
2025-03-26 16:15:51,134 - ERROR - Database Connection Faild
2025-03-26 16:15:53,464 - ERROR - Database Connection Faild
2025-03-26 16:16:06,136 - ERROR - Database Connection Faild
2025-03-26 16:16:08,468 - ERROR - Database Connection Faild
2025-03-26 16:16:21,139 - ERROR - Database Connection Faild
2025-03-26 16:16:23,472 - ERROR - Database Connection Faild
2025-03-26 16:16:36,146 - ERROR - Database Connection Faild
2025-03-26 16:16:38,474 - ERROR - Database Connection Faild
2025-03-26 16:16:51,149 - ERROR - Database Connection Faild
2025-03-26 16:16:53,481 - ERROR - Database Connection Faild
2025-03-26 16:17:06,152 - ERROR - Database Connection Faild
2025-03-26 16:17:08,485 - ERROR - Database Connection Faild
2025-03-26 16:17:21,156 - ERROR - Database Connection Faild
2025-03-26 16:17:23,491 - ERROR - Database Connection Faild
2025-03-26 16:17:36,162 - ERROR - Database Connection Faild
2025-03-26 16:17:38,494 - ERROR - Database Connection Faild
2025-03-26 16:17:51,168 - ERROR - Database Connection Faild
2025-03-26 16:17:53,499 - ERROR - Database Connection Faild
2025-03-26 16:18:06,172 - ERROR - Database Connection Faild
2025-03-26 16:18:08,502 - ERROR - Database Connection Faild
2025-03-26 16:18:21,175 - ERROR - Database Connection Faild
2025-03-26 16:18:23,505 - ERROR - Database Connection Faild
2025-03-26 16:18:36,180 - ERROR - Database Connection Faild
2025-03-26 16:18:38,507 - ERROR - Database Connection Faild
2025-03-26 16:18:51,182 - ERROR - Database Connection Faild
2025-03-26 16:18:53,509 - ERROR - Database Connection Faild
2025-03-26 16:19:06,187 - ERROR - Database Connection Faild
2025-03-26 16:19:08,513 - ERROR - Database Connection Faild
2025-03-26 16:19:21,190 - ERROR - Database Connection Faild
2025-03-26 16:19:23,516 - ERROR - Database Connection Faild
2025-03-26 16:19:36,195 - ERROR - Database Connection Faild
2025-03-26 16:19:38,519 - ERROR - Database Connection Faild
2025-03-26 16:19:51,199 - ERROR - Database Connection Faild
2025-03-26 16:19:53,526 - ERROR - Database Connection Faild
2025-03-26 16:20:06,203 - ERROR - Database Connection Faild
2025-03-26 16:20:08,528 - ERROR - Database Connection Faild
2025-03-26 16:20:21,205 - ERROR - Database Connection Faild
2025-03-26 16:20:23,532 - ERROR - Database Connection Faild
2025-03-26 16:20:36,210 - ERROR - Database Connection Faild
2025-03-26 16:20:38,534 - ERROR - Database Connection Faild
2025-03-26 16:20:51,217 - ERROR - Database Connection Faild
2025-03-26 16:20:53,537 - ERROR - Database Connection Faild
2025-03-26 16:21:06,222 - ERROR - Database Connection Faild
2025-03-26 16:21:08,542 - ERROR - Database Connection Faild
2025-03-26 16:21:21,224 - ERROR - Database Connection Faild
2025-03-26 16:21:23,545 - ERROR - Database Connection Faild
2025-03-26 16:21:36,232 - ERROR - Database Connection Faild
2025-03-26 16:21:38,549 - ERROR - Database Connection Faild
2025-03-26 16:21:51,236 - ERROR - Database Connection Faild
2025-03-26 16:21:53,553 - ERROR - Database Connection Faild
2025-03-26 16:22:06,240 - ERROR - Database Connection Faild
2025-03-26 16:22:08,556 - ERROR - Database Connection Faild
2025-03-26 16:22:21,245 - ERROR - Database Connection Faild
2025-03-26 16:22:23,557 - ERROR - Database Connection Faild
2025-03-26 16:22:36,250 - ERROR - Database Connection Faild
2025-03-26 16:22:38,560 - ERROR - Database Connection Faild
2025-03-26 16:22:51,259 - ERROR - Database Connection Faild
2025-03-26 16:22:53,567 - ERROR - Database Connection Faild
2025-03-26 16:23:06,262 - ERROR - Database Connection Faild
2025-03-26 16:23:08,570 - ERROR - Database Connection Faild
2025-03-26 16:23:21,269 - ERROR - Database Connection Faild
2025-03-26 16:23:23,574 - ERROR - Database Connection Faild
2025-03-26 16:23:36,274 - ERROR - Database Connection Faild
2025-03-26 16:23:38,578 - ERROR - Database Connection Faild
2025-03-26 16:23:51,277 - ERROR - Database Connection Faild
2025-03-26 16:23:53,582 - ERROR - Database Connection Faild
2025-03-26 16:24:06,284 - ERROR - Database Connection Faild
2025-03-26 16:24:08,586 - ERROR - Database Connection Faild
2025-03-26 16:24:21,288 - ERROR - Database Connection Faild
2025-03-26 16:24:23,593 - ERROR - Database Connection Faild
2025-03-26 16:24:36,290 - ERROR - Database Connection Faild
2025-03-26 16:24:38,597 - ERROR - Database Connection Faild
2025-03-26 16:24:51,294 - ERROR - Database Connection Faild
2025-03-26 16:24:53,604 - ERROR - Database Connection Faild
2025-03-26 16:25:06,298 - ERROR - Database Connection Faild
2025-03-26 16:25:08,606 - ERROR - Database Connection Faild
2025-03-26 16:25:21,304 - ERROR - Database Connection Faild
2025-03-26 16:25:23,612 - ERROR - Database Connection Faild
2025-03-26 16:25:36,309 - ERROR - Database Connection Faild
2025-03-26 16:25:38,615 - ERROR - Database Connection Faild
2025-03-26 16:25:51,311 - ERROR - Database Connection Faild
2025-03-26 16:25:53,618 - ERROR - Database Connection Faild
2025-03-26 16:26:06,315 - ERROR - Database Connection Faild
2025-03-26 16:26:08,620 - ERROR - Database Connection Faild
2025-03-26 16:26:21,317 - ERROR - Database Connection Faild
2025-03-26 16:26:23,622 - ERROR - Database Connection Faild
2025-03-26 16:26:36,320 - ERROR - Database Connection Faild
2025-03-26 16:26:38,625 - ERROR - Database Connection Faild
2025-03-26 16:26:51,323 - ERROR - Database Connection Faild
2025-03-26 16:26:53,629 - ERROR - Database Connection Faild
2025-03-26 16:27:06,327 - ERROR - Database Connection Faild
2025-03-26 16:27:08,632 - ERROR - Database Connection Faild
2025-03-26 16:27:21,329 - ERROR - Database Connection Faild
2025-03-26 16:27:23,635 - ERROR - Database Connection Faild
2025-03-26 16:27:36,334 - ERROR - Database Connection Faild
2025-03-26 16:27:38,639 - ERROR - Database Connection Faild
2025-03-26 16:27:51,335 - ERROR - Database Connection Faild
2025-03-26 16:27:53,643 - ERROR - Database Connection Faild
2025-03-26 16:28:06,340 - ERROR - Database Connection Faild
2025-03-26 16:28:08,646 - ERROR - Database Connection Faild
2025-03-26 16:28:21,345 - ERROR - Database Connection Faild
2025-03-26 16:28:23,652 - ERROR - Database Connection Faild
2025-03-26 16:28:36,350 - ERROR - Database Connection Faild
2025-03-26 16:28:38,660 - ERROR - Database Connection Faild
2025-03-26 16:28:51,353 - ERROR - Database Connection Faild
2025-03-26 16:28:53,663 - ERROR - Database Connection Faild
2025-03-26 16:29:06,356 - ERROR - Database Connection Faild
2025-03-26 16:29:08,669 - ERROR - Database Connection Faild
2025-03-26 16:29:21,360 - ERROR - Database Connection Faild
2025-03-26 16:29:23,670 - ERROR - Database Connection Faild
2025-03-26 16:29:36,364 - ERROR - Database Connection Faild
2025-03-26 16:29:38,674 - ERROR - Database Connection Faild
2025-03-26 16:29:51,369 - ERROR - Database Connection Faild
2025-03-26 16:29:53,679 - ERROR - Database Connection Faild
2025-03-26 16:30:06,379 - ERROR - Database Connection Faild
2025-03-26 16:30:08,681 - ERROR - Database Connection Faild
2025-03-26 16:30:21,381 - ERROR - Database Connection Faild
2025-03-26 16:30:23,690 - ERROR - Database Connection Faild
2025-03-26 16:30:36,388 - ERROR - Database Connection Faild
2025-03-26 16:30:38,691 - ERROR - Database Connection Faild
2025-03-26 16:30:51,395 - ERROR - Database Connection Faild
2025-03-26 16:30:53,698 - ERROR - Database Connection Faild
2025-03-26 16:31:06,397 - ERROR - Database Connection Faild
2025-03-26 16:31:08,701 - ERROR - Database Connection Faild
2025-03-26 16:31:21,403 - ERROR - Database Connection Faild
2025-03-26 16:31:23,704 - ERROR - Database Connection Faild
2025-03-26 17:13:53,688 - ERROR - Database Connection Faild
2025-03-26 17:13:55,986 - ERROR - Database Connection Faild
2025-03-26 17:14:08,694 - ERROR - Database Connection Faild
2025-03-26 17:14:10,994 - ERROR - Database Connection Faild
2025-03-26 17:14:23,697 - ERROR - Database Connection Faild
2025-03-26 17:14:25,996 - ERROR - Database Connection Faild
2025-03-26 17:52:38,990 - ERROR - Database Connection Faild
2025-03-26 17:52:41,168 - ERROR - Database Connection Faild
2025-03-26 17:52:53,999 - ERROR - Database Connection Faild
2025-03-26 17:52:56,171 - ERROR - Database Connection Faild
2025-03-26 17:53:09,002 - ERROR - Database Connection Faild
2025-03-26 17:53:11,174 - ERROR - Database Connection Faild
2025-03-26 17:53:24,010 - ERROR - Database Connection Faild
2025-03-26 17:53:26,177 - ERROR - Database Connection Faild
2025-03-26 17:53:39,013 - ERROR - Database Connection Faild
2025-03-26 17:53:41,180 - ERROR - Database Connection Faild
2025-03-26 17:53:54,016 - ERROR - Database Connection Faild
2025-03-26 17:53:56,182 - ERROR - Database Connection Faild
2025-03-26 17:54:09,018 - ERROR - Database Connection Faild
2025-03-26 17:54:11,187 - ERROR - Database Connection Faild
2025-03-26 17:54:24,021 - ERROR - Database Connection Faild
2025-03-26 17:54:26,191 - ERROR - Database Connection Faild
2025-03-26 17:54:39,024 - ERROR - Database Connection Faild
2025-03-26 17:54:41,196 - ERROR - Database Connection Faild
2025-03-26 17:54:54,028 - ERROR - Database Connection Faild
2025-03-26 17:54:56,200 - ERROR - Database Connection Faild
2025-03-26 17:55:09,029 - ERROR - Database Connection Faild
2025-03-26 17:55:11,204 - ERROR - Database Connection Faild
2025-03-26 17:55:24,034 - ERROR - Database Connection Faild
2025-03-26 17:55:26,212 - ERROR - Database Connection Faild
2025-03-26 17:55:39,036 - ERROR - Database Connection Faild
2025-03-26 17:55:41,218 - ERROR - Database Connection Faild
2025-03-26 17:55:54,043 - ERROR - Database Connection Faild
2025-03-26 17:55:56,226 - ERROR - Database Connection Faild
2025-03-26 17:56:09,050 - ERROR - Database Connection Faild
2025-03-26 17:56:11,230 - ERROR - Database Connection Faild
2025-03-26 17:56:24,059 - ERROR - Database Connection Faild
2025-03-26 17:56:26,237 - ERROR - Database Connection Faild
2025-03-26 17:56:39,061 - ERROR - Database Connection Faild
2025-03-26 17:56:41,240 - ERROR - Database Connection Faild
2025-03-26 17:56:54,069 - ERROR - Database Connection Faild
2025-03-26 17:56:56,249 - ERROR - Database Connection Faild
2025-03-26 17:57:09,075 - ERROR - Database Connection Faild
2025-03-26 17:57:11,256 - ERROR - Database Connection Faild
2025-03-26 17:57:24,077 - ERROR - Database Connection Faild
2025-03-26 17:57:26,259 - ERROR - Database Connection Faild
2025-03-26 17:57:39,080 - ERROR - Database Connection Faild
2025-03-26 17:57:41,261 - ERROR - Database Connection Faild
2025-03-26 17:57:54,084 - ERROR - Database Connection Faild
2025-03-26 17:57:56,269 - ERROR - Database Connection Faild
2025-03-26 17:58:09,086 - ERROR - Database Connection Faild
2025-03-26 17:58:11,271 - ERROR - Database Connection Faild
2025-03-26 17:58:24,090 - ERROR - Database Connection Faild
2025-03-26 17:58:26,274 - ERROR - Database Connection Faild
2025-03-26 17:58:39,093 - ERROR - Database Connection Faild
2025-03-26 17:58:41,276 - ERROR - Database Connection Faild
2025-03-26 17:58:54,100 - ERROR - Database Connection Faild
2025-03-26 17:58:56,278 - ERROR - Database Connection Faild
2025-03-26 17:59:09,109 - ERROR - Database Connection Faild
2025-03-26 17:59:11,283 - ERROR - Database Connection Faild
2025-03-26 17:59:24,112 - ERROR - Database Connection Faild
2025-03-26 17:59:26,286 - ERROR - Database Connection Faild
2025-03-26 17:59:39,117 - ERROR - Database Connection Faild
2025-03-26 17:59:41,287 - ERROR - Database Connection Faild
2025-03-26 17:59:54,120 - ERROR - Database Connection Faild
2025-03-26 17:59:56,290 - ERROR - Database Connection Faild
2025-03-26 18:00:09,124 - ERROR - Database Connection Faild
2025-03-26 18:00:11,297 - ERROR - Database Connection Faild
2025-03-26 18:00:24,126 - ERROR - Database Connection Faild
2025-03-26 18:00:26,299 - ERROR - Database Connection Faild
2025-03-26 18:00:39,128 - ERROR - Database Connection Faild
2025-03-26 18:00:41,302 - ERROR - Database Connection Faild
2025-03-26 18:00:54,132 - ERROR - Database Connection Faild
2025-03-26 18:00:56,309 - ERROR - Database Connection Faild
2025-03-26 18:01:09,134 - ERROR - Database Connection Faild
2025-03-26 18:01:11,313 - ERROR - Database Connection Faild
2025-03-26 18:01:24,142 - ERROR - Database Connection Faild
2025-03-26 18:01:26,320 - ERROR - Database Connection Faild
2025-03-26 18:01:39,145 - ERROR - Database Connection Faild
2025-03-26 18:01:41,322 - ERROR - Database Connection Faild
2025-03-26 18:01:54,151 - ERROR - Database Connection Faild
2025-03-26 18:01:56,326 - ERROR - Database Connection Faild
2025-03-26 18:02:09,158 - ERROR - Database Connection Faild
2025-03-26 18:02:11,333 - ERROR - Database Connection Faild
2025-03-26 18:02:24,163 - ERROR - Database Connection Faild
2025-03-26 18:02:26,335 - ERROR - Database Connection Faild
2025-03-26 18:02:39,165 - ERROR - Database Connection Faild
2025-03-26 18:02:41,339 - ERROR - Database Connection Faild
2025-03-26 18:02:54,168 - ERROR - Database Connection Faild
2025-03-26 18:02:56,341 - ERROR - Database Connection Faild
2025-03-26 18:03:09,171 - ERROR - Database Connection Faild
2025-03-26 18:03:11,343 - ERROR - Database Connection Faild
2025-03-26 18:03:24,179 - ERROR - Database Connection Faild
2025-03-26 18:03:26,348 - ERROR - Database Connection Faild
2025-03-26 18:03:39,187 - ERROR - Database Connection Faild
2025-03-26 18:03:41,352 - ERROR - Database Connection Faild
2025-03-26 18:03:54,192 - ERROR - Database Connection Faild
2025-03-26 18:03:56,354 - ERROR - Database Connection Faild
2025-03-26 18:04:09,202 - ERROR - Database Connection Faild
2025-03-26 18:04:11,363 - ERROR - Database Connection Faild
2025-03-26 18:04:24,206 - ERROR - Database Connection Faild
2025-03-26 18:04:26,369 - ERROR - Database Connection Faild
2025-03-26 18:04:39,212 - ERROR - Database Connection Faild
2025-03-26 18:04:41,372 - ERROR - Database Connection Faild
2025-03-26 18:04:54,215 - ERROR - Database Connection Faild
2025-03-26 18:04:56,377 - ERROR - Database Connection Faild
2025-03-26 18:05:09,217 - ERROR - Database Connection Faild
2025-03-26 18:05:11,380 - ERROR - Database Connection Faild
2025-03-26 18:05:24,221 - ERROR - Database Connection Faild
2025-03-26 18:05:26,382 - ERROR - Database Connection Faild
2025-03-26 18:05:39,228 - ERROR - Database Connection Faild
2025-03-26 18:05:41,386 - ERROR - Database Connection Faild
2025-03-26 18:05:54,234 - ERROR - Database Connection Faild
2025-03-26 18:05:56,393 - ERROR - Database Connection Faild
2025-03-26 18:06:09,236 - ERROR - Database Connection Faild
2025-03-26 18:06:11,396 - ERROR - Database Connection Faild
2025-03-26 18:06:24,239 - ERROR - Database Connection Faild
2025-03-26 18:06:26,403 - ERROR - Database Connection Faild
2025-03-26 18:06:39,243 - ERROR - Database Connection Faild
2025-03-26 18:06:41,406 - ERROR - Database Connection Faild
2025-03-26 18:06:54,251 - ERROR - Database Connection Faild
2025-03-26 18:06:56,408 - ERROR - Database Connection Faild
2025-03-26 18:07:09,277 - ERROR - Database Connection Faild
2025-03-26 18:07:11,412 - ERROR - Database Connection Faild
2025-03-26 18:07:24,283 - ERROR - Database Connection Faild
2025-03-26 18:07:26,418 - ERROR - Database Connection Faild
2025-03-26 18:07:39,286 - ERROR - Database Connection Faild
2025-03-26 18:07:41,423 - ERROR - Database Connection Faild
2025-03-26 18:07:54,289 - ERROR - Database Connection Faild
2025-03-26 18:07:56,424 - ERROR - Database Connection Faild
2025-03-26 18:08:09,293 - ERROR - Database Connection Faild
2025-03-26 18:08:11,428 - ERROR - Database Connection Faild
2025-03-26 18:08:24,296 - ERROR - Database Connection Faild
2025-03-26 18:08:26,432 - ERROR - Database Connection Faild
2025-03-26 18:08:39,301 - ERROR - Database Connection Faild
2025-03-26 18:08:41,435 - ERROR - Database Connection Faild
2025-03-26 18:08:54,303 - ERROR - Database Connection Faild
2025-03-26 18:08:56,438 - ERROR - Database Connection Faild
2025-03-26 18:09:09,306 - ERROR - Database Connection Faild
2025-03-26 18:09:11,439 - ERROR - Database Connection Faild
2025-03-26 18:09:24,309 - ERROR - Database Connection Faild
2025-03-26 18:09:26,443 - ERROR - Database Connection Faild
2025-03-26 18:09:39,313 - ERROR - Database Connection Faild
2025-03-26 18:09:41,444 - ERROR - Database Connection Faild
2025-03-26 18:09:54,316 - ERROR - Database Connection Faild
2025-03-26 18:09:56,447 - ERROR - Database Connection Faild
2025-03-26 18:10:09,318 - ERROR - Database Connection Faild
2025-03-26 18:10:11,449 - ERROR - Database Connection Faild
2025-03-26 18:10:24,325 - ERROR - Database Connection Faild
2025-03-26 18:10:26,453 - ERROR - Database Connection Faild
2025-03-26 18:10:39,329 - ERROR - Database Connection Faild
2025-03-26 18:10:41,455 - ERROR - Database Connection Faild
2025-03-26 18:10:54,332 - ERROR - Database Connection Faild
2025-03-26 18:10:56,457 - ERROR - Database Connection Faild
2025-03-26 18:11:09,335 - ERROR - Database Connection Faild
2025-03-26 18:11:11,460 - ERROR - Database Connection Faild
2025-03-26 18:11:24,340 - ERROR - Database Connection Faild
2025-03-26 18:11:26,462 - ERROR - Database Connection Faild
2025-03-26 18:11:39,343 - ERROR - Database Connection Faild
2025-03-26 18:11:41,466 - ERROR - Database Connection Faild
2025-03-26 18:11:54,346 - ERROR - Database Connection Faild
2025-03-26 18:11:56,467 - ERROR - Database Connection Faild
2025-03-26 18:12:09,348 - ERROR - Database Connection Faild
2025-03-26 18:12:11,469 - ERROR - Database Connection Faild
2025-03-26 18:12:24,352 - ERROR - Database Connection Faild
2025-03-26 18:12:26,472 - ERROR - Database Connection Faild
2025-03-26 18:12:39,357 - ERROR - Database Connection Faild
2025-03-26 18:12:41,475 - ERROR - Database Connection Faild
2025-03-26 18:12:54,360 - ERROR - Database Connection Faild
2025-03-26 18:12:56,477 - ERROR - Database Connection Faild
2025-03-26 18:13:09,364 - ERROR - Database Connection Faild
2025-03-26 18:13:11,483 - ERROR - Database Connection Faild
2025-03-26 18:13:24,365 - ERROR - Database Connection Faild
2025-03-26 18:13:26,486 - ERROR - Database Connection Faild
2025-03-26 18:13:39,368 - ERROR - Database Connection Faild
2025-03-26 18:13:41,488 - ERROR - Database Connection Faild
2025-03-26 18:13:54,373 - ERROR - Database Connection Faild
2025-03-26 18:13:56,490 - ERROR - Database Connection Faild
2025-03-26 18:14:09,376 - ERROR - Database Connection Faild
2025-03-26 18:14:11,493 - ERROR - Database Connection Faild
2025-03-26 18:14:24,378 - ERROR - Database Connection Faild
2025-03-26 18:14:26,500 - ERROR - Database Connection Faild
2025-03-26 18:14:39,381 - ERROR - Database Connection Faild
2025-03-26 18:14:41,503 - ERROR - Database Connection Faild
2025-03-26 18:14:54,383 - ERROR - Database Connection Faild
2025-03-26 18:14:56,508 - ERROR - Database Connection Faild
2025-03-26 18:15:09,385 - ERROR - Database Connection Faild
2025-03-26 18:15:11,514 - ERROR - Database Connection Faild
2025-03-26 18:15:24,388 - ERROR - Database Connection Faild
2025-03-26 18:15:26,517 - ERROR - Database Connection Faild
2025-03-26 18:15:39,390 - ERROR - Database Connection Faild
2025-03-26 18:15:41,525 - ERROR - Database Connection Faild
2025-03-26 18:15:54,393 - ERROR - Database Connection Faild
2025-03-26 18:15:56,528 - ERROR - Database Connection Faild
2025-03-26 18:16:09,396 - ERROR - Database Connection Faild
2025-03-26 18:16:11,531 - ERROR - Database Connection Faild
2025-03-26 18:16:24,398 - ERROR - Database Connection Faild
2025-03-26 18:16:26,534 - ERROR - Database Connection Faild
2025-03-26 18:16:39,400 - ERROR - Database Connection Faild
2025-03-26 18:16:41,536 - ERROR - Database Connection Faild
2025-03-26 18:16:54,402 - ERROR - Database Connection Faild
2025-03-26 18:16:56,539 - ERROR - Database Connection Faild
2025-03-26 18:17:09,411 - ERROR - Database Connection Faild
2025-03-26 18:17:11,543 - ERROR - Database Connection Faild
2025-03-26 18:17:24,414 - ERROR - Database Connection Faild
2025-03-26 18:17:26,545 - ERROR - Database Connection Faild
2025-03-26 18:17:39,417 - ERROR - Database Connection Faild
2025-03-26 18:17:41,549 - ERROR - Database Connection Faild
2025-03-26 18:17:54,419 - ERROR - Database Connection Faild
2025-03-26 18:17:56,552 - ERROR - Database Connection Faild
2025-03-26 18:18:09,421 - ERROR - Database Connection Faild
2025-03-26 18:18:11,554 - ERROR - Database Connection Faild
2025-03-26 18:18:24,424 - ERROR - Database Connection Faild
2025-03-26 18:18:26,557 - ERROR - Database Connection Faild
2025-03-26 18:18:39,429 - ERROR - Database Connection Faild
2025-03-26 18:18:41,560 - ERROR - Database Connection Faild
2025-03-26 18:18:54,431 - ERROR - Database Connection Faild
2025-03-26 18:18:56,561 - ERROR - Database Connection Faild
2025-03-26 18:19:09,433 - ERROR - Database Connection Faild
2025-03-26 18:19:11,566 - ERROR - Database Connection Faild
2025-03-26 18:19:24,436 - ERROR - Database Connection Faild
2025-03-26 18:19:26,569 - ERROR - Database Connection Faild
2025-03-26 18:19:39,439 - ERROR - Database Connection Faild
2025-03-26 18:19:41,576 - ERROR - Database Connection Faild
2025-03-26 18:19:54,442 - ERROR - Database Connection Faild
2025-03-26 18:19:56,580 - ERROR - Database Connection Faild
2025-03-26 18:20:09,446 - ERROR - Database Connection Faild
2025-03-26 18:20:11,582 - ERROR - Database Connection Faild
2025-03-26 18:20:24,450 - ERROR - Database Connection Faild
2025-03-26 18:20:26,589 - ERROR - Database Connection Faild
2025-03-26 18:20:39,457 - ERROR - Database Connection Faild
2025-03-26 18:20:41,593 - ERROR - Database Connection Faild
2025-03-26 18:20:54,460 - ERROR - Database Connection Faild
2025-03-26 18:20:56,596 - ERROR - Database Connection Faild
2025-03-26 18:21:09,465 - ERROR - Database Connection Faild
2025-03-26 18:21:11,600 - ERROR - Database Connection Faild
2025-03-26 18:21:24,468 - ERROR - Database Connection Faild
2025-03-26 18:21:26,606 - ERROR - Database Connection Faild
2025-03-26 18:21:39,470 - ERROR - Database Connection Faild
2025-03-26 18:21:41,609 - ERROR - Database Connection Faild
2025-03-26 18:21:54,472 - ERROR - Database Connection Faild
2025-03-26 18:21:56,612 - ERROR - Database Connection Faild
2025-03-26 18:22:09,475 - ERROR - Database Connection Faild
2025-03-26 18:22:11,617 - ERROR - Database Connection Faild
2025-03-26 18:22:24,478 - ERROR - Database Connection Faild
2025-03-26 18:22:26,625 - ERROR - Database Connection Faild
2025-03-26 18:22:39,480 - ERROR - Database Connection Faild
2025-03-26 18:22:41,629 - ERROR - Database Connection Faild
2025-03-26 18:22:54,482 - ERROR - Database Connection Faild
2025-03-26 18:22:56,633 - ERROR - Database Connection Faild
2025-03-26 18:23:09,485 - ERROR - Database Connection Faild
2025-03-26 18:23:11,635 - ERROR - Database Connection Faild
2025-03-26 18:23:24,486 - ERROR - Database Connection Faild
2025-03-26 18:23:26,639 - ERROR - Database Connection Faild
2025-03-26 18:23:39,491 - ERROR - Database Connection Faild
2025-03-26 18:23:41,641 - ERROR - Database Connection Faild
2025-03-26 18:23:54,495 - ERROR - Database Connection Faild
2025-03-26 18:23:56,645 - ERROR - Database Connection Faild
2025-03-26 18:24:09,497 - ERROR - Database Connection Faild
2025-03-26 18:24:11,651 - ERROR - Database Connection Faild
2025-03-26 18:24:24,499 - ERROR - Database Connection Faild
2025-03-26 18:24:26,654 - ERROR - Database Connection Faild
2025-03-26 18:24:39,506 - ERROR - Database Connection Faild
2025-03-26 18:24:41,656 - ERROR - Database Connection Faild
2025-03-26 18:24:54,508 - ERROR - Database Connection Faild
2025-03-26 18:24:56,658 - ERROR - Database Connection Faild
2025-03-26 18:25:09,511 - ERROR - Database Connection Faild
2025-03-26 18:25:11,661 - ERROR - Database Connection Faild
2025-03-26 18:25:24,518 - ERROR - Database Connection Faild
2025-03-26 18:25:26,666 - ERROR - Database Connection Faild
2025-03-26 18:25:39,523 - ERROR - Database Connection Faild
2025-03-26 18:25:41,672 - ERROR - Database Connection Faild
2025-03-26 18:25:54,525 - ERROR - Database Connection Faild
2025-03-26 18:25:56,674 - ERROR - Database Connection Faild
2025-03-26 18:26:09,528 - ERROR - Database Connection Faild
2025-03-26 18:26:11,678 - ERROR - Database Connection Faild
2025-03-26 18:26:24,531 - ERROR - Database Connection Faild
2025-03-26 18:26:26,680 - ERROR - Database Connection Faild
2025-03-26 18:26:39,533 - ERROR - Database Connection Faild
2025-03-26 18:26:41,685 - ERROR - Database Connection Faild
2025-03-26 18:26:54,536 - ERROR - Database Connection Faild
2025-03-26 18:26:56,691 - ERROR - Database Connection Faild
2025-03-26 18:27:09,539 - ERROR - Database Connection Faild
2025-03-26 18:27:11,696 - ERROR - Database Connection Faild
2025-03-26 18:27:24,542 - ERROR - Database Connection Faild
2025-03-26 18:27:26,702 - ERROR - Database Connection Faild
2025-03-26 18:27:39,546 - ERROR - Database Connection Faild
2025-03-26 18:27:41,707 - ERROR - Database Connection Faild
2025-03-26 18:27:54,548 - ERROR - Database Connection Faild
2025-03-26 18:27:56,708 - ERROR - Database Connection Faild
2025-03-26 18:28:09,554 - ERROR - Database Connection Faild
2025-03-26 18:28:11,712 - ERROR - Database Connection Faild
2025-03-26 18:28:24,558 - ERROR - Database Connection Faild
2025-03-26 18:28:26,716 - ERROR - Database Connection Faild
2025-03-26 18:28:39,560 - ERROR - Database Connection Faild
2025-03-26 18:28:41,718 - ERROR - Database Connection Faild
2025-03-26 18:28:54,564 - ERROR - Database Connection Faild
2025-03-26 18:28:56,721 - ERROR - Database Connection Faild
2025-03-26 18:29:09,566 - ERROR - Database Connection Faild
2025-03-26 18:29:11,724 - ERROR - Database Connection Faild
2025-03-26 18:29:24,569 - ERROR - Database Connection Faild
2025-03-26 18:29:26,726 - ERROR - Database Connection Faild
2025-03-26 18:29:39,575 - ERROR - Database Connection Faild
2025-03-26 18:29:41,729 - ERROR - Database Connection Faild
2025-03-26 18:29:54,578 - ERROR - Database Connection Faild
2025-03-26 18:29:56,736 - ERROR - Database Connection Faild
2025-03-26 18:30:09,581 - ERROR - Database Connection Faild
2025-03-26 18:30:11,739 - ERROR - Database Connection Faild
2025-03-26 18:30:24,587 - ERROR - Database Connection Faild
2025-03-26 18:30:26,742 - ERROR - Database Connection Faild
2025-03-26 18:30:39,589 - ERROR - Database Connection Faild
2025-03-26 18:30:41,743 - ERROR - Database Connection Faild
2025-03-26 18:30:54,594 - ERROR - Database Connection Faild
2025-03-26 18:30:56,746 - ERROR - Database Connection Faild
2025-03-26 18:31:09,601 - ERROR - Database Connection Faild
2025-03-26 18:31:11,753 - ERROR - Database Connection Faild
2025-03-26 18:31:24,604 - ERROR - Database Connection Faild
2025-03-26 18:31:26,755 - ERROR - Database Connection Faild
2025-03-26 18:31:39,608 - ERROR - Database Connection Faild
2025-03-26 18:31:41,760 - ERROR - Database Connection Faild
2025-03-26 18:31:54,613 - ERROR - Database Connection Faild
2025-03-26 18:31:56,764 - ERROR - Database Connection Faild
2025-03-26 18:32:09,621 - ERROR - Database Connection Faild
2025-03-26 18:32:11,768 - ERROR - Database Connection Faild
2025-03-26 18:32:24,624 - ERROR - Database Connection Faild
2025-03-26 18:32:26,772 - ERROR - Database Connection Faild
2025-03-26 18:32:39,626 - ERROR - Database Connection Faild
2025-03-26 18:32:41,773 - ERROR - Database Connection Faild
2025-03-26 18:32:54,634 - ERROR - Database Connection Faild
2025-03-26 18:32:56,781 - ERROR - Database Connection Faild
2025-03-26 18:33:09,637 - ERROR - Database Connection Faild
2025-03-26 18:33:11,783 - ERROR - Database Connection Faild
2025-03-26 18:33:24,639 - ERROR - Database Connection Faild
2025-03-26 18:33:26,786 - ERROR - Database Connection Faild
2025-03-26 18:33:39,642 - ERROR - Database Connection Faild
2025-03-26 18:33:41,792 - ERROR - Database Connection Faild
2025-03-26 18:33:54,648 - ERROR - Database Connection Faild
2025-03-26 18:33:56,794 - ERROR - Database Connection Faild
2025-03-26 18:34:09,651 - ERROR - Database Connection Faild
2025-03-26 18:34:11,799 - ERROR - Database Connection Faild
2025-03-26 18:34:24,657 - ERROR - Database Connection Faild
2025-03-26 18:34:26,800 - ERROR - Database Connection Faild
2025-03-26 18:34:39,664 - ERROR - Database Connection Faild
2025-03-26 18:34:41,806 - ERROR - Database Connection Faild
2025-03-26 18:34:54,668 - ERROR - Database Connection Faild
2025-03-26 18:34:56,809 - ERROR - Database Connection Faild
2025-03-26 18:35:09,670 - ERROR - Database Connection Faild
2025-03-26 18:35:11,814 - ERROR - Database Connection Faild
2025-03-26 18:35:24,675 - ERROR - Database Connection Faild
2025-03-26 18:35:26,816 - ERROR - Database Connection Faild
2025-03-26 18:35:39,677 - ERROR - Database Connection Faild
2025-03-26 18:35:41,819 - ERROR - Database Connection Faild
2025-03-26 18:35:54,685 - ERROR - Database Connection Faild
2025-03-26 18:35:56,823 - ERROR - Database Connection Faild
2025-03-26 18:36:09,688 - ERROR - Database Connection Faild
2025-03-26 18:36:11,826 - ERROR - Database Connection Faild
2025-03-26 18:36:24,694 - ERROR - Database Connection Faild
2025-03-26 18:36:26,830 - ERROR - Database Connection Faild
2025-03-26 18:36:39,697 - ERROR - Database Connection Faild
2025-03-26 18:36:41,837 - ERROR - Database Connection Faild
2025-03-26 18:36:54,700 - ERROR - Database Connection Faild
2025-03-26 18:36:56,840 - ERROR - Database Connection Faild
2025-03-26 18:37:09,703 - ERROR - Database Connection Faild
2025-03-26 18:37:11,843 - ERROR - Database Connection Faild
2025-03-26 18:37:24,705 - ERROR - Database Connection Faild
2025-03-26 18:37:26,845 - ERROR - Database Connection Faild
2025-03-26 18:37:39,708 - ERROR - Database Connection Faild
2025-03-26 18:37:41,853 - ERROR - Database Connection Faild
2025-03-26 18:37:54,712 - ERROR - Database Connection Faild
2025-03-26 18:37:56,857 - ERROR - Database Connection Faild
2025-03-26 18:38:09,715 - ERROR - Database Connection Faild
2025-03-26 18:38:11,859 - ERROR - Database Connection Faild
2025-03-26 18:38:24,718 - ERROR - Database Connection Faild
2025-03-26 18:38:26,861 - ERROR - Database Connection Faild
2025-03-26 18:38:39,721 - ERROR - Database Connection Faild
2025-03-26 18:38:41,864 - ERROR - Database Connection Faild
2025-03-26 18:38:54,725 - ERROR - Database Connection Faild
2025-03-26 18:38:56,867 - ERROR - Database Connection Faild
2025-03-26 18:39:09,730 - ERROR - Database Connection Faild
2025-03-26 18:39:11,869 - ERROR - Database Connection Faild
2025-03-26 18:39:24,738 - ERROR - Database Connection Faild
2025-03-26 18:39:26,872 - ERROR - Database Connection Faild
2025-03-26 18:39:39,740 - ERROR - Database Connection Faild
2025-03-26 18:39:41,876 - ERROR - Database Connection Faild
2025-03-26 18:39:54,746 - ERROR - Database Connection Faild
2025-03-26 18:39:56,880 - ERROR - Database Connection Faild
2025-03-26 18:40:09,753 - ERROR - Database Connection Faild
2025-03-26 18:40:11,886 - ERROR - Database Connection Faild
2025-03-26 18:40:24,759 - ERROR - Database Connection Faild
2025-03-26 18:40:26,889 - ERROR - Database Connection Faild
2025-03-26 18:40:39,762 - ERROR - Database Connection Faild
2025-03-26 18:40:41,893 - ERROR - Database Connection Faild
2025-03-26 18:40:54,769 - ERROR - Database Connection Faild
2025-03-26 18:40:56,897 - ERROR - Database Connection Faild
2025-03-26 18:41:09,772 - ERROR - Database Connection Faild
2025-03-26 18:41:11,901 - ERROR - Database Connection Faild
2025-03-26 18:41:24,779 - ERROR - Database Connection Faild
2025-03-26 18:41:26,907 - ERROR - Database Connection Faild
2025-03-26 18:41:39,781 - ERROR - Database Connection Faild
2025-03-26 18:41:41,913 - ERROR - Database Connection Faild
2025-03-26 18:41:54,783 - ERROR - Database Connection Faild
2025-03-26 18:41:56,916 - ERROR - Database Connection Faild
2025-03-26 18:42:09,788 - ERROR - Database Connection Faild
2025-03-26 18:42:11,919 - ERROR - Database Connection Faild
2025-03-26 18:42:24,795 - ERROR - Database Connection Faild
2025-03-26 18:42:26,923 - ERROR - Database Connection Faild
2025-03-26 18:42:39,798 - ERROR - Database Connection Faild
2025-03-26 18:42:41,927 - ERROR - Database Connection Faild
2025-03-26 18:42:54,805 - ERROR - Database Connection Faild
2025-03-26 18:42:56,930 - ERROR - Database Connection Faild
2025-03-26 18:43:09,809 - ERROR - Database Connection Faild
2025-03-26 18:43:11,937 - ERROR - Database Connection Faild
2025-03-26 18:43:24,813 - ERROR - Database Connection Faild
2025-03-26 18:43:26,939 - ERROR - Database Connection Faild
2025-03-26 18:43:39,815 - ERROR - Database Connection Faild
2025-03-26 18:43:41,944 - ERROR - Database Connection Faild
2025-03-26 18:43:54,822 - ERROR - Database Connection Faild
2025-03-26 18:43:56,946 - ERROR - Database Connection Faild
2025-03-26 18:44:09,830 - ERROR - Database Connection Faild
2025-03-26 18:44:11,953 - ERROR - Database Connection Faild
2025-03-26 18:44:24,837 - ERROR - Database Connection Faild
2025-03-26 18:44:26,956 - ERROR - Database Connection Faild
2025-03-26 18:44:39,841 - ERROR - Database Connection Faild
2025-03-26 18:44:41,958 - ERROR - Database Connection Faild
2025-03-26 18:44:54,843 - ERROR - Database Connection Faild
2025-03-26 18:44:56,961 - ERROR - Database Connection Faild
2025-03-26 18:45:09,848 - ERROR - Database Connection Faild
2025-03-26 18:45:11,965 - ERROR - Database Connection Faild
2025-03-26 18:45:24,856 - ERROR - Database Connection Faild
2025-03-26 18:45:26,968 - ERROR - Database Connection Faild
2025-03-26 18:45:39,857 - ERROR - Database Connection Faild
2025-03-26 18:45:41,975 - ERROR - Database Connection Faild
2025-03-26 18:45:54,861 - ERROR - Database Connection Faild
2025-03-26 18:45:56,979 - ERROR - Database Connection Faild
2025-03-26 18:46:09,868 - ERROR - Database Connection Faild
2025-03-26 18:46:11,988 - ERROR - Database Connection Faild
2025-03-26 18:46:24,875 - ERROR - Database Connection Faild
2025-03-26 18:46:26,990 - ERROR - Database Connection Faild
2025-03-26 18:46:39,879 - ERROR - Database Connection Faild
2025-03-26 18:46:41,996 - ERROR - Database Connection Faild
2025-03-26 18:46:54,885 - ERROR - Database Connection Faild
2025-03-26 18:46:57,000 - ERROR - Database Connection Faild
2025-03-26 18:47:09,889 - ERROR - Database Connection Faild
2025-03-26 18:47:12,005 - ERROR - Database Connection Faild
2025-03-26 18:47:24,894 - ERROR - Database Connection Faild
2025-03-26 18:47:27,009 - ERROR - Database Connection Faild
2025-03-26 18:47:39,896 - ERROR - Database Connection Faild
2025-03-26 18:47:42,014 - ERROR - Database Connection Faild
2025-03-26 18:47:54,900 - ERROR - Database Connection Faild
2025-03-26 18:47:57,017 - ERROR - Database Connection Faild
2025-03-26 18:48:09,907 - ERROR - Database Connection Faild
2025-03-26 18:48:12,020 - ERROR - Database Connection Faild
2025-03-26 18:48:24,914 - ERROR - Database Connection Faild
2025-03-26 18:48:27,023 - ERROR - Database Connection Faild
2025-03-26 18:48:39,918 - ERROR - Database Connection Faild
2025-03-26 18:48:42,030 - ERROR - Database Connection Faild
2025-03-26 18:48:54,920 - ERROR - Database Connection Faild
2025-03-26 18:48:57,034 - ERROR - Database Connection Faild
2025-03-26 18:49:09,923 - ERROR - Database Connection Faild
2025-03-26 18:49:12,037 - ERROR - Database Connection Faild
2025-03-26 18:49:24,930 - ERROR - Database Connection Faild
2025-03-26 18:49:27,042 - ERROR - Database Connection Faild
2025-03-26 18:49:39,934 - ERROR - Database Connection Faild
2025-03-26 18:49:42,047 - ERROR - Database Connection Faild
2025-03-26 18:49:54,937 - ERROR - Database Connection Faild
2025-03-26 18:49:57,054 - ERROR - Database Connection Faild
2025-03-26 18:50:09,943 - ERROR - Database Connection Faild
2025-03-26 18:50:12,062 - ERROR - Database Connection Faild
2025-03-26 18:50:24,950 - ERROR - Database Connection Faild
2025-03-26 18:50:27,069 - ERROR - Database Connection Faild
2025-03-26 18:50:39,955 - ERROR - Database Connection Faild
2025-03-26 18:50:42,077 - ERROR - Database Connection Faild
2025-03-26 18:50:54,959 - ERROR - Database Connection Faild
2025-03-26 18:50:57,082 - ERROR - Database Connection Faild
2025-03-26 18:51:09,962 - ERROR - Database Connection Faild
2025-03-26 18:51:12,086 - ERROR - Database Connection Faild
2025-03-26 18:51:24,969 - ERROR - Database Connection Faild
2025-03-26 18:51:27,093 - ERROR - Database Connection Faild
2025-03-26 18:51:39,972 - ERROR - Database Connection Faild
2025-03-26 18:51:42,101 - ERROR - Database Connection Faild
2025-03-26 18:51:54,973 - ERROR - Database Connection Faild
2025-03-26 18:51:57,105 - ERROR - Database Connection Faild
2025-03-26 18:52:09,975 - ERROR - Database Connection Faild
2025-03-26 18:52:12,107 - ERROR - Database Connection Faild
2025-03-26 18:52:24,979 - ERROR - Database Connection Faild
2025-03-26 18:52:27,109 - ERROR - Database Connection Faild
2025-03-26 18:52:39,980 - ERROR - Database Connection Faild
2025-03-26 18:52:42,112 - ERROR - Database Connection Faild
2025-03-26 18:52:54,987 - ERROR - Database Connection Faild
2025-03-26 18:52:57,119 - ERROR - Database Connection Faild
2025-03-26 18:53:09,991 - ERROR - Database Connection Faild
2025-03-26 18:53:12,122 - ERROR - Database Connection Faild
2025-03-26 18:53:24,995 - ERROR - Database Connection Faild
2025-03-26 18:53:27,126 - ERROR - Database Connection Faild
2025-03-26 18:53:40,000 - ERROR - Database Connection Faild
2025-03-26 18:53:42,128 - ERROR - Database Connection Faild
2025-03-26 18:53:55,002 - ERROR - Database Connection Faild
2025-03-26 18:53:57,130 - ERROR - Database Connection Faild
2025-03-26 18:54:10,009 - ERROR - Database Connection Faild
2025-03-26 18:54:12,133 - ERROR - Database Connection Faild
2025-03-26 18:54:25,012 - ERROR - Database Connection Faild
2025-03-26 18:54:27,142 - ERROR - Database Connection Faild
2025-03-26 18:54:40,014 - ERROR - Database Connection Faild
2025-03-26 18:54:42,143 - ERROR - Database Connection Faild
2025-03-26 18:54:55,017 - ERROR - Database Connection Faild
2025-03-26 18:54:57,149 - ERROR - Database Connection Faild
2025-03-26 18:55:10,021 - ERROR - Database Connection Faild
2025-03-26 18:55:12,152 - ERROR - Database Connection Faild
2025-03-26 18:55:25,026 - ERROR - Database Connection Faild
2025-03-26 18:55:27,158 - ERROR - Database Connection Faild
2025-03-26 18:55:40,030 - ERROR - Database Connection Faild
2025-03-26 18:55:42,162 - ERROR - Database Connection Faild
2025-03-26 18:55:55,034 - ERROR - Database Connection Faild
2025-03-26 18:55:57,168 - ERROR - Database Connection Faild
2025-03-26 18:56:10,041 - ERROR - Database Connection Faild
2025-03-26 18:56:12,171 - ERROR - Database Connection Faild
2025-03-26 18:56:25,045 - ERROR - Database Connection Faild
2025-03-26 18:56:27,177 - ERROR - Database Connection Faild
2025-03-26 18:56:40,050 - ERROR - Database Connection Faild
2025-03-26 18:56:42,184 - ERROR - Database Connection Faild
2025-03-26 18:56:55,054 - ERROR - Database Connection Faild
2025-03-26 18:56:57,186 - ERROR - Database Connection Faild
2025-03-26 18:57:10,059 - ERROR - Database Connection Faild
2025-03-26 18:57:12,189 - ERROR - Database Connection Faild
2025-03-26 18:57:25,065 - ERROR - Database Connection Faild
2025-03-26 18:57:27,196 - ERROR - Database Connection Faild
2025-03-26 18:57:40,067 - ERROR - Database Connection Faild
2025-03-26 18:57:42,198 - ERROR - Database Connection Faild
2025-03-26 18:57:55,072 - ERROR - Database Connection Faild
2025-03-26 18:57:57,206 - ERROR - Database Connection Faild
2025-03-26 18:58:10,074 - ERROR - Database Connection Faild
2025-03-26 18:58:12,213 - ERROR - Database Connection Faild
2025-03-26 18:58:25,078 - ERROR - Database Connection Faild
2025-03-26 18:58:27,216 - ERROR - Database Connection Faild
2025-03-26 18:58:40,082 - ERROR - Database Connection Faild
2025-03-26 18:58:42,219 - ERROR - Database Connection Faild
2025-03-26 18:58:55,090 - ERROR - Database Connection Faild
2025-03-26 18:58:57,225 - ERROR - Database Connection Faild
2025-03-26 18:59:10,099 - ERROR - Database Connection Faild
2025-03-26 18:59:12,232 - ERROR - Database Connection Faild
2025-03-26 18:59:25,110 - ERROR - Database Connection Faild
2025-03-26 18:59:27,239 - ERROR - Database Connection Faild
2025-03-26 18:59:40,114 - ERROR - Database Connection Faild
2025-03-26 18:59:42,241 - ERROR - Database Connection Faild
2025-03-26 18:59:55,120 - ERROR - Database Connection Faild
2025-03-26 18:59:57,245 - ERROR - Database Connection Faild
2025-03-26 19:00:10,124 - ERROR - Database Connection Faild
2025-03-26 19:00:12,249 - ERROR - Database Connection Faild
2025-03-26 19:00:25,126 - ERROR - Database Connection Faild
2025-03-26 19:00:27,258 - ERROR - Database Connection Faild
2025-03-26 19:00:40,129 - ERROR - Database Connection Faild
2025-03-26 19:00:42,260 - ERROR - Database Connection Faild
2025-03-26 19:00:55,136 - ERROR - Database Connection Faild
2025-03-26 19:00:57,268 - ERROR - Database Connection Faild
2025-03-26 19:01:10,144 - ERROR - Database Connection Faild
2025-03-26 19:01:12,270 - ERROR - Database Connection Faild
2025-03-26 19:01:25,149 - ERROR - Database Connection Faild
2025-03-26 19:01:27,277 - ERROR - Database Connection Faild
2025-03-26 19:01:40,152 - ERROR - Database Connection Faild
2025-03-26 19:01:42,284 - ERROR - Database Connection Faild
2025-03-26 19:01:55,157 - ERROR - Database Connection Faild
2025-03-26 19:01:57,289 - ERROR - Database Connection Faild
2025-03-26 19:02:10,160 - ERROR - Database Connection Faild
2025-03-26 19:02:12,291 - ERROR - Database Connection Faild
2025-03-26 19:02:25,162 - ERROR - Database Connection Faild
2025-03-26 19:02:27,296 - ERROR - Database Connection Faild
2025-03-26 19:02:40,165 - ERROR - Database Connection Faild
2025-03-26 19:02:42,298 - ERROR - Database Connection Faild
2025-03-26 19:02:55,170 - ERROR - Database Connection Faild
2025-03-26 19:02:57,303 - ERROR - Database Connection Faild
2025-03-26 19:03:10,175 - ERROR - Database Connection Faild
2025-03-26 19:03:12,309 - ERROR - Database Connection Faild
2025-03-26 19:03:25,176 - ERROR - Database Connection Faild
2025-03-26 19:03:27,312 - ERROR - Database Connection Faild
2025-03-26 19:03:40,179 - ERROR - Database Connection Faild
2025-03-26 19:03:42,316 - ERROR - Database Connection Faild
2025-03-26 19:03:55,181 - ERROR - Database Connection Faild
2025-03-26 19:03:57,321 - ERROR - Database Connection Faild
2025-03-26 19:04:10,192 - ERROR - Database Connection Faild
2025-03-26 19:04:12,328 - ERROR - Database Connection Faild
2025-03-26 19:04:25,194 - ERROR - Database Connection Faild
2025-03-26 19:04:27,334 - ERROR - Database Connection Faild
2025-03-26 19:04:40,199 - ERROR - Database Connection Faild
2025-03-26 19:04:42,337 - ERROR - Database Connection Faild
2025-03-26 19:04:55,208 - ERROR - Database Connection Faild
2025-03-26 19:04:57,343 - ERROR - Database Connection Faild
2025-03-26 19:05:10,214 - ERROR - Database Connection Faild
2025-03-26 19:05:12,351 - ERROR - Database Connection Faild
2025-03-26 19:05:25,217 - ERROR - Database Connection Faild
2025-03-26 19:05:27,355 - ERROR - Database Connection Faild
2025-03-26 19:05:40,225 - ERROR - Database Connection Faild
2025-03-26 19:05:42,358 - ERROR - Database Connection Faild
2025-03-26 19:05:55,227 - ERROR - Database Connection Faild
2025-03-26 19:05:57,362 - ERROR - Database Connection Faild
2025-03-26 19:06:10,230 - ERROR - Database Connection Faild
2025-03-26 19:06:12,366 - ERROR - Database Connection Faild
2025-03-26 19:06:25,232 - ERROR - Database Connection Faild
2025-03-26 19:06:27,372 - ERROR - Database Connection Faild
2025-03-26 19:06:40,240 - ERROR - Database Connection Faild
2025-03-26 19:06:42,374 - ERROR - Database Connection Faild
2025-03-26 19:06:55,243 - ERROR - Database Connection Faild
2025-03-26 19:06:57,376 - ERROR - Database Connection Faild
2025-03-26 19:07:10,246 - ERROR - Database Connection Faild
2025-03-26 19:07:12,380 - ERROR - Database Connection Faild
2025-03-26 19:07:25,253 - ERROR - Database Connection Faild
2025-03-26 19:07:27,386 - ERROR - Database Connection Faild
2025-03-26 19:07:40,256 - ERROR - Database Connection Faild
2025-03-26 19:07:42,391 - ERROR - Database Connection Faild
2025-03-26 19:07:55,258 - ERROR - Database Connection Faild
2025-03-26 19:07:57,393 - ERROR - Database Connection Faild
2025-03-26 19:08:10,264 - ERROR - Database Connection Faild
2025-03-26 19:08:12,399 - ERROR - Database Connection Faild
2025-03-26 19:08:25,268 - ERROR - Database Connection Faild
2025-03-26 19:08:27,403 - ERROR - Database Connection Faild
2025-03-26 19:08:40,272 - ERROR - Database Connection Faild
2025-03-26 19:08:42,407 - ERROR - Database Connection Faild
2025-03-26 19:08:55,274 - ERROR - Database Connection Faild
2025-03-26 19:08:57,410 - ERROR - Database Connection Faild
2025-03-26 19:09:10,283 - ERROR - Database Connection Faild
2025-03-26 19:09:12,417 - ERROR - Database Connection Faild
2025-03-26 19:09:25,285 - ERROR - Database Connection Faild
2025-03-26 19:09:27,422 - ERROR - Database Connection Faild
2025-03-26 19:09:40,292 - ERROR - Database Connection Faild
2025-03-26 19:09:42,424 - ERROR - Database Connection Faild
2025-03-26 19:09:55,294 - ERROR - Database Connection Faild
2025-03-26 19:09:57,428 - ERROR - Database Connection Faild
2025-03-26 19:10:10,299 - ERROR - Database Connection Faild
2025-03-26 19:10:12,429 - ERROR - Database Connection Faild
2025-03-26 19:10:25,303 - ERROR - Database Connection Faild
2025-03-26 19:10:27,435 - ERROR - Database Connection Faild
2025-03-26 19:10:40,310 - ERROR - Database Connection Faild
2025-03-26 19:10:42,443 - ERROR - Database Connection Faild
2025-03-26 19:10:55,312 - ERROR - Database Connection Faild
2025-03-26 19:10:57,447 - ERROR - Database Connection Faild
2025-03-26 19:11:10,320 - ERROR - Database Connection Faild
2025-03-26 19:11:12,449 - ERROR - Database Connection Faild
2025-03-26 19:11:25,325 - ERROR - Database Connection Faild
2025-03-26 19:11:27,454 - ERROR - Database Connection Faild
2025-03-26 19:11:40,327 - ERROR - Database Connection Faild
2025-03-26 19:11:42,461 - ERROR - Database Connection Faild
2025-03-26 19:11:55,329 - ERROR - Database Connection Faild
2025-03-26 19:11:57,464 - ERROR - Database Connection Faild
2025-03-26 19:12:10,333 - ERROR - Database Connection Faild
2025-03-26 19:12:12,465 - ERROR - Database Connection Faild
2025-03-26 19:12:25,334 - ERROR - Database Connection Faild
2025-03-26 19:12:27,470 - ERROR - Database Connection Faild
2025-03-26 19:12:40,339 - ERROR - Database Connection Faild
2025-03-26 19:12:42,471 - ERROR - Database Connection Faild
2025-03-26 19:12:55,342 - ERROR - Database Connection Faild
2025-03-26 19:12:57,473 - ERROR - Database Connection Faild
2025-03-26 19:13:10,344 - ERROR - Database Connection Faild
2025-03-26 19:13:12,476 - ERROR - Database Connection Faild
2025-03-26 19:13:25,348 - ERROR - Database Connection Faild
2025-03-26 19:13:27,478 - ERROR - Database Connection Faild
2025-03-26 19:13:40,355 - ERROR - Database Connection Faild
2025-03-26 19:13:42,484 - ERROR - Database Connection Faild
2025-03-26 19:13:55,359 - ERROR - Database Connection Faild
2025-03-26 19:13:57,487 - ERROR - Database Connection Faild
2025-03-26 19:14:10,361 - ERROR - Database Connection Faild
2025-03-26 19:14:12,490 - ERROR - Database Connection Faild
2025-03-26 19:14:25,369 - ERROR - Database Connection Faild
2025-03-26 19:14:27,497 - ERROR - Database Connection Faild
2025-03-26 19:14:40,372 - ERROR - Database Connection Faild
2025-03-26 19:14:42,502 - ERROR - Database Connection Faild
2025-03-26 19:14:55,374 - ERROR - Database Connection Faild
2025-03-26 19:14:57,504 - ERROR - Database Connection Faild
2025-03-26 19:15:10,377 - ERROR - Database Connection Faild
2025-03-26 19:15:12,507 - ERROR - Database Connection Faild
2025-03-26 19:15:25,379 - ERROR - Database Connection Faild
2025-03-26 19:15:27,509 - ERROR - Database Connection Faild
2025-03-26 19:15:40,388 - ERROR - Database Connection Faild
2025-03-26 19:15:42,511 - ERROR - Database Connection Faild
2025-03-26 19:15:55,392 - ERROR - Database Connection Faild
2025-03-26 19:15:57,522 - ERROR - Database Connection Faild
2025-03-26 19:16:10,398 - ERROR - Database Connection Faild
2025-03-26 19:16:12,524 - ERROR - Database Connection Faild
2025-03-26 19:16:25,401 - ERROR - Database Connection Faild
2025-03-26 19:16:27,527 - ERROR - Database Connection Faild
2025-03-26 19:16:40,404 - ERROR - Database Connection Faild
2025-03-26 19:16:42,530 - ERROR - Database Connection Faild
2025-03-26 19:16:55,413 - ERROR - Database Connection Faild
2025-03-26 19:16:57,532 - ERROR - Database Connection Faild
2025-03-26 19:17:10,417 - ERROR - Database Connection Faild
2025-03-26 19:17:12,537 - ERROR - Database Connection Faild
2025-03-26 19:17:25,420 - ERROR - Database Connection Faild
2025-03-26 19:17:27,541 - ERROR - Database Connection Faild
2025-03-26 19:17:40,425 - ERROR - Database Connection Faild
2025-03-26 19:17:42,543 - ERROR - Database Connection Faild
2025-03-26 19:17:55,431 - ERROR - Database Connection Faild
2025-03-26 19:17:57,547 - ERROR - Database Connection Faild
2025-03-26 19:18:10,434 - ERROR - Database Connection Faild
2025-03-26 19:18:12,550 - ERROR - Database Connection Faild
2025-03-26 19:18:25,437 - ERROR - Database Connection Faild
2025-03-26 19:18:27,553 - ERROR - Database Connection Faild
2025-03-26 19:18:40,438 - ERROR - Database Connection Faild
2025-03-26 19:18:42,555 - ERROR - Database Connection Faild
2025-03-26 19:18:55,441 - ERROR - Database Connection Faild
2025-03-26 19:18:57,558 - ERROR - Database Connection Faild
2025-03-26 19:19:10,447 - ERROR - Database Connection Faild
2025-03-26 19:19:12,564 - ERROR - Database Connection Faild
2025-03-26 19:19:25,453 - ERROR - Database Connection Faild
2025-03-26 19:19:27,567 - ERROR - Database Connection Faild
2025-03-26 19:19:40,455 - ERROR - Database Connection Faild
2025-03-26 19:19:42,570 - ERROR - Database Connection Faild
2025-03-26 19:19:55,458 - ERROR - Database Connection Faild
2025-03-26 19:19:57,572 - ERROR - Database Connection Faild
2025-03-26 19:20:10,460 - ERROR - Database Connection Faild
2025-03-26 19:20:12,575 - ERROR - Database Connection Faild
2025-03-26 19:20:25,464 - ERROR - Database Connection Faild
2025-03-26 19:20:27,577 - ERROR - Database Connection Faild
2025-03-26 19:20:40,467 - ERROR - Database Connection Faild
2025-03-26 19:20:42,580 - ERROR - Database Connection Faild
2025-03-26 19:20:55,469 - ERROR - Database Connection Faild
2025-03-26 19:20:57,582 - ERROR - Database Connection Faild
2025-03-26 19:21:10,472 - ERROR - Database Connection Faild
2025-03-26 19:21:12,588 - ERROR - Database Connection Faild
2025-03-26 19:21:25,475 - ERROR - Database Connection Faild
2025-03-26 19:21:27,592 - ERROR - Database Connection Faild
2025-03-26 19:21:40,478 - ERROR - Database Connection Faild
2025-03-26 19:21:42,595 - ERROR - Database Connection Faild
2025-03-26 19:21:55,483 - ERROR - Database Connection Faild
2025-03-26 19:21:57,597 - ERROR - Database Connection Faild
2025-03-26 19:22:10,486 - ERROR - Database Connection Faild
2025-03-26 19:22:12,599 - ERROR - Database Connection Faild
2025-03-26 19:22:25,490 - ERROR - Database Connection Faild
2025-03-26 19:22:27,602 - ERROR - Database Connection Faild
2025-03-26 19:22:40,492 - ERROR - Database Connection Faild
2025-03-26 19:22:42,605 - ERROR - Database Connection Faild
2025-03-26 19:22:55,494 - ERROR - Database Connection Faild
2025-03-26 19:22:57,607 - ERROR - Database Connection Faild
2025-03-26 19:23:10,500 - ERROR - Database Connection Faild
2025-03-26 19:23:12,609 - ERROR - Database Connection Faild
2025-03-26 19:23:25,502 - ERROR - Database Connection Faild
2025-03-26 19:23:27,613 - ERROR - Database Connection Faild
2025-03-26 19:23:40,511 - ERROR - Database Connection Faild
2025-03-26 19:23:42,616 - ERROR - Database Connection Faild
2025-03-26 19:23:55,513 - ERROR - Database Connection Faild
2025-03-26 19:23:57,619 - ERROR - Database Connection Faild
2025-03-26 19:24:10,519 - ERROR - Database Connection Faild
2025-03-26 19:24:12,622 - ERROR - Database Connection Faild
2025-03-26 19:24:25,525 - ERROR - Database Connection Faild
2025-03-26 19:24:27,624 - ERROR - Database Connection Faild
2025-03-26 19:24:40,531 - ERROR - Database Connection Faild
2025-03-26 19:24:42,626 - ERROR - Database Connection Faild
2025-03-26 19:24:55,534 - ERROR - Database Connection Faild
2025-03-26 19:24:57,629 - ERROR - Database Connection Faild
2025-03-26 19:25:10,539 - ERROR - Database Connection Faild
2025-03-26 19:25:12,631 - ERROR - Database Connection Faild
2025-03-26 19:25:25,541 - ERROR - Database Connection Faild
2025-03-26 19:25:27,634 - ERROR - Database Connection Faild
2025-03-26 19:25:40,546 - ERROR - Database Connection Faild
2025-03-26 19:25:42,637 - ERROR - Database Connection Faild
2025-03-26 19:25:55,549 - ERROR - Database Connection Faild
2025-03-26 19:25:57,641 - ERROR - Database Connection Faild
2025-03-26 19:26:10,554 - ERROR - Database Connection Faild
2025-03-26 19:26:12,645 - ERROR - Database Connection Faild
2025-03-26 19:26:25,557 - ERROR - Database Connection Faild
2025-03-26 19:26:27,647 - ERROR - Database Connection Faild
2025-03-26 19:26:40,562 - ERROR - Database Connection Faild
2025-03-26 19:26:42,653 - ERROR - Database Connection Faild
2025-03-26 19:26:55,575 - ERROR - Database Connection Faild
2025-03-26 19:26:57,656 - ERROR - Database Connection Faild
2025-03-26 19:27:10,581 - ERROR - Database Connection Faild
2025-03-26 19:27:12,660 - ERROR - Database Connection Faild
2025-03-26 19:27:25,585 - ERROR - Database Connection Faild
2025-03-26 19:27:27,661 - ERROR - Database Connection Faild
2025-03-26 19:27:40,587 - ERROR - Database Connection Faild
2025-03-26 19:27:42,667 - ERROR - Database Connection Faild
2025-03-26 19:27:55,591 - ERROR - Database Connection Faild
2025-03-26 19:27:57,676 - ERROR - Database Connection Faild
2025-03-26 19:28:10,593 - ERROR - Database Connection Faild
2025-03-26 19:28:12,679 - ERROR - Database Connection Faild
2025-03-26 19:28:25,598 - ERROR - Database Connection Faild
2025-03-26 19:28:27,681 - ERROR - Database Connection Faild
2025-03-26 19:28:40,603 - ERROR - Database Connection Faild
2025-03-26 19:28:42,689 - ERROR - Database Connection Faild
2025-03-26 19:28:55,606 - ERROR - Database Connection Faild
2025-03-26 19:28:57,693 - ERROR - Database Connection Faild
2025-03-26 19:29:10,608 - ERROR - Database Connection Faild
2025-03-26 19:29:12,695 - ERROR - Database Connection Faild
2025-03-26 19:29:25,612 - ERROR - Database Connection Faild
2025-03-26 19:29:27,698 - ERROR - Database Connection Faild
2025-03-26 19:29:40,618 - ERROR - Database Connection Faild
2025-03-26 19:29:42,701 - ERROR - Database Connection Faild
2025-03-26 19:29:55,624 - ERROR - Database Connection Faild
2025-03-26 19:29:57,704 - ERROR - Database Connection Faild
2025-03-26 19:30:10,628 - ERROR - Database Connection Faild
2025-03-26 19:30:25,633 - ERROR - Database Connection Faild
2025-03-26 19:30:39,488 - INFO - package: mysql.connector.plugins
2025-03-26 19:30:39,489 - INFO - plugin_name: mysql_native_password
2025-03-26 19:30:39,498 - INFO - AUTHENTICATION_PLUGIN_CLASS: MySQLNativePasswordAuthPlugin
2025-03-26 19:31:04,318 - ERROR - Database Connection Faild
2025-03-26 19:31:06,263 - INFO - package: mysql.connector.plugins
2025-03-26 19:31:06,264 - INFO - plugin_name: mysql_native_password
2025-03-26 19:31:06,264 - INFO - AUTHENTICATION_PLUGIN_CLASS: MySQLNativePasswordAuthPlugin
2025-03-26 19:31:06,266 - INFO - Database is connected
2025-03-26 19:31:16,907 - INFO - Connected to MQTT Broker!
2025-03-26 19:32:01,806 - ERROR - Database Connection Faild
2025-03-26 19:32:13,106 - INFO - package: mysql.connector.plugins
2025-03-26 19:32:13,106 - INFO - plugin_name: mysql_native_password
2025-03-26 19:32:13,107 - INFO - AUTHENTICATION_PLUGIN_CLASS: MySQLNativePasswordAuthPlugin
2025-03-26 19:32:13,107 - INFO - Database is connected
2025-03-26 19:32:23,694 - INFO - Connected to MQTT Broker!
2025-03-26 23:33:46,235 - INFO - Connected to MQTT Broker!
2025-03-27 08:21:15,000 - INFO - Connected to MQTT Broker!
2025-03-27 14:54:23,124 - INFO - Connected to MQTT Broker!
2025-03-27 21:25:42,287 - INFO - Connected to MQTT Broker!
2025-03-28 09:13:43,044 - INFO - Connected to MQTT Broker!
2025-03-28 13:58:40,289 - INFO - Connected to MQTT Broker!
2025-03-28 18:07:59,249 - INFO - Connected to MQTT Broker!
2025-04-01 09:14:55,984 - INFO - package: mysql.connector.plugins
2025-04-01 09:14:55,985 - INFO - plugin_name: mysql_native_password
2025-04-01 09:14:55,990 - INFO - AUTHENTICATION_PLUGIN_CLASS: MySQLNativePasswordAuthPlugin
2025-04-01 09:14:56,004 - INFO - Database is connected
2025-04-01 09:15:06,623 - INFO - Connected to MQTT Broker!
2025-04-01 09:17:12,001 - INFO - Connected to MQTT Broker!
2025-04-01 09:19:17,025 - INFO - Connected to MQTT Broker!
2025-04-01 09:21:20,467 - INFO - Connected to MQTT Broker!
2025-04-01 09:23:25,026 - INFO - Connected to MQTT Broker!
2025-04-01 09:25:30,407 - INFO - Connected to MQTT Broker!
2025-04-01 09:27:37,588 - INFO - Connected to MQTT Broker!
2025-04-01 09:29:40,196 - INFO - Connected to MQTT Broker!
2025-04-01 09:31:45,140 - INFO - Connected to MQTT Broker!
2025-04-01 09:33:52,307 - INFO - Connected to MQTT Broker!
2025-04-01 10:12:19,082 - INFO - Connected to MQTT Broker!
2025-04-01 10:14:27,056 - INFO - Connected to MQTT Broker!
2025-04-01 10:16:33,055 - INFO - Connected to MQTT Broker!
2025-04-01 10:18:34,818 - INFO - Connected to MQTT Broker!
2025-04-01 10:20:41,528 - INFO - Connected to MQTT Broker!
2025-04-01 10:22:49,076 - INFO - Connected to MQTT Broker!
2025-04-01 10:24:52,508 - INFO - Connected to MQTT Broker!
2025-04-01 10:26:57,822 - INFO - Connected to MQTT Broker!
2025-04-01 10:29:06,620 - INFO - Connected to MQTT Broker!
2025-04-01 10:31:10,521 - INFO - Connected to MQTT Broker!
2025-04-01 10:33:14,114 - INFO - Connected to MQTT Broker!
2025-04-01 10:35:19,064 - INFO - Connected to MQTT Broker!
2025-04-01 10:37:26,262 - INFO - Connected to MQTT Broker!
2025-04-01 10:39:35,629 - INFO - Connected to MQTT Broker!
2025-04-01 10:41:38,743 - INFO - Connected to MQTT Broker!
2025-04-01 10:43:47,026 - INFO - Connected to MQTT Broker!
2025-04-01 10:45:57,044 - INFO - Connected to MQTT Broker!
2025-04-01 10:48:02,866 - INFO - Connected to MQTT Broker!
2025-04-01 10:50:08,591 - INFO - Connected to MQTT Broker!
2025-04-01 10:52:11,187 - INFO - Connected to MQTT Broker!
2025-04-01 10:54:16,949 - INFO - Connected to MQTT Broker!
2025-04-01 10:56:20,670 - INFO - Connected to MQTT Broker!
2025-04-01 10:58:26,195 - INFO - Connected to MQTT Broker!
2025-04-01 11:00:34,093 - INFO - Connected to MQTT Broker!
2025-04-01 11:02:39,953 - INFO - Connected to MQTT Broker!
2025-04-01 11:04:45,922 - INFO - Connected to MQTT Broker!
2025-04-01 11:06:49,193 - INFO - Connected to MQTT Broker!
2025-04-01 11:08:54,240 - INFO - Connected to MQTT Broker!
2025-04-01 11:10:59,720 - INFO - Connected to MQTT Broker!
2025-04-01 11:13:03,221 - INFO - Connected to MQTT Broker!
2025-04-01 11:15:08,920 - INFO - Connected to MQTT Broker!
2025-04-01 11:17:14,634 - INFO - Connected to MQTT Broker!
2025-04-01 11:19:18,523 - INFO - Connected to MQTT Broker!
2025-04-01 11:21:23,872 - INFO - Connected to MQTT Broker!
2025-04-01 11:23:33,300 - INFO - Connected to MQTT Broker!
2025-04-01 11:25:39,055 - INFO - Connected to MQTT Broker!
2025-04-01 11:27:44,934 - INFO - Connected to MQTT Broker!
2025-04-01 11:29:48,337 - INFO - Connected to MQTT Broker!
2025-04-01 11:31:52,469 - INFO - Connected to MQTT Broker!
2025-04-01 11:33:58,530 - INFO - Connected to MQTT Broker!
2025-04-01 11:36:08,331 - INFO - Connected to MQTT Broker!
2025-04-01 11:38:12,168 - INFO - Connected to MQTT Broker!
2025-04-01 11:40:19,932 - INFO - Connected to MQTT Broker!
2025-04-01 11:42:23,214 - INFO - Connected to MQTT Broker!
2025-04-01 11:44:27,014 - INFO - Connected to MQTT Broker!
2025-04-01 11:46:32,702 - INFO - Connected to MQTT Broker!
2025-04-01 11:48:38,135 - INFO - Connected to MQTT Broker!
2025-04-01 11:50:41,616 - INFO - Connected to MQTT Broker!
2025-04-01 11:52:49,337 - INFO - Connected to MQTT Broker!
2025-04-01 11:54:52,417 - INFO - Connected to MQTT Broker!
2025-04-01 11:56:56,656 - INFO - Connected to MQTT Broker!
2025-04-01 11:59:00,667 - INFO - Connected to MQTT Broker!
2025-04-01 12:01:10,630 - INFO - Connected to MQTT Broker!
2025-04-01 12:03:17,059 - INFO - Connected to MQTT Broker!
2025-04-01 12:05:22,140 - INFO - Connected to MQTT Broker!
2025-04-01 12:07:24,381 - INFO - Connected to MQTT Broker!
2025-04-01 12:09:28,862 - INFO - Connected to MQTT Broker!
2025-04-01 12:11:35,063 - INFO - Connected to MQTT Broker!
2025-04-01 12:13:40,943 - INFO - Connected to MQTT Broker!
2025-04-01 12:15:47,744 - INFO - Connected to MQTT Broker!
2025-04-01 12:17:50,065 - INFO - Connected to MQTT Broker!
2025-04-01 12:19:55,718 - INFO - Connected to MQTT Broker!
2025-04-01 12:22:00,006 - INFO - Connected to MQTT Broker!
2025-04-01 12:24:05,992 - INFO - Connected to MQTT Broker!
2025-04-01 12:26:09,271 - INFO - Connected to MQTT Broker!
2025-04-01 12:28:13,202 - INFO - Connected to MQTT Broker!
2025-04-01 12:30:19,002 - INFO - Connected to MQTT Broker!
2025-04-01 12:32:24,351 - INFO - Connected to MQTT Broker!
2025-04-01 12:34:28,712 - INFO - Connected to MQTT Broker!
2025-04-01 12:36:34,857 - INFO - Connected to MQTT Broker!
2025-04-01 12:38:41,274 - INFO - Connected to MQTT Broker!
2025-04-01 12:40:47,395 - INFO - Connected to MQTT Broker!
2025-04-01 12:42:54,956 - INFO - Connected to MQTT Broker!
2025-04-01 12:45:00,358 - INFO - Connected to MQTT Broker!
2025-04-01 12:47:03,919 - INFO - Connected to MQTT Broker!
2025-04-01 12:49:13,837 - INFO - Connected to MQTT Broker!
2025-04-01 12:51:21,319 - INFO - Connected to MQTT Broker!
2025-04-01 12:53:26,703 - INFO - Connected to MQTT Broker!
2025-04-01 12:55:30,323 - INFO - Connected to MQTT Broker!
2025-04-01 12:57:35,881 - INFO - Connected to MQTT Broker!
2025-04-01 12:59:41,179 - INFO - Connected to MQTT Broker!
2025-04-01 13:01:47,566 - INFO - Connected to MQTT Broker!
2025-04-01 13:03:52,856 - INFO - Connected to MQTT Broker!
2025-04-01 13:06:00,325 - INFO - Connected to MQTT Broker!
2025-04-01 13:08:03,968 - INFO - Connected to MQTT Broker!
2025-04-01 13:10:07,527 - INFO - Connected to MQTT Broker!
2025-04-01 13:12:13,136 - INFO - Connected to MQTT Broker!
2025-04-01 13:14:22,768 - INFO - Connected to MQTT Broker!
2025-04-01 13:16:29,931 - INFO - Connected to MQTT Broker!
2025-04-01 13:18:34,929 - INFO - Connected to MQTT Broker!
2025-04-01 13:20:41,294 - INFO - Connected to MQTT Broker!
2025-04-01 13:22:48,532 - INFO - Connected to MQTT Broker!
2025-04-01 13:24:54,455 - INFO - Connected to MQTT Broker!
2025-04-01 13:27:01,534 - INFO - Connected to MQTT Broker!
2025-04-01 13:29:09,772 - INFO - Connected to MQTT Broker!
2025-04-01 13:31:14,695 - INFO - Connected to MQTT Broker!
2025-04-01 13:33:19,499 - INFO - Connected to MQTT Broker!
2025-04-01 13:35:29,298 - INFO - Connected to MQTT Broker!
2025-04-01 13:37:33,701 - INFO - Connected to MQTT Broker!
2025-04-01 13:39:35,699 - INFO - Connected to MQTT Broker!
2025-04-01 13:41:39,829 - INFO - Connected to MQTT Broker!
2025-04-01 13:43:43,742 - INFO - Connected to MQTT Broker!
2025-04-01 13:45:49,941 - INFO - Connected to MQTT Broker!
2025-04-01 13:48:00,392 - INFO - Connected to MQTT Broker!
2025-04-01 13:50:08,584 - INFO - Connected to MQTT Broker!
2025-04-01 13:52:15,104 - INFO - Connected to MQTT Broker!
2025-04-01 13:54:19,115 - INFO - Connected to MQTT Broker!
2025-04-01 13:56:23,284 - INFO - Connected to MQTT Broker!
2025-04-01 13:58:31,877 - INFO - Connected to MQTT Broker!
2025-04-01 14:00:39,839 - INFO - Connected to MQTT Broker!
2025-04-01 14:02:45,468 - INFO - Connected to MQTT Broker!
2025-04-01 14:04:53,029 - INFO - Connected to MQTT Broker!
2025-04-01 14:07:00,470 - INFO - Connected to MQTT Broker!
2025-04-01 14:09:08,513 - INFO - Connected to MQTT Broker!
2025-04-01 14:11:15,472 - INFO - Connected to MQTT Broker!
2025-04-01 14:13:21,393 - INFO - Connected to MQTT Broker!
2025-04-01 14:15:27,157 - INFO - Connected to MQTT Broker!
2025-04-01 14:17:29,034 - INFO - Connected to MQTT Broker!
2025-04-01 14:19:39,085 - INFO - Connected to MQTT Broker!
2025-04-01 14:21:41,076 - INFO - Connected to MQTT Broker!
2025-04-01 14:23:46,997 - INFO - Connected to MQTT Broker!
2025-04-01 14:25:50,798 - INFO - Connected to MQTT Broker!
2025-04-01 14:27:52,479 - INFO - Connected to MQTT Broker!
2025-04-01 14:29:58,402 - INFO - Connected to MQTT Broker!
2025-04-01 14:32:05,889 - INFO - Connected to MQTT Broker!
2025-04-01 14:34:13,439 - INFO - Connected to MQTT Broker!
2025-04-01 14:36:14,050 - INFO - Connected to MQTT Broker!
2025-04-01 14:38:25,537 - INFO - Connected to MQTT Broker!
2025-04-01 14:40:28,212 - INFO - Connected to MQTT Broker!
2025-04-01 14:42:36,213 - INFO - Connected to MQTT Broker!
2025-04-01 14:44:46,378 - INFO - Connected to MQTT Broker!
2025-04-01 14:46:54,425 - INFO - Connected to MQTT Broker!
2025-04-01 14:49:00,901 - INFO - Connected to MQTT Broker!
2025-04-01 14:51:07,621 - INFO - Connected to MQTT Broker!
2025-04-01 14:53:11,561 - INFO - Connected to MQTT Broker!
2025-04-01 14:55:16,553 - INFO - Connected to MQTT Broker!
2025-04-01 14:57:27,253 - INFO - Connected to MQTT Broker!
2025-04-01 14:59:34,526 - INFO - Connected to MQTT Broker!
2025-04-01 15:01:39,291 - INFO - Connected to MQTT Broker!
2025-04-01 15:04:24,422 - INFO - Connected to MQTT Broker!
2025-04-01 15:06:25,522 - INFO - Connected to MQTT Broker!
2025-04-01 15:08:29,300 - INFO - Connected to MQTT Broker!
2025-04-01 15:10:35,485 - INFO - Connected to MQTT Broker!
2025-04-01 15:12:41,735 - INFO - Connected to MQTT Broker!
2025-04-01 15:14:47,501 - INFO - Connected to MQTT Broker!
2025-04-01 15:16:51,324 - INFO - Connected to MQTT Broker!
2025-04-01 15:18:58,653 - INFO - Connected to MQTT Broker!
2025-04-01 15:21:02,287 - INFO - Connected to MQTT Broker!
2025-04-01 15:23:09,200 - INFO - Connected to MQTT Broker!
2025-04-01 15:25:14,970 - INFO - Connected to MQTT Broker!
2025-04-01 15:27:16,622 - INFO - Connected to MQTT Broker!
2025-04-01 15:29:22,863 - INFO - Connected to MQTT Broker!
2025-04-01 15:31:30,316 - INFO - Connected to MQTT Broker!
2025-04-01 15:33:36,148 - INFO - Connected to MQTT Broker!
2025-04-01 15:35:42,025 - INFO - Connected to MQTT Broker!
2025-04-01 15:37:47,491 - INFO - Connected to MQTT Broker!
2025-04-01 15:39:52,741 - INFO - Connected to MQTT Broker!
2025-04-01 15:48:11,191 - INFO - Connected to MQTT Broker!
2025-04-01 15:50:18,914 - INFO - Connected to MQTT Broker!
2025-04-01 15:52:26,355 - INFO - Connected to MQTT Broker!
2025-04-01 15:54:27,676 - INFO - Connected to MQTT Broker!
2025-04-01 15:56:29,193 - INFO - Connected to MQTT Broker!
2025-04-01 15:58:34,665 - INFO - Connected to MQTT Broker!
2025-04-01 16:00:44,499 - INFO - Connected to MQTT Broker!
2025-04-01 16:02:48,091 - INFO - Connected to MQTT Broker!
2025-04-01 16:04:50,810 - INFO - Connected to MQTT Broker!
2025-04-01 16:06:53,722 - INFO - Connected to MQTT Broker!
2025-04-01 16:08:59,761 - INFO - Connected to MQTT Broker!
2025-04-01 16:11:05,683 - INFO - Connected to MQTT Broker!
2025-04-01 16:13:17,283 - INFO - Connected to MQTT Broker!
2025-04-01 16:15:22,607 - INFO - Connected to MQTT Broker!
2025-04-01 16:17:29,157 - INFO - Connected to MQTT Broker!
2025-04-01 16:19:36,526 - INFO - Connected to MQTT Broker!
2025-04-01 16:21:39,884 - INFO - Connected to MQTT Broker!
2025-04-01 16:23:44,879 - INFO - Connected to MQTT Broker!
2025-04-01 16:25:48,006 - INFO - Connected to MQTT Broker!
2025-04-01 16:27:53,887 - INFO - Connected to MQTT Broker!
2025-04-01 16:29:58,487 - INFO - Connected to MQTT Broker!
2025-04-01 16:32:03,666 - INFO - Connected to MQTT Broker!
2025-04-01 16:34:11,344 - INFO - Connected to MQTT Broker!
2025-04-01 16:36:16,890 - INFO - Connected to MQTT Broker!
2025-04-01 16:38:24,293 - INFO - Connected to MQTT Broker!
2025-04-01 16:40:30,594 - INFO - Connected to MQTT Broker!
2025-04-01 16:42:41,215 - INFO - Connected to MQTT Broker!
2025-04-01 16:44:46,456 - INFO - Connected to MQTT Broker!
2025-04-01 16:46:58,855 - INFO - Connected to MQTT Broker!
2025-04-01 16:49:01,899 - INFO - Connected to MQTT Broker!
2025-04-01 16:51:09,404 - INFO - Connected to MQTT Broker!
2025-04-01 16:53:12,379 - INFO - Connected to MQTT Broker!
2025-04-01 16:55:14,699 - INFO - Connected to MQTT Broker!
2025-04-01 16:57:41,836 - INFO - Connected to MQTT Broker!
2025-04-01 16:59:50,198 - INFO - Connected to MQTT Broker!
2025-04-01 17:01:56,479 - INFO - Connected to MQTT Broker!
2025-04-01 17:04:05,159 - INFO - Connected to MQTT Broker!
2025-04-01 17:06:10,215 - INFO - Connected to MQTT Broker!
2025-04-01 18:44:06,714 - INFO - Connected to MQTT Broker!
2025-04-01 18:46:14,767 - INFO - Connected to MQTT Broker!
2025-04-01 18:48:19,040 - INFO - Connected to MQTT Broker!
2025-04-01 18:50:26,506 - INFO - Connected to MQTT Broker!
2025-04-01 18:52:28,987 - INFO - Connected to MQTT Broker!
2025-04-01 18:54:35,239 - INFO - Connected to MQTT Broker!
2025-04-01 18:56:44,423 - INFO - Connected to MQTT Broker!
2025-04-01 18:58:51,381 - INFO - Connected to MQTT Broker!
2025-04-01 19:00:57,512 - INFO - Connected to MQTT Broker!
2025-04-01 19:03:02,526 - INFO - Connected to MQTT Broker!
2025-04-01 19:05:09,341 - INFO - Connected to MQTT Broker!
2025-04-01 19:07:14,407 - INFO - Connected to MQTT Broker!
2025-04-01 19:09:18,342 - INFO - Connected to MQTT Broker!
2025-04-01 19:11:21,150 - INFO - Connected to MQTT Broker!
2025-04-01 19:13:28,670 - INFO - Connected to MQTT Broker!
2025-04-01 19:15:32,281 - INFO - Connected to MQTT Broker!
2025-04-01 19:17:38,093 - INFO - Connected to MQTT Broker!
2025-04-01 19:19:45,493 - INFO - Connected to MQTT Broker!
2025-04-01 19:21:46,973 - INFO - Connected to MQTT Broker!
2025-04-01 19:23:51,280 - INFO - Connected to MQTT Broker!
2025-04-01 19:25:54,597 - INFO - Connected to MQTT Broker!
2025-04-01 19:27:57,827 - INFO - Connected to MQTT Broker!
2025-04-01 19:30:00,657 - INFO - Connected to MQTT Broker!
2025-04-01 19:32:03,764 - INFO - Connected to MQTT Broker!
2025-04-01 19:34:12,198 - INFO - Connected to MQTT Broker!
2025-04-01 19:36:17,114 - INFO - Connected to MQTT Broker!
2025-04-01 19:38:20,965 - INFO - Connected to MQTT Broker!
2025-04-01 19:40:27,488 - INFO - Connected to MQTT Broker!
2025-04-01 19:42:30,102 - INFO - Connected to MQTT Broker!
2025-04-01 19:44:33,373 - INFO - Connected to MQTT Broker!
2025-04-01 19:46:37,350 - INFO - Connected to MQTT Broker!
2025-04-01 19:48:39,984 - INFO - Connected to MQTT Broker!
2025-04-01 19:50:43,468 - INFO - Connected to MQTT Broker!
2025-04-01 19:52:46,673 - INFO - Connected to MQTT Broker!
2025-04-01 19:54:49,223 - INFO - Connected to MQTT Broker!
2025-04-01 19:56:53,273 - INFO - Connected to MQTT Broker!
2025-04-01 19:59:00,267 - INFO - Connected to MQTT Broker!
2025-04-01 20:01:03,079 - INFO - Connected to MQTT Broker!
2025-04-01 20:03:06,264 - INFO - Connected to MQTT Broker!
2025-04-01 20:05:13,401 - INFO - Connected to MQTT Broker!
2025-04-01 20:07:16,819 - INFO - Connected to MQTT Broker!
2025-04-01 20:09:21,860 - INFO - Connected to MQTT Broker!
2025-04-01 20:11:29,019 - INFO - Connected to MQTT Broker!
2025-04-01 20:13:33,700 - INFO - Connected to MQTT Broker!
2025-04-01 20:15:40,811 - INFO - Connected to MQTT Broker!
2025-04-01 20:17:47,797 - INFO - Connected to MQTT Broker!
2025-04-01 20:19:58,292 - INFO - Connected to MQTT Broker!
2025-04-01 20:22:06,569 - INFO - Connected to MQTT Broker!
2025-04-01 20:24:11,519 - INFO - Connected to MQTT Broker!
2025-04-01 20:26:18,097 - INFO - Connected to MQTT Broker!
2025-04-01 20:28:22,581 - INFO - Connected to MQTT Broker!
2025-04-01 20:30:29,071 - INFO - Connected to MQTT Broker!
2025-04-01 20:32:31,563 - INFO - Connected to MQTT Broker!
2025-04-01 20:34:36,833 - INFO - Connected to MQTT Broker!
2025-04-01 20:36:42,365 - INFO - Connected to MQTT Broker!
2025-04-01 20:38:49,475 - INFO - Connected to MQTT Broker!
2025-04-01 20:40:55,727 - INFO - Connected to MQTT Broker!
2025-04-01 20:42:58,818 - INFO - Connected to MQTT Broker!
2025-04-01 20:45:05,780 - INFO - Connected to MQTT Broker!
2025-04-01 20:47:07,883 - INFO - Connected to MQTT Broker!
2025-04-01 20:49:12,926 - INFO - Connected to MQTT Broker!
2025-04-01 20:51:14,480 - INFO - Connected to MQTT Broker!
2025-04-01 20:53:19,808 - INFO - Connected to MQTT Broker!
2025-04-01 20:55:27,041 - INFO - Connected to MQTT Broker!
2025-04-01 20:57:35,288 - INFO - Connected to MQTT Broker!
2025-04-01 20:59:40,594 - INFO - Connected to MQTT Broker!
2025-04-01 21:01:47,771 - INFO - Connected to MQTT Broker!
2025-04-01 21:03:57,457 - INFO - Connected to MQTT Broker!
2025-04-01 21:06:02,857 - INFO - Connected to MQTT Broker!
2025-04-01 21:08:06,848 - INFO - Connected to MQTT Broker!
2025-04-01 21:10:12,239 - INFO - Connected to MQTT Broker!
2025-04-01 21:12:16,184 - INFO - Connected to MQTT Broker!
2025-04-01 21:14:22,361 - INFO - Connected to MQTT Broker!
2025-04-01 21:16:27,790 - INFO - Connected to MQTT Broker!
2025-04-01 21:18:33,012 - INFO - Connected to MQTT Broker!
2025-04-01 21:20:40,963 - INFO - Connected to MQTT Broker!
2025-04-01 21:22:47,415 - INFO - Connected to MQTT Broker!
2025-04-01 21:24:52,936 - INFO - Connected to MQTT Broker!
2025-04-01 21:26:58,540 - INFO - Connected to MQTT Broker!
2025-04-01 21:29:02,023 - INFO - Connected to MQTT Broker!
2025-04-01 21:31:05,857 - INFO - Connected to MQTT Broker!
2025-04-01 21:33:13,195 - INFO - Connected to MQTT Broker!
2025-04-01 21:35:15,649 - INFO - Connected to MQTT Broker!
2025-04-01 21:37:21,379 - INFO - Connected to MQTT Broker!
2025-04-01 21:39:25,155 - INFO - Connected to MQTT Broker!
2025-04-01 21:41:30,909 - INFO - Connected to MQTT Broker!
2025-04-01 21:43:36,573 - INFO - Connected to MQTT Broker!
2025-04-01 21:45:40,174 - INFO - Connected to MQTT Broker!
2025-04-01 21:47:45,950 - INFO - Connected to MQTT Broker!
2025-04-01 21:49:48,544 - INFO - Connected to MQTT Broker!
2025-04-01 21:51:54,587 - INFO - Connected to MQTT Broker!
2025-04-01 21:54:00,273 - INFO - Connected to MQTT Broker!
2025-04-01 21:56:02,154 - INFO - Connected to MQTT Broker!
2025-04-01 21:58:04,340 - INFO - Connected to MQTT Broker!
2025-04-01 22:00:10,045 - INFO - Connected to MQTT Broker!
2025-04-02 23:22:05,811 - INFO - Connected to MQTT Broker!
2025-04-02 23:22:23,878 - ERROR - 2003: Can't connect to MySQL server on 'localhost:3306' (Errno 10061: No connection could be made because the target machine actively refused it)
2025-04-03 10:14:12,830 - INFO - package: mysql.connector.plugins
2025-04-03 10:14:12,830 - INFO - plugin_name: mysql_native_password
2025-04-03 10:14:12,839 - INFO - AUTHENTICATION_PLUGIN_CLASS: MySQLNativePasswordAuthPlugin
2025-04-03 10:14:12,853 - INFO - Database is connected
2025-04-03 10:14:23,402 - INFO - Connected to MQTT Broker!
2025-04-03 10:14:30,948 - ERROR - 2003: Can't connect to MySQL server on 'localhost:3306' (Errno 10061: No connection could be made because the target machine actively refused it)
2025-04-03 10:14:41,363 - INFO - Connected to MQTT Broker!
2025-04-03 10:14:43,585 - ERROR - 2003: Can't connect to MySQL server on 'localhost:3306' (Errno 10061: No connection could be made because the target machine actively refused it)
2025-04-03 10:14:54,002 - INFO - Connected to MQTT Broker!
2025-04-03 10:14:56,232 - ERROR - 2003: Can't connect to MySQL server on 'localhost:3306' (Errno 10061: No connection could be made because the target machine actively refused it)
2025-04-03 10:15:06,689 - INFO - Connected to MQTT Broker!
2025-04-03 10:15:08,938 - ERROR - 2003: Can't connect to MySQL server on 'localhost:3306' (Errno 10061: No connection could be made because the target machine actively refused it)
2025-04-03 10:15:19,333 - INFO - Connected to MQTT Broker!
2025-04-03 10:15:21,601 - ERROR - 2003: Can't connect to MySQL server on 'localhost:3306' (Errno 10061: No connection could be made because the target machine actively refused it)
2025-04-03 10:15:32,078 - INFO - Connected to MQTT Broker!
2025-04-03 10:15:36,844 - ERROR - 2055: Lost connection to MySQL server at 'localhost:3306', system error: Errno 10054: An existing connection was forcibly closed by the remote host
2025-04-03 10:15:47,278 - INFO - Connected to MQTT Broker!
2025-04-03 10:15:49,528 - ERROR - 2003: Can't connect to MySQL server on 'localhost:3306' (Errno 10061: No connection could be made because the target machine actively refused it)
2025-04-03 10:15:59,977 - INFO - Connected to MQTT Broker!
2025-04-03 10:18:04,498 - INFO - Connected to MQTT Broker!
2025-04-03 10:20:10,781 - INFO - Connected to MQTT Broker!
2025-04-03 10:22:18,005 - INFO - Connected to MQTT Broker!
2025-04-03 10:24:20,682 - INFO - Connected to MQTT Broker!
2025-04-03 10:26:26,248 - INFO - Connected to MQTT Broker!
2025-04-03 10:28:34,723 - INFO - Connected to MQTT Broker!
2025-04-03 10:30:39,639 - INFO - Connected to MQTT Broker!
2025-04-03 10:32:45,928 - INFO - Connected to MQTT Broker!
2025-04-03 10:34:50,221 - INFO - Connected to MQTT Broker!
2025-04-03 10:36:55,640 - INFO - Connected to MQTT Broker!
2025-04-03 10:39:01,918 - INFO - Connected to MQTT Broker!
2025-04-03 10:41:07,078 - INFO - Connected to MQTT Broker!
2025-04-03 10:43:10,967 - INFO - Connected to MQTT Broker!
2025-04-03 10:45:16,785 - INFO - Connected to MQTT Broker!
2025-04-03 10:47:23,615 - INFO - Connected to MQTT Broker!
2025-04-03 10:49:26,409 - INFO - Connected to MQTT Broker!
2025-04-03 10:51:32,295 - INFO - Connected to MQTT Broker!
2025-04-03 10:53:36,260 - INFO - Connected to MQTT Broker!
2025-04-03 10:55:42,822 - INFO - Connected to MQTT Broker!
2025-04-03 10:57:51,372 - INFO - Connected to MQTT Broker!
2025-04-03 10:59:55,218 - INFO - Connected to MQTT Broker!
2025-04-03 11:02:02,580 - INFO - Connected to MQTT Broker!
2025-04-03 11:04:06,609 - INFO - Connected to MQTT Broker!
2025-04-03 11:06:10,261 - INFO - Connected to MQTT Broker!
2025-04-03 11:08:17,222 - INFO - Connected to MQTT Broker!
2025-04-03 11:10:20,482 - INFO - Connected to MQTT Broker!
2025-04-03 11:12:27,844 - INFO - Connected to MQTT Broker!
2025-04-03 11:14:34,913 - INFO - Connected to MQTT Broker!
2025-04-03 11:16:40,675 - INFO - Connected to MQTT Broker!
2025-04-03 11:18:45,700 - INFO - Connected to MQTT Broker!
2025-04-03 11:20:46,755 - INFO - Connected to MQTT Broker!
2025-04-03 11:22:52,222 - INFO - Connected to MQTT Broker!
2025-04-03 11:24:56,344 - INFO - Connected to MQTT Broker!
2025-04-03 11:27:01,823 - INFO - Connected to MQTT Broker!
2025-04-03 11:29:05,759 - INFO - Connected to MQTT Broker!
2025-04-03 11:31:09,870 - INFO - Connected to MQTT Broker!
2025-04-03 11:33:15,561 - INFO - Connected to MQTT Broker!
2025-04-03 11:35:19,257 - INFO - Connected to MQTT Broker!
2025-04-03 11:37:24,703 - INFO - Connected to MQTT Broker!
2025-04-03 11:39:29,793 - INFO - Connected to MQTT Broker!
2025-04-03 11:41:33,486 - INFO - Connected to MQTT Broker!
2025-04-03 11:43:39,371 - INFO - Connected to MQTT Broker!
2025-04-03 11:45:44,840 - INFO - Connected to MQTT Broker!
2025-04-03 11:47:48,473 - INFO - Connected to MQTT Broker!
2025-04-03 11:49:54,592 - INFO - Connected to MQTT Broker!
2025-04-03 11:52:01,786 - INFO - Connected to MQTT Broker!
2025-04-03 11:54:05,209 - INFO - Connected to MQTT Broker!
2025-04-03 11:56:16,811 - INFO - Connected to MQTT Broker!
2025-04-03 11:56:28,311 - ERROR - Database Connection Faild
2025-04-03 11:57:40,762 - INFO - package: mysql.connector.plugins
2025-04-03 11:57:40,762 - INFO - plugin_name: mysql_native_password
2025-04-03 11:57:40,768 - INFO - AUTHENTICATION_PLUGIN_CLASS: MySQLNativePasswordAuthPlugin
2025-04-03 11:57:40,768 - INFO - Database is connected
2025-04-03 11:57:51,205 - INFO - Connected to MQTT Broker!
2025-04-03 11:59:54,419 - INFO - Connected to MQTT Broker!
2025-04-03 12:01:58,787 - INFO - Connected to MQTT Broker!
2025-04-03 12:04:03,713 - INFO - Connected to MQTT Broker!
2025-04-03 12:06:08,436 - INFO - Connected to MQTT Broker!
2025-04-03 12:08:13,724 - INFO - Connected to MQTT Broker!
2025-04-03 12:10:18,609 - INFO - Connected to MQTT Broker!
2025-04-03 12:12:22,946 - INFO - Connected to MQTT Broker!
2025-04-03 12:14:27,450 - INFO - Connected to MQTT Broker!
2025-04-03 12:16:32,112 - INFO - Connected to MQTT Broker!
2025-04-03 12:18:37,333 - INFO - Connected to MQTT Broker!
2025-04-03 12:20:41,883 - INFO - Connected to MQTT Broker!
2025-04-03 12:22:46,650 - INFO - Connected to MQTT Broker!
2025-04-03 12:24:50,814 - INFO - Connected to MQTT Broker!
2025-04-03 12:26:55,960 - INFO - Connected to MQTT Broker!
2025-04-03 12:29:01,027 - INFO - Connected to MQTT Broker!
2025-04-03 12:31:05,643 - INFO - Connected to MQTT Broker!
2025-04-03 12:33:10,242 - INFO - Connected to MQTT Broker!
2025-04-03 12:35:15,261 - INFO - Connected to MQTT Broker!
2025-04-03 12:37:18,945 - INFO - Connected to MQTT Broker!
2025-04-03 12:39:24,143 - INFO - Connected to MQTT Broker!
2025-04-03 12:41:28,661 - INFO - Connected to MQTT Broker!
2025-04-03 12:43:33,391 - INFO - Connected to MQTT Broker!
2025-04-03 12:45:38,070 - INFO - Connected to MQTT Broker!
2025-04-03 12:47:42,741 - INFO - Connected to MQTT Broker!
2025-04-03 12:49:47,509 - INFO - Connected to MQTT Broker!
2025-04-03 12:51:52,133 - INFO - Connected to MQTT Broker!
2025-04-03 12:53:56,951 - INFO - Connected to MQTT Broker!
2025-04-03 12:56:02,013 - INFO - Connected to MQTT Broker!
2025-04-03 12:58:05,291 - INFO - Connected to MQTT Broker!
2025-04-03 13:00:09,547 - INFO - Connected to MQTT Broker!
2025-04-03 13:02:13,692 - INFO - Connected to MQTT Broker!
2025-04-03 13:04:17,652 - INFO - Connected to MQTT Broker!
2025-04-03 13:06:21,547 - INFO - Connected to MQTT Broker!
2025-04-03 13:08:24,772 - INFO - Connected to MQTT Broker!
2025-04-03 13:10:29,354 - INFO - Connected to MQTT Broker!
2025-04-03 13:12:34,006 - INFO - Connected to MQTT Broker!
2025-04-03 13:14:37,492 - INFO - Connected to MQTT Broker!
2025-04-03 13:16:42,141 - INFO - Connected to MQTT Broker!
2025-04-03 13:18:47,179 - INFO - Connected to MQTT Broker!
2025-04-03 13:20:52,938 - INFO - Connected to MQTT Broker!
2025-04-03 13:22:58,638 - INFO - Connected to MQTT Broker!
2025-04-03 13:25:04,367 - INFO - Connected to MQTT Broker!
2025-04-03 13:27:09,695 - INFO - Connected to MQTT Broker!
2025-04-03 13:29:14,721 - INFO - Connected to MQTT Broker!
2025-04-03 13:31:22,481 - INFO - Connected to MQTT Broker!
2025-04-03 13:33:23,958 - INFO - Connected to MQTT Broker!
2025-04-03 13:35:32,512 - INFO - Connected to MQTT Broker!
2025-04-03 13:37:40,861 - INFO - Connected to MQTT Broker!
2025-04-03 13:39:44,841 - INFO - Connected to MQTT Broker!
2025-04-03 13:41:49,979 - INFO - Connected to MQTT Broker!
2025-04-03 13:43:54,841 - INFO - Connected to MQTT Broker!
2025-04-03 13:45:59,611 - INFO - Connected to MQTT Broker!
2025-04-03 13:48:04,688 - INFO - Connected to MQTT Broker!
2025-04-03 13:50:09,098 - INFO - Connected to MQTT Broker!
2025-04-03 13:52:12,940 - INFO - Connected to MQTT Broker!
2025-04-03 13:54:18,025 - INFO - Connected to MQTT Broker!
2025-04-03 13:56:22,865 - INFO - Connected to MQTT Broker!
2025-04-03 13:58:27,951 - INFO - Connected to MQTT Broker!
2025-04-03 14:00:32,896 - INFO - Connected to MQTT Broker!
2025-04-03 14:02:37,967 - INFO - Connected to MQTT Broker!
2025-04-03 14:04:42,770 - INFO - Connected to MQTT Broker!
2025-04-03 14:06:47,518 - INFO - Connected to MQTT Broker!
2025-04-03 14:08:52,370 - INFO - Connected to MQTT Broker!
2025-04-03 14:10:57,635 - INFO - Connected to MQTT Broker!
2025-04-03 14:13:02,120 - INFO - Connected to MQTT Broker!
2025-04-03 14:15:06,753 - INFO - Connected to MQTT Broker!
2025-04-03 14:17:10,304 - INFO - Connected to MQTT Broker!
2025-04-03 14:19:14,297 - INFO - Connected to MQTT Broker!
2025-04-03 14:21:19,083 - INFO - Connected to MQTT Broker!
2025-04-03 14:23:23,830 - INFO - Connected to MQTT Broker!
2025-04-03 14:25:28,334 - INFO - Connected to MQTT Broker!
2025-04-03 14:27:32,367 - INFO - Connected to MQTT Broker!
2025-04-03 14:29:37,326 - INFO - Connected to MQTT Broker!
2025-04-03 14:31:42,307 - INFO - Connected to MQTT Broker!
2025-04-03 14:33:47,277 - INFO - Connected to MQTT Broker!
2025-04-03 14:35:51,392 - INFO - Connected to MQTT Broker!
2025-04-03 14:37:55,419 - INFO - Connected to MQTT Broker!
2025-04-03 14:39:59,778 - INFO - Connected to MQTT Broker!
2025-04-03 14:42:02,800 - INFO - Connected to MQTT Broker!
2025-04-03 14:44:07,176 - INFO - Connected to MQTT Broker!
2025-04-03 14:46:11,488 - INFO - Connected to MQTT Broker!
2025-04-03 14:48:15,734 - INFO - Connected to MQTT Broker!
2025-04-03 14:50:18,609 - INFO - Connected to MQTT Broker!
2025-04-03 14:52:22,864 - INFO - Connected to MQTT Broker!
2025-04-03 14:54:27,606 - INFO - Connected to MQTT Broker!
2025-04-03 14:56:31,881 - INFO - Connected to MQTT Broker!
2025-04-03 14:58:35,406 - INFO - Connected to MQTT Broker!
2025-04-03 15:00:39,982 - INFO - Connected to MQTT Broker!
2025-04-03 15:02:44,640 - INFO - Connected to MQTT Broker!
2025-04-03 15:04:49,568 - INFO - Connected to MQTT Broker!
2025-04-03 15:06:54,499 - INFO - Connected to MQTT Broker!
2025-04-03 15:08:59,000 - INFO - Connected to MQTT Broker!
2025-04-03 15:11:04,139 - INFO - Connected to MQTT Broker!
2025-04-03 15:13:08,618 - INFO - Connected to MQTT Broker!
2025-04-03 15:15:13,577 - INFO - Connected to MQTT Broker!
2025-04-03 15:17:18,383 - INFO - Connected to MQTT Broker!
2025-04-03 15:19:23,429 - INFO - Connected to MQTT Broker!
2025-04-03 15:21:28,143 - INFO - Connected to MQTT Broker!
2025-04-03 15:23:32,929 - INFO - Connected to MQTT Broker!
2025-04-03 15:25:36,311 - INFO - Connected to MQTT Broker!
2025-04-03 15:27:40,426 - INFO - Connected to MQTT Broker!
2025-04-03 15:29:44,923 - INFO - Connected to MQTT Broker!
2025-04-03 18:23:01,232 - INFO - Connected to MQTT Broker!
2025-04-03 18:25:04,986 - INFO - Connected to MQTT Broker!
2025-04-03 18:25:38,312 - ERROR - Database Connection Faild
2025-04-03 19:02:24,808 - INFO - package: mysql.connector.plugins
2025-04-03 19:02:24,809 - INFO - plugin_name: mysql_native_password
2025-04-03 19:02:24,809 - INFO - AUTHENTICATION_PLUGIN_CLASS: MySQLNativePasswordAuthPlugin
2025-04-03 19:02:24,811 - INFO - Database is connected
2025-04-03 19:02:35,522 - INFO - Connected to MQTT Broker!
2025-04-03 19:04:39,503 - INFO - Connected to MQTT Broker!
2025-04-03 19:06:43,702 - INFO - Connected to MQTT Broker!
2025-04-03 19:08:46,546 - INFO - Connected to MQTT Broker!
2025-04-03 19:10:48,661 - INFO - Connected to MQTT Broker!
2025-04-03 19:12:56,480 - INFO - Connected to MQTT Broker!
2025-04-03 19:15:00,450 - INFO - Connected to MQTT Broker!
2025-04-03 19:17:04,421 - INFO - Connected to MQTT Broker!
2025-04-03 19:19:08,732 - INFO - Connected to MQTT Broker!
2025-04-03 19:21:11,544 - INFO - Connected to MQTT Broker!
2025-04-03 19:23:15,257 - INFO - Connected to MQTT Broker!
2025-04-03 19:25:19,518 - INFO - Connected to MQTT Broker!
2025-04-03 19:27:22,939 - INFO - Connected to MQTT Broker!
2025-04-03 19:29:27,451 - INFO - Connected to MQTT Broker!
2025-04-03 19:31:31,382 - INFO - Connected to MQTT Broker!
2025-04-03 19:33:35,497 - INFO - Connected to MQTT Broker!
2025-04-03 19:35:41,040 - INFO - Connected to MQTT Broker!
2025-04-03 19:37:45,874 - INFO - Connected to MQTT Broker!
2025-04-03 19:39:50,264 - INFO - Connected to MQTT Broker!
2025-04-03 19:41:54,402 - INFO - Connected to MQTT Broker!
2025-04-03 19:43:58,808 - INFO - Connected to MQTT Broker!
2025-04-03 19:46:02,448 - INFO - Connected to MQTT Broker!
2025-04-03 19:48:07,277 - INFO - Connected to MQTT Broker!
2025-04-03 19:50:12,228 - INFO - Connected to MQTT Broker!
2025-04-03 19:52:15,720 - INFO - Connected to MQTT Broker!
2025-04-03 19:54:20,242 - INFO - Connected to MQTT Broker!
2025-04-03 19:56:24,441 - INFO - Connected to MQTT Broker!
2025-04-03 19:58:28,778 - INFO - Connected to MQTT Broker!
2025-04-03 20:00:32,202 - INFO - Connected to MQTT Broker!
2025-04-03 20:02:36,288 - INFO - Connected to MQTT Broker!
2025-04-03 20:04:40,820 - INFO - Connected to MQTT Broker!
2025-04-03 20:06:45,672 - INFO - Connected to MQTT Broker!
2025-04-03 20:08:51,186 - INFO - Connected to MQTT Broker!
2025-04-03 20:10:56,367 - INFO - Connected to MQTT Broker!
2025-04-03 20:13:01,044 - INFO - Connected to MQTT Broker!
2025-04-03 20:15:05,030 - INFO - Connected to MQTT Broker!
2025-04-03 20:17:09,664 - INFO - Connected to MQTT Broker!
2025-04-03 20:19:13,605 - INFO - Connected to MQTT Broker!
2025-04-03 20:21:18,063 - INFO - Connected to MQTT Broker!
2025-04-03 20:23:21,117 - INFO - Connected to MQTT Broker!
2025-04-03 20:25:24,369 - INFO - Connected to MQTT Broker!
2025-04-03 20:27:29,379 - INFO - Connected to MQTT Broker!
2025-04-03 20:29:33,813 - INFO - Connected to MQTT Broker!
2025-04-03 20:31:37,098 - INFO - Connected to MQTT Broker!
2025-04-03 20:33:41,429 - INFO - Connected to MQTT Broker!
2025-04-03 20:35:45,773 - INFO - Connected to MQTT Broker!
2025-04-03 20:37:49,848 - INFO - Connected to MQTT Broker!
2025-04-03 20:39:53,742 - INFO - Connected to MQTT Broker!
2025-04-03 20:41:58,698 - INFO - Connected to MQTT Broker!
2025-04-03 20:44:02,945 - INFO - Connected to MQTT Broker!
2025-04-03 20:46:07,700 - INFO - Connected to MQTT Broker!
2025-04-03 20:48:12,852 - INFO - Connected to MQTT Broker!
2025-04-03 20:50:18,040 - INFO - Connected to MQTT Broker!
2025-04-03 20:52:22,947 - INFO - Connected to MQTT Broker!
2025-04-03 20:54:26,110 - INFO - Connected to MQTT Broker!
2025-04-03 20:56:30,319 - INFO - Connected to MQTT Broker!
2025-04-03 20:58:34,488 - INFO - Connected to MQTT Broker!
2025-04-03 21:00:38,502 - INFO - Connected to MQTT Broker!
2025-04-03 21:02:42,029 - INFO - Connected to MQTT Broker!
2025-04-03 21:04:45,432 - INFO - Connected to MQTT Broker!
2025-04-03 21:06:49,676 - INFO - Connected to MQTT Broker!
2025-04-03 21:08:53,836 - INFO - Connected to MQTT Broker!
2025-04-03 21:10:58,473 - INFO - Connected to MQTT Broker!
2025-04-03 21:13:03,545 - INFO - Connected to MQTT Broker!
2025-04-03 21:15:07,897 - INFO - Connected to MQTT Broker!
2025-04-03 21:17:12,037 - INFO - Connected to MQTT Broker!
2025-04-03 21:19:15,740 - INFO - Connected to MQTT Broker!
2025-04-03 21:21:20,128 - INFO - Connected to MQTT Broker!
2025-04-03 21:23:25,207 - INFO - Connected to MQTT Broker!
2025-04-03 21:25:29,330 - INFO - Connected to MQTT Broker!
2025-04-03 21:27:33,721 - INFO - Connected to MQTT Broker!
2025-04-03 21:29:37,918 - INFO - Connected to MQTT Broker!
2025-04-03 21:31:42,313 - INFO - Connected to MQTT Broker!
2025-04-03 21:33:47,977 - INFO - Connected to MQTT Broker!
2025-04-03 21:35:52,347 - INFO - Connected to MQTT Broker!
2025-04-03 21:37:56,316 - INFO - Connected to MQTT Broker!
2025-04-03 21:40:00,342 - INFO - Connected to MQTT Broker!
2025-04-03 21:42:04,628 - INFO - Connected to MQTT Broker!
2025-04-03 21:44:09,182 - INFO - Connected to MQTT Broker!
2025-04-03 21:46:13,929 - INFO - Connected to MQTT Broker!
2025-04-03 21:48:18,484 - INFO - Connected to MQTT Broker!
2025-04-03 21:50:23,269 - INFO - Connected to MQTT Broker!
2025-04-03 21:52:27,980 - INFO - Connected to MQTT Broker!
2025-04-03 21:54:32,862 - INFO - Connected to MQTT Broker!
2025-04-03 21:56:37,400 - INFO - Connected to MQTT Broker!
2025-04-03 21:58:42,086 - INFO - Connected to MQTT Broker!
2025-04-03 22:00:46,953 - INFO - Connected to MQTT Broker!
2025-04-03 22:02:51,754 - INFO - Connected to MQTT Broker!
2025-04-03 22:04:56,996 - INFO - Connected to MQTT Broker!
2025-04-03 22:07:01,707 - INFO - Connected to MQTT Broker!
2025-04-03 22:09:05,651 - INFO - Connected to MQTT Broker!
2025-04-03 22:11:10,267 - INFO - Connected to MQTT Broker!
2025-04-03 22:13:14,707 - INFO - Connected to MQTT Broker!
2025-04-03 22:15:19,869 - INFO - Connected to MQTT Broker!
2025-04-03 22:17:23,579 - INFO - Connected to MQTT Broker!
2025-04-03 22:19:28,210 - INFO - Connected to MQTT Broker!
2025-04-03 22:21:33,001 - INFO - Connected to MQTT Broker!
2025-04-03 22:23:37,481 - INFO - Connected to MQTT Broker!
2025-04-03 22:25:42,496 - INFO - Connected to MQTT Broker!
2025-04-03 22:27:47,153 - INFO - Connected to MQTT Broker!
2025-04-03 22:29:51,640 - INFO - Connected to MQTT Broker!
2025-04-03 22:31:56,600 - INFO - Connected to MQTT Broker!
2025-04-03 22:34:01,476 - INFO - Connected to MQTT Broker!
2025-04-03 22:36:06,715 - INFO - Connected to MQTT Broker!
2025-04-03 22:38:11,687 - INFO - Connected to MQTT Broker!
2025-04-03 22:40:16,478 - INFO - Connected to MQTT Broker!
2025-04-03 23:05:24,668 - INFO - Connected to MQTT Broker!
2025-04-03 23:07:28,048 - INFO - Connected to MQTT Broker!
2025-04-03 23:09:32,267 - INFO - Connected to MQTT Broker!
2025-04-03 23:11:36,373 - INFO - Connected to MQTT Broker!
2025-04-03 23:13:41,059 - INFO - Connected to MQTT Broker!
2025-04-03 23:15:44,031 - INFO - Connected to MQTT Broker!
2025-04-04 08:11:03,380 - INFO - Connected to MQTT Broker!
2025-04-04 08:13:06,911 - INFO - Connected to MQTT Broker!
2025-04-04 08:15:11,287 - INFO - Connected to MQTT Broker!
2025-04-04 08:17:15,602 - INFO - Connected to MQTT Broker!
2025-04-04 08:19:20,484 - INFO - Connected to MQTT Broker!
2025-04-04 08:21:24,031 - INFO - Connected to MQTT Broker!
2025-04-04 08:23:27,016 - INFO - Connected to MQTT Broker!
2025-04-04 08:25:31,085 - INFO - Connected to MQTT Broker!
2025-04-04 08:27:35,553 - INFO - Connected to MQTT Broker!
2025-04-04 08:29:38,351 - INFO - Connected to MQTT Broker!
2025-04-04 08:31:42,602 - INFO - Connected to MQTT Broker!
2025-04-04 08:33:47,160 - INFO - Connected to MQTT Broker!
2025-04-04 08:35:50,686 - INFO - Connected to MQTT Broker!
2025-04-04 08:37:54,740 - INFO - Connected to MQTT Broker!
2025-04-04 08:39:58,617 - INFO - Connected to MQTT Broker!
2025-04-04 08:42:03,313 - INFO - Connected to MQTT Broker!
2025-04-04 09:27:06,371 - INFO - Connected to MQTT Broker!
2025-04-04 09:29:09,987 - INFO - Connected to MQTT Broker!
2025-04-04 09:31:14,809 - INFO - Connected to MQTT Broker!
2025-04-04 09:33:18,899 - INFO - Connected to MQTT Broker!
2025-04-04 09:35:21,906 - INFO - Connected to MQTT Broker!
2025-04-04 09:37:26,180 - INFO - Connected to MQTT Broker!
2025-04-04 09:39:29,587 - INFO - Connected to MQTT Broker!
2025-04-04 09:41:34,392 - INFO - Connected to MQTT Broker!
2025-04-04 09:43:38,203 - INFO - Connected to MQTT Broker!
2025-04-04 09:45:43,454 - INFO - Connected to MQTT Broker!
2025-04-04 09:47:48,751 - INFO - Connected to MQTT Broker!
2025-04-04 09:49:53,977 - INFO - Connected to MQTT Broker!
2025-04-04 09:51:58,875 - INFO - Connected to MQTT Broker!
2025-04-04 09:54:03,767 - INFO - Connected to MQTT Broker!
2025-04-04 09:56:09,518 - INFO - Connected to MQTT Broker!
2025-04-04 09:58:14,453 - INFO - Connected to MQTT Broker!
2025-04-04 10:00:19,570 - INFO - Connected to MQTT Broker!
2025-04-04 10:02:24,580 - INFO - Connected to MQTT Broker!
2025-04-04 10:04:28,595 - INFO - Connected to MQTT Broker!
2025-04-04 10:06:33,503 - INFO - Connected to MQTT Broker!
2025-04-04 10:08:38,525 - INFO - Connected to MQTT Broker!
2025-04-04 10:10:43,412 - INFO - Connected to MQTT Broker!
2025-04-04 10:12:48,466 - INFO - Connected to MQTT Broker!
2025-04-04 10:14:53,416 - INFO - Connected to MQTT Broker!
2025-04-04 10:16:58,401 - INFO - Connected to MQTT Broker!
2025-04-04 10:19:03,172 - INFO - Connected to MQTT Broker!
2025-04-04 10:21:08,274 - INFO - Connected to MQTT Broker!
2025-04-04 10:23:13,729 - INFO - Connected to MQTT Broker!
2025-04-04 10:25:18,766 - INFO - Connected to MQTT Broker!
2025-04-04 10:27:23,595 - INFO - Connected to MQTT Broker!
2025-04-04 10:29:27,389 - INFO - Connected to MQTT Broker!
2025-04-04 10:31:32,750 - INFO - Connected to MQTT Broker!
2025-04-04 10:33:38,057 - INFO - Connected to MQTT Broker!
2025-04-04 10:35:42,927 - INFO - Connected to MQTT Broker!
2025-04-04 10:37:46,783 - INFO - Connected to MQTT Broker!
2025-04-04 10:39:51,405 - INFO - Connected to MQTT Broker!
2025-04-04 10:41:55,750 - INFO - Connected to MQTT Broker!
2025-04-04 10:44:00,391 - INFO - Connected to MQTT Broker!
2025-04-04 10:46:04,908 - INFO - Connected to MQTT Broker!
2025-04-04 10:48:09,631 - INFO - Connected to MQTT Broker!
2025-04-04 10:50:15,969 - INFO - Connected to MQTT Broker!
2025-04-04 10:52:19,568 - INFO - Connected to MQTT Broker!
2025-04-04 10:54:24,013 - INFO - Connected to MQTT Broker!
2025-04-04 10:56:28,547 - INFO - Connected to MQTT Broker!
2025-04-04 10:58:33,216 - INFO - Connected to MQTT Broker!
2025-04-04 11:00:38,389 - INFO - Connected to MQTT Broker!
2025-04-04 11:02:42,943 - INFO - Connected to MQTT Broker!
2025-04-04 11:04:47,642 - INFO - Connected to MQTT Broker!
2025-04-04 11:06:52,305 - INFO - Connected to MQTT Broker!
2025-04-04 11:08:56,844 - INFO - Connected to MQTT Broker!
2025-04-04 11:11:02,336 - INFO - Connected to MQTT Broker!
2025-04-04 11:13:07,227 - INFO - Connected to MQTT Broker!
2025-04-04 11:15:11,581 - INFO - Connected to MQTT Broker!
2025-04-04 11:17:16,021 - INFO - Connected to MQTT Broker!
2025-04-04 11:19:20,188 - INFO - Connected to MQTT Broker!
2025-04-04 11:21:24,790 - INFO - Connected to MQTT Broker!
2025-04-04 11:23:29,265 - INFO - Connected to MQTT Broker!
2025-04-04 11:25:33,928 - INFO - Connected to MQTT Broker!
2025-04-04 11:27:37,148 - INFO - Connected to MQTT Broker!
2025-04-04 11:29:41,597 - INFO - Connected to MQTT Broker!
2025-04-04 11:31:46,353 - INFO - Connected to MQTT Broker!
2025-04-04 11:33:51,308 - INFO - Connected to MQTT Broker!
2025-04-04 11:35:55,466 - INFO - Connected to MQTT Broker!
2025-04-04 11:38:00,324 - INFO - Connected to MQTT Broker!
2025-04-04 11:40:05,541 - INFO - Connected to MQTT Broker!
2025-04-04 11:42:10,523 - INFO - Connected to MQTT Broker!
2025-04-04 11:44:15,698 - INFO - Connected to MQTT Broker!
2025-04-04 11:46:20,978 - INFO - Connected to MQTT Broker!
2025-04-04 11:48:26,069 - INFO - Connected to MQTT Broker!
2025-04-04 11:50:30,949 - INFO - Connected to MQTT Broker!
2025-04-04 11:52:35,557 - INFO - Connected to MQTT Broker!
2025-04-04 11:54:40,507 - INFO - Connected to MQTT Broker!
2025-04-04 11:56:45,526 - INFO - Connected to MQTT Broker!
2025-04-04 11:58:50,559 - INFO - Connected to MQTT Broker!
2025-04-04 12:00:55,489 - INFO - Connected to MQTT Broker!
2025-04-04 12:03:00,503 - INFO - Connected to MQTT Broker!
2025-04-04 12:05:05,504 - INFO - Connected to MQTT Broker!
2025-04-04 12:07:10,603 - INFO - Connected to MQTT Broker!
2025-04-04 12:09:14,512 - INFO - Connected to MQTT Broker!
2025-04-04 12:11:19,172 - INFO - Connected to MQTT Broker!
2025-04-04 12:13:24,744 - INFO - Connected to MQTT Broker!
2025-04-04 12:15:28,624 - INFO - Connected to MQTT Broker!
2025-04-04 12:17:32,575 - INFO - Connected to MQTT Broker!
2025-04-04 12:19:37,472 - INFO - Connected to MQTT Broker!
2025-04-04 12:21:42,371 - INFO - Connected to MQTT Broker!
2025-04-04 12:23:46,035 - INFO - Connected to MQTT Broker!
2025-04-04 12:25:50,932 - INFO - Connected to MQTT Broker!
2025-04-04 12:27:55,587 - INFO - Connected to MQTT Broker!
2025-04-04 12:30:00,406 - INFO - Connected to MQTT Broker!
2025-04-04 12:32:05,176 - INFO - Connected to MQTT Broker!
2025-04-04 12:34:09,974 - INFO - Connected to MQTT Broker!
2025-04-04 12:36:13,741 - INFO - Connected to MQTT Broker!
2025-04-04 12:38:17,204 - INFO - Connected to MQTT Broker!
2025-04-04 12:40:22,133 - INFO - Connected to MQTT Broker!
2025-04-04 12:42:27,252 - INFO - Connected to MQTT Broker!
2025-04-04 12:44:33,565 - INFO - Connected to MQTT Broker!
2025-04-04 12:45:41,293 - INFO - Connected to MQTT Broker!
2025-04-04 12:46:49,402 - INFO - Connected to MQTT Broker!
2025-04-04 12:48:52,682 - INFO - Connected to MQTT Broker!
2025-04-04 12:50:57,848 - INFO - Connected to MQTT Broker!
2025-04-04 12:52:05,857 - INFO - Connected to MQTT Broker!
2025-04-04 12:53:13,682 - INFO - Connected to MQTT Broker!
2025-04-04 12:55:16,993 - INFO - Connected to MQTT Broker!
2025-04-04 12:57:22,232 - INFO - Connected to MQTT Broker!
2025-04-04 12:58:30,148 - INFO - Connected to MQTT Broker!
2025-04-04 12:59:38,133 - INFO - Connected to MQTT Broker!
2025-04-04 13:01:40,941 - INFO - Connected to MQTT Broker!
2025-04-04 13:03:46,101 - INFO - Connected to MQTT Broker!
2025-04-04 13:05:51,291 - INFO - Connected to MQTT Broker!
2025-04-04 13:07:56,547 - INFO - Connected to MQTT Broker!
2025-04-04 13:09:03,307 - INFO - Connected to MQTT Broker!
2025-04-04 13:10:11,345 - INFO - Connected to MQTT Broker!
2025-04-04 13:12:14,357 - INFO - Connected to MQTT Broker!
2025-04-04 13:14:19,395 - INFO - Connected to MQTT Broker!
2025-04-04 13:15:26,249 - INFO - Connected to MQTT Broker!
2025-04-04 13:16:34,319 - INFO - Connected to MQTT Broker!
2025-04-04 13:18:37,461 - INFO - Connected to MQTT Broker!
2025-04-04 13:20:42,512 - INFO - Connected to MQTT Broker!
2025-04-04 13:22:47,607 - INFO - Connected to MQTT Broker!
2025-04-04 13:24:57,079 - INFO - Connected to MQTT Broker!
2025-04-04 13:27:02,428 - INFO - Connected to MQTT Broker!
2025-04-04 13:29:06,945 - INFO - Connected to MQTT Broker!
2025-04-04 13:31:11,972 - INFO - Connected to MQTT Broker!
2025-04-04 13:33:17,328 - INFO - Connected to MQTT Broker!
2025-04-04 13:35:22,336 - INFO - Connected to MQTT Broker!
2025-04-04 13:37:27,587 - INFO - Connected to MQTT Broker!
2025-04-04 13:39:32,288 - INFO - Connected to MQTT Broker!
2025-04-04 13:40:40,133 - INFO - Connected to MQTT Broker!
2025-04-04 13:41:48,139 - INFO - Connected to MQTT Broker!
2025-04-04 13:43:51,326 - INFO - Connected to MQTT Broker!
2025-04-04 13:45:56,610 - INFO - Connected to MQTT Broker!
2025-04-04 13:48:02,268 - INFO - Connected to MQTT Broker!
2025-04-04 13:50:06,403 - INFO - Connected to MQTT Broker!
2025-04-04 13:52:11,609 - INFO - Connected to MQTT Broker!
2025-04-04 13:54:16,900 - INFO - Connected to MQTT Broker!
2025-04-04 13:56:21,946 - INFO - Connected to MQTT Broker!
2025-04-04 13:58:27,151 - INFO - Connected to MQTT Broker!
2025-04-04 14:00:32,046 - INFO - Connected to MQTT Broker!
2025-04-04 14:02:37,007 - INFO - Connected to MQTT Broker!
2025-04-04 14:02:38,606 - INFO - Connected to MQTT Broker!
2025-04-04 14:04:44,067 - INFO - Connected to MQTT Broker!
2025-04-04 14:06:49,147 - INFO - Connected to MQTT Broker!
2025-04-04 14:08:55,499 - INFO - Connected to MQTT Broker!
2025-04-04 14:11:00,293 - INFO - Connected to MQTT Broker!
2025-04-04 14:12:08,190 - INFO - Connected to MQTT Broker!
2025-04-04 14:13:16,011 - INFO - Connected to MQTT Broker!
2025-04-04 14:15:18,959 - INFO - Connected to MQTT Broker!
2025-04-04 14:17:23,971 - INFO - Connected to MQTT Broker!
2025-04-04 15:34:40,857 - INFO - Connected to MQTT Broker!
2025-04-04 15:35:46,821 - INFO - Connected to MQTT Broker!
2025-04-04 15:37:53,833 - INFO - Connected to MQTT Broker!
2025-04-04 15:39:56,512 - INFO - Connected to MQTT Broker!
2025-04-04 15:42:01,402 - INFO - Connected to MQTT Broker!
2025-04-04 15:44:06,385 - INFO - Connected to MQTT Broker!
2025-04-04 15:46:11,969 - INFO - Connected to MQTT Broker!
2025-04-04 15:48:16,905 - INFO - Connected to MQTT Broker!
2025-04-04 15:50:22,226 - INFO - Connected to MQTT Broker!
2025-04-04 15:52:27,446 - INFO - Connected to MQTT Broker!
2025-04-04 15:54:32,313 - INFO - Connected to MQTT Broker!
2025-04-04 16:07:01,451 - INFO - Connected to MQTT Broker!
2025-04-04 16:09:07,157 - INFO - Connected to MQTT Broker!
2025-04-04 16:11:12,143 - INFO - Connected to MQTT Broker!
2025-04-04 16:13:17,088 - INFO - Connected to MQTT Broker!
2025-04-04 16:15:22,081 - INFO - Connected to MQTT Broker!
2025-04-04 16:17:27,213 - INFO - Connected to MQTT Broker!
2025-04-04 16:18:32,450 - INFO - package: mysql.connector.plugins
2025-04-04 16:18:32,450 - INFO - plugin_name: mysql_native_password
2025-04-04 16:18:32,457 - INFO - AUTHENTICATION_PLUGIN_CLASS: MySQLNativePasswordAuthPlugin
2025-04-04 16:18:32,459 - INFO - Database is connected
2025-04-04 16:18:42,830 - INFO - Connected to MQTT Broker!
2025-04-04 16:19:31,411 - INFO - Connected to MQTT Broker!
2025-04-04 16:20:49,237 - INFO - Connected to MQTT Broker!
2025-04-04 17:06:27,389 - INFO - package: mysql.connector.plugins
2025-04-04 17:06:27,389 - INFO - plugin_name: mysql_native_password
2025-04-04 17:06:27,389 - INFO - AUTHENTICATION_PLUGIN_CLASS: MySQLNativePasswordAuthPlugin
2025-04-04 17:06:27,390 - INFO - Database is connected
2025-04-04 17:06:37,799 - INFO - Connected to MQTT Broker!
2025-04-04 17:06:50,334 - ERROR - Database Connection Faild
2025-04-04 17:07:05,340 - INFO - Database is connected
2025-04-04 17:43:11,349 - INFO - package: mysql.connector.plugins
2025-04-04 17:43:11,349 - INFO - plugin_name: mysql_native_password
2025-04-04 17:43:11,351 - INFO - AUTHENTICATION_PLUGIN_CLASS: MySQLNativePasswordAuthPlugin
2025-04-04 17:43:11,352 - INFO - Database is connected
2025-04-04 17:43:21,807 - INFO - Connected to MQTT Broker!
2025-04-04 17:45:26,923 - INFO - Connected to MQTT Broker!
2025-04-04 17:47:31,607 - INFO - Connected to MQTT Broker!
2025-04-04 17:49:34,614 - INFO - Connected to MQTT Broker!
2025-04-04 17:51:37,990 - INFO - Connected to MQTT Broker!
2025-04-04 17:53:42,215 - INFO - Connected to MQTT Broker!
2025-04-04 17:55:46,593 - INFO - Connected to MQTT Broker!
2025-04-04 17:57:50,922 - INFO - Connected to MQTT Broker!
2025-04-04 17:59:55,768 - INFO - Connected to MQTT Broker!
2025-04-04 18:02:00,611 - INFO - Connected to MQTT Broker!
2025-04-04 18:04:05,209 - INFO - Connected to MQTT Broker!
2025-04-04 18:06:09,979 - INFO - Connected to MQTT Broker!
2025-04-04 18:08:14,336 - INFO - Connected to MQTT Broker!
2025-04-04 18:10:18,678 - INFO - Connected to MQTT Broker!
2025-04-04 18:12:22,647 - INFO - Connected to MQTT Broker!
2025-04-04 18:14:26,808 - INFO - Connected to MQTT Broker!
2025-04-04 18:16:31,669 - INFO - Connected to MQTT Broker!
2025-04-04 18:18:36,085 - INFO - Connected to MQTT Broker!
2025-04-04 18:20:40,661 - INFO - Connected to MQTT Broker!
2025-04-04 18:22:43,923 - INFO - Connected to MQTT Broker!
2025-04-05 18:07:25,918 - ERROR - Database Connection Faild
2025-04-05 18:07:42,963 - ERROR - Database Connection Faild
2025-04-05 18:08:00,007 - ERROR - Database Connection Faild
2025-04-05 18:08:17,057 - ERROR - Database Connection Faild
2025-04-05 18:08:34,089 - ERROR - Database Connection Faild
2025-04-05 18:08:51,134 - ERROR - Database Connection Faild
2025-04-05 18:09:08,183 - ERROR - Database Connection Faild
2025-04-05 18:09:25,228 - ERROR - Database Connection Faild
2025-04-05 18:09:42,269 - ERROR - Database Connection Faild
2025-04-05 18:09:59,304 - ERROR - Database Connection Faild
2025-04-05 18:10:16,352 - ERROR - Database Connection Faild
2025-04-05 18:10:33,391 - ERROR - Database Connection Faild
2025-04-05 18:10:50,435 - ERROR - Database Connection Faild
2025-04-05 18:11:07,486 - ERROR - Database Connection Faild
2025-04-05 18:11:24,534 - ERROR - Database Connection Faild
2025-04-05 18:11:41,566 - ERROR - Database Connection Faild
2025-04-05 18:11:58,603 - ERROR - Database Connection Faild
2025-04-05 18:12:15,643 - ERROR - Database Connection Faild
2025-04-05 18:12:32,681 - ERROR - Database Connection Faild
2025-04-05 18:12:49,727 - ERROR - Database Connection Faild
2025-04-05 18:13:06,763 - ERROR - Database Connection Faild
2025-04-05 18:13:23,809 - ERROR - Database Connection Faild
2025-04-05 18:13:40,855 - ERROR - Database Connection Faild
2025-04-05 18:13:57,897 - ERROR - Database Connection Faild
2025-04-05 18:14:14,934 - ERROR - Database Connection Faild
2025-04-05 18:14:31,977 - ERROR - Database Connection Faild
2025-04-05 18:14:49,020 - ERROR - Database Connection Faild
2025-04-05 18:15:06,067 - ERROR - Database Connection Faild
2025-04-05 18:15:23,115 - ERROR - Database Connection Faild
2025-04-05 18:15:40,164 - ERROR - Database Connection Faild
2025-04-05 18:15:57,211 - ERROR - Database Connection Faild
2025-04-05 18:16:14,252 - ERROR - Database Connection Faild
2025-04-05 18:16:31,295 - ERROR - Database Connection Faild
2025-04-05 18:16:48,334 - ERROR - Database Connection Faild
2025-04-05 18:17:05,372 - ERROR - Database Connection Faild
2025-04-05 18:17:22,411 - ERROR - Database Connection Faild
2025-04-05 18:17:39,458 - ERROR - Database Connection Faild
2025-04-05 18:17:56,492 - ERROR - Database Connection Faild
2025-04-05 18:18:13,541 - ERROR - Database Connection Faild
2025-04-05 18:18:30,574 - ERROR - Database Connection Faild
2025-04-05 18:18:47,616 - ERROR - Database Connection Faild
2025-04-05 18:19:04,665 - ERROR - Database Connection Faild
2025-04-05 18:19:21,713 - ERROR - Database Connection Faild
2025-04-05 18:19:38,753 - ERROR - Database Connection Faild
2025-04-05 18:19:55,802 - ERROR - Database Connection Faild
2025-04-05 18:20:12,842 - ERROR - Database Connection Faild
2025-04-05 18:20:29,886 - ERROR - Database Connection Faild
2025-04-05 18:20:46,927 - ERROR - Database Connection Faild
2025-04-05 18:21:03,964 - ERROR - Database Connection Faild
2025-04-05 18:21:21,001 - ERROR - Database Connection Faild
2025-04-05 18:21:38,039 - ERROR - Database Connection Faild
2025-04-05 18:21:55,082 - ERROR - Database Connection Faild
2025-04-05 18:22:12,132 - ERROR - Database Connection Faild
2025-04-05 18:22:29,181 - ERROR - Database Connection Faild
2025-04-05 18:22:46,233 - ERROR - Database Connection Faild
2025-04-05 18:23:03,272 - ERROR - Database Connection Faild
2025-04-05 18:23:20,314 - ERROR - Database Connection Faild
2025-04-05 18:23:37,342 - ERROR - Database Connection Faild
2025-04-05 18:23:54,376 - ERROR - Database Connection Faild
2025-04-05 18:24:11,412 - ERROR - Database Connection Faild
2025-04-05 18:24:28,458 - ERROR - Database Connection Faild
2025-04-05 18:24:45,508 - ERROR - Database Connection Faild
2025-04-05 18:25:02,560 - ERROR - Database Connection Faild
2025-04-05 18:25:19,625 - ERROR - Database Connection Faild
2025-04-05 18:25:36,669 - ERROR - Database Connection Faild
2025-04-05 18:25:53,733 - ERROR - Database Connection Faild
2025-04-05 18:26:10,777 - ERROR - Database Connection Faild
2025-04-05 18:26:27,820 - ERROR - Database Connection Faild
2025-04-05 18:26:44,878 - ERROR - Database Connection Faild
2025-04-05 18:27:01,925 - ERROR - Database Connection Faild
2025-04-05 18:27:18,982 - ERROR - Database Connection Faild
2025-04-05 18:27:36,029 - ERROR - Database Connection Faild
2025-04-05 18:27:53,075 - ERROR - Database Connection Faild
2025-04-05 18:28:10,112 - ERROR - Database Connection Faild
2025-04-05 18:28:27,153 - ERROR - Database Connection Faild
2025-04-05 18:28:44,200 - ERROR - Database Connection Faild
2025-04-05 18:29:01,260 - ERROR - Database Connection Faild
2025-04-05 18:29:18,315 - ERROR - Database Connection Faild
2025-04-05 18:29:35,355 - ERROR - Database Connection Faild
2025-04-05 18:29:52,409 - ERROR - Database Connection Faild
2025-04-05 18:30:09,471 - ERROR - Database Connection Faild
2025-04-05 18:30:26,500 - ERROR - Database Connection Faild
2025-04-05 18:30:43,532 - ERROR - Database Connection Faild
2025-04-05 18:31:00,573 - ERROR - Database Connection Faild
2025-04-05 18:31:17,630 - ERROR - Database Connection Faild
2025-04-05 18:31:34,665 - ERROR - Database Connection Faild
2025-04-05 18:31:51,712 - ERROR - Database Connection Faild
2025-04-05 18:32:08,734 - ERROR - Database Connection Faild
2025-04-05 18:32:25,796 - ERROR - Database Connection Faild
2025-04-05 18:32:42,850 - ERROR - Database Connection Faild
2025-04-05 18:32:59,901 - ERROR - Database Connection Faild
2025-04-05 18:33:16,952 - ERROR - Database Connection Faild
2025-04-05 18:33:34,002 - ERROR - Database Connection Faild
2025-04-05 18:33:51,036 - ERROR - Database Connection Faild
2025-04-05 18:34:08,087 - ERROR - Database Connection Faild
2025-04-05 18:34:25,153 - ERROR - Database Connection Faild
2025-04-05 18:34:42,200 - ERROR - Database Connection Faild
2025-04-05 18:34:59,241 - ERROR - Database Connection Faild
2025-04-05 18:35:16,280 - ERROR - Database Connection Faild
2025-04-05 18:35:33,334 - ERROR - Database Connection Faild
2025-04-05 18:35:50,395 - ERROR - Database Connection Faild
2025-04-05 18:36:07,443 - ERROR - Database Connection Faild
2025-04-05 18:36:24,473 - ERROR - Database Connection Faild
2025-04-05 18:36:41,518 - ERROR - Database Connection Faild
2025-04-05 18:36:58,558 - ERROR - Database Connection Faild
2025-04-05 18:37:15,607 - ERROR - Database Connection Faild
2025-04-05 18:37:32,659 - ERROR - Database Connection Faild
2025-04-05 18:37:49,704 - ERROR - Database Connection Faild
2025-04-05 18:38:06,760 - ERROR - Database Connection Faild
2025-04-05 18:38:23,817 - ERROR - Database Connection Faild
2025-04-05 18:38:40,834 - ERROR - Database Connection Faild
2025-04-05 18:38:57,874 - ERROR - Database Connection Faild
2025-04-05 18:39:14,910 - ERROR - Database Connection Faild
2025-04-05 18:39:31,968 - ERROR - Database Connection Faild
2025-04-05 18:39:49,012 - ERROR - Database Connection Faild
2025-04-05 18:40:06,039 - ERROR - Database Connection Faild
2025-04-05 18:40:23,073 - ERROR - Database Connection Faild
2025-04-05 18:40:40,126 - ERROR - Database Connection Faild
2025-04-05 18:40:57,169 - ERROR - Database Connection Faild
2025-04-05 18:41:14,209 - ERROR - Database Connection Faild
2025-04-05 18:41:31,268 - ERROR - Database Connection Faild
2025-04-05 18:41:48,322 - ERROR - Database Connection Faild
2025-04-05 18:42:05,369 - ERROR - Database Connection Faild
2025-04-05 18:42:22,416 - ERROR - Database Connection Faild
2025-04-05 18:42:39,444 - ERROR - Database Connection Faild
2025-04-05 18:42:56,503 - ERROR - Database Connection Faild
2025-04-05 18:43:13,540 - ERROR - Database Connection Faild
2025-04-05 18:43:30,573 - ERROR - Database Connection Faild
2025-04-05 18:43:47,616 - ERROR - Database Connection Faild
2025-04-05 18:44:04,655 - ERROR - Database Connection Faild
2025-04-05 18:44:21,691 - ERROR - Database Connection Faild
2025-04-05 18:44:38,712 - ERROR - Database Connection Faild
2025-04-05 18:44:55,754 - ERROR - Database Connection Faild
2025-04-05 18:45:12,787 - ERROR - Database Connection Faild
2025-04-05 18:45:29,845 - ERROR - Database Connection Faild
2025-04-05 18:45:46,900 - ERROR - Database Connection Faild
2025-04-05 18:46:03,968 - ERROR - Database Connection Faild
2025-04-05 18:46:21,018 - ERROR - Database Connection Faild
2025-04-05 18:46:38,055 - ERROR - Database Connection Faild
2025-04-05 18:46:55,104 - ERROR - Database Connection Faild
2025-04-05 18:47:12,155 - ERROR - Database Connection Faild
2025-04-05 18:47:29,207 - ERROR - Database Connection Faild
2025-04-05 18:47:46,269 - ERROR - Database Connection Faild
2025-04-05 18:48:03,324 - ERROR - Database Connection Faild
2025-04-05 18:48:20,366 - ERROR - Database Connection Faild
2025-04-05 18:48:37,417 - ERROR - Database Connection Faild
2025-04-05 18:48:54,454 - ERROR - Database Connection Faild
2025-04-05 18:49:11,494 - ERROR - Database Connection Faild
2025-04-05 18:49:28,528 - ERROR - Database Connection Faild
2025-04-05 18:49:45,576 - ERROR - Database Connection Faild
2025-04-05 18:50:02,625 - ERROR - Database Connection Faild
2025-04-05 18:50:19,669 - ERROR - Database Connection Faild
2025-04-05 18:50:36,707 - ERROR - Database Connection Faild
2025-04-05 18:50:53,751 - ERROR - Database Connection Faild
2025-04-05 18:51:10,789 - ERROR - Database Connection Faild
2025-04-05 18:51:27,825 - ERROR - Database Connection Faild
2025-04-05 18:51:44,881 - ERROR - Database Connection Faild
2025-04-05 18:52:01,914 - ERROR - Database Connection Faild
2025-04-05 18:52:18,959 - ERROR - Database Connection Faild
2025-04-05 18:52:36,006 - ERROR - Database Connection Faild
2025-04-05 18:52:53,054 - ERROR - Database Connection Faild
2025-04-05 18:53:10,095 - ERROR - Database Connection Faild
2025-04-05 18:53:27,122 - ERROR - Database Connection Faild
2025-04-05 18:53:44,159 - ERROR - Database Connection Faild
2025-04-05 18:54:01,212 - ERROR - Database Connection Faild
2025-04-05 18:54:18,257 - ERROR - Database Connection Faild
2025-04-05 18:54:35,312 - ERROR - Database Connection Faild
2025-04-05 18:54:52,347 - ERROR - Database Connection Faild
2025-04-05 18:55:09,401 - ERROR - Database Connection Faild
2025-04-05 18:55:26,462 - ERROR - Database Connection Faild
2025-04-05 18:55:43,506 - ERROR - Database Connection Faild
2025-04-05 18:56:00,540 - ERROR - Database Connection Faild
2025-04-05 18:56:17,569 - ERROR - Database Connection Faild
2025-04-05 18:56:34,617 - ERROR - Database Connection Faild
2025-04-05 18:56:51,649 - ERROR - Database Connection Faild
2025-04-05 18:57:08,715 - ERROR - Database Connection Faild
2025-04-05 18:57:25,755 - ERROR - Database Connection Faild
2025-04-05 18:57:42,806 - ERROR - Database Connection Faild
2025-04-05 18:57:59,839 - ERROR - Database Connection Faild
2025-04-05 18:58:16,862 - ERROR - Database Connection Faild
2025-04-05 18:58:33,899 - ERROR - Database Connection Faild
2025-04-05 18:58:50,923 - ERROR - Database Connection Faild
2025-04-05 18:59:07,970 - ERROR - Database Connection Faild
2025-04-05 18:59:24,998 - ERROR - Database Connection Faild
2025-04-05 18:59:42,042 - ERROR - Database Connection Faild
2025-04-05 18:59:59,075 - ERROR - Database Connection Faild
2025-04-05 19:00:16,119 - ERROR - Database Connection Faild
2025-04-05 19:00:33,154 - ERROR - Database Connection Faild
2025-04-05 19:00:50,184 - ERROR - Database Connection Faild
2025-04-05 19:01:07,239 - ERROR - Database Connection Faild
2025-04-05 19:01:24,294 - ERROR - Database Connection Faild
2025-04-05 19:01:41,351 - ERROR - Database Connection Faild
2025-04-05 19:01:58,398 - ERROR - Database Connection Faild
2025-04-05 19:02:15,454 - ERROR - Database Connection Faild
2025-04-05 19:02:32,489 - ERROR - Database Connection Faild
2025-04-05 19:02:49,530 - ERROR - Database Connection Faild
2025-04-05 19:03:06,591 - ERROR - Database Connection Faild
2025-04-05 19:03:23,636 - ERROR - Database Connection Faild
2025-04-05 19:03:40,687 - ERROR - Database Connection Faild
2025-04-05 19:03:57,711 - ERROR - Database Connection Faild
2025-04-05 19:04:14,767 - ERROR - Database Connection Faild
2025-04-05 19:04:31,800 - ERROR - Database Connection Faild
2025-04-05 19:04:48,863 - ERROR - Database Connection Faild
2025-04-05 19:05:05,914 - ERROR - Database Connection Faild
2025-04-05 19:05:22,971 - ERROR - Database Connection Faild
2025-04-05 19:05:40,014 - ERROR - Database Connection Faild
2025-04-05 19:05:57,057 - ERROR - Database Connection Faild
2025-04-05 19:06:14,096 - ERROR - Database Connection Faild
2025-04-05 19:06:31,141 - ERROR - Database Connection Faild
2025-04-05 19:06:48,196 - ERROR - Database Connection Faild
2025-04-05 19:07:05,233 - ERROR - Database Connection Faild
2025-04-05 19:07:22,271 - ERROR - Database Connection Faild
2025-04-05 19:07:39,325 - ERROR - Database Connection Faild
2025-04-05 19:07:56,346 - ERROR - Database Connection Faild
2025-04-05 19:08:13,385 - ERROR - Database Connection Faild
2025-04-05 19:08:30,435 - ERROR - Database Connection Faild
2025-04-05 19:08:47,483 - ERROR - Database Connection Faild
2025-04-05 19:09:04,529 - ERROR - Database Connection Faild
2025-04-05 19:09:21,563 - ERROR - Database Connection Faild
2025-04-05 19:09:38,608 - ERROR - Database Connection Faild
2025-04-05 19:09:55,665 - ERROR - Database Connection Faild
2025-04-05 19:10:12,714 - ERROR - Database Connection Faild
2025-04-05 19:10:29,760 - ERROR - Database Connection Faild
2025-04-05 19:10:46,808 - ERROR - Database Connection Faild
2025-04-05 19:11:03,848 - ERROR - Database Connection Faild
2025-04-05 19:11:20,884 - ERROR - Database Connection Faild
2025-04-05 19:11:37,924 - ERROR - Database Connection Faild
2025-04-05 19:11:54,978 - ERROR - Database Connection Faild
2025-04-05 19:12:12,036 - ERROR - Database Connection Faild
2025-04-05 19:12:29,066 - ERROR - Database Connection Faild
2025-04-05 19:12:46,110 - ERROR - Database Connection Faild
2025-04-05 19:13:03,157 - ERROR - Database Connection Faild
2025-04-05 19:13:20,211 - ERROR - Database Connection Faild
2025-04-05 19:13:37,231 - ERROR - Database Connection Faild
2025-04-05 19:13:54,272 - ERROR - Database Connection Faild
2025-04-05 19:14:11,316 - ERROR - Database Connection Faild
2025-04-05 19:14:28,369 - ERROR - Database Connection Faild
2025-04-05 19:14:45,410 - ERROR - Database Connection Faild
2025-04-05 19:15:02,466 - ERROR - Database Connection Faild
2025-04-05 19:15:19,520 - ERROR - Database Connection Faild
2025-04-05 19:15:36,575 - ERROR - Database Connection Faild
2025-04-05 19:15:53,631 - ERROR - Database Connection Faild
2025-04-05 19:16:10,683 - ERROR - Database Connection Faild
2025-04-05 19:16:27,722 - ERROR - Database Connection Faild
2025-04-05 19:16:44,758 - ERROR - Database Connection Faild
2025-04-05 19:17:01,807 - ERROR - Database Connection Faild
2025-04-05 19:17:18,862 - ERROR - Database Connection Faild
2025-04-05 19:17:35,899 - ERROR - Database Connection Faild
2025-04-05 19:17:52,955 - ERROR - Database Connection Faild
2025-04-05 19:18:09,997 - ERROR - Database Connection Faild
2025-04-05 19:18:27,055 - ERROR - Database Connection Faild
2025-04-05 19:18:44,107 - ERROR - Database Connection Faild
2025-04-05 19:19:01,156 - ERROR - Database Connection Faild
2025-04-05 19:19:18,190 - ERROR - Database Connection Faild
2025-04-05 19:19:35,237 - ERROR - Database Connection Faild
2025-04-05 19:19:52,275 - ERROR - Database Connection Faild
2025-04-05 19:20:09,324 - ERROR - Database Connection Faild
2025-04-05 19:20:26,387 - ERROR - Database Connection Faild
2025-04-05 19:20:43,423 - ERROR - Database Connection Faild
2025-04-05 19:21:00,482 - ERROR - Database Connection Faild
2025-04-05 19:21:17,522 - ERROR - Database Connection Faild
2025-04-05 19:21:34,569 - ERROR - Database Connection Faild
2025-04-05 19:21:51,607 - ERROR - Database Connection Faild
2025-04-05 19:22:08,660 - ERROR - Database Connection Faild
2025-04-05 19:22:25,696 - ERROR - Database Connection Faild
2025-04-05 19:22:42,759 - ERROR - Database Connection Faild
2025-04-05 19:22:59,806 - ERROR - Database Connection Faild
2025-04-05 19:23:16,836 - ERROR - Database Connection Faild
2025-04-05 19:23:33,874 - ERROR - Database Connection Faild
2025-04-05 19:23:50,894 - ERROR - Database Connection Faild
2025-04-05 19:24:07,934 - ERROR - Database Connection Faild
2025-04-05 19:24:24,989 - ERROR - Database Connection Faild
2025-04-05 19:24:42,047 - ERROR - Database Connection Faild
2025-04-05 19:24:59,098 - ERROR - Database Connection Faild
2025-04-05 19:25:16,141 - ERROR - Database Connection Faild
2025-04-05 19:25:33,200 - ERROR - Database Connection Faild
2025-04-05 19:25:50,251 - ERROR - Database Connection Faild
2025-04-05 19:26:07,302 - ERROR - Database Connection Faild
2025-04-05 19:26:24,348 - ERROR - Database Connection Faild
2025-04-05 19:26:41,376 - ERROR - Database Connection Faild
2025-04-05 19:26:58,435 - ERROR - Database Connection Faild
2025-04-05 19:27:15,476 - ERROR - Database Connection Faild
2025-04-05 19:27:32,520 - ERROR - Database Connection Faild
2025-04-05 19:27:49,571 - ERROR - Database Connection Faild
2025-04-05 19:28:06,633 - ERROR - Database Connection Faild
2025-04-05 19:28:23,669 - ERROR - Database Connection Faild
2025-04-05 19:28:40,702 - ERROR - Database Connection Faild
2025-04-05 19:28:57,763 - ERROR - Database Connection Faild
2025-04-05 19:29:14,806 - ERROR - Database Connection Faild
2025-04-05 19:29:31,839 - ERROR - Database Connection Faild
2025-04-05 19:29:48,895 - ERROR - Database Connection Faild
2025-04-05 19:30:05,936 - ERROR - Database Connection Faild
2025-04-05 19:30:22,983 - ERROR - Database Connection Faild
2025-04-05 19:30:40,023 - ERROR - Database Connection Faild
2025-04-05 19:30:57,065 - ERROR - Database Connection Faild
2025-04-05 19:31:14,116 - ERROR - Database Connection Faild
2025-04-05 19:31:31,161 - ERROR - Database Connection Faild
2025-04-05 19:31:48,193 - ERROR - Database Connection Faild
2025-04-05 19:32:05,244 - ERROR - Database Connection Faild
2025-04-05 19:32:22,284 - ERROR - Database Connection Faild
2025-04-05 19:32:39,320 - ERROR - Database Connection Faild
2025-04-05 19:32:56,358 - ERROR - Database Connection Faild
2025-04-05 19:33:13,397 - ERROR - Database Connection Faild
2025-04-05 19:33:30,452 - ERROR - Database Connection Faild
2025-04-05 19:33:47,502 - ERROR - Database Connection Faild
2025-04-05 19:34:04,539 - ERROR - Database Connection Faild
2025-04-05 19:34:21,585 - ERROR - Database Connection Faild
2025-04-05 19:34:38,630 - ERROR - Database Connection Faild
2025-04-05 19:34:55,674 - ERROR - Database Connection Faild
2025-04-05 19:35:12,700 - ERROR - Database Connection Faild
2025-04-05 19:35:29,749 - ERROR - Database Connection Faild
2025-04-05 19:35:46,782 - ERROR - Database Connection Faild
2025-04-05 19:36:03,832 - ERROR - Database Connection Faild
2025-04-05 19:36:20,860 - ERROR - Database Connection Faild
2025-04-05 19:36:37,900 - ERROR - Database Connection Faild
2025-04-05 19:36:54,932 - ERROR - Database Connection Faild
2025-04-05 19:37:11,989 - ERROR - Database Connection Faild
2025-04-05 19:37:29,036 - ERROR - Database Connection Faild
2025-04-05 19:37:46,067 - ERROR - Database Connection Faild
2025-04-05 19:38:03,118 - ERROR - Database Connection Faild
2025-04-05 19:38:20,173 - ERROR - Database Connection Faild
2025-04-05 19:38:37,215 - ERROR - Database Connection Faild
2025-04-05 19:38:54,255 - ERROR - Database Connection Faild
2025-04-05 19:39:11,292 - ERROR - Database Connection Faild
2025-04-05 19:39:28,338 - ERROR - Database Connection Faild
2025-04-05 19:39:45,389 - ERROR - Database Connection Faild
2025-04-05 19:40:02,421 - ERROR - Database Connection Faild
2025-04-05 19:40:19,469 - ERROR - Database Connection Faild
2025-04-05 19:40:36,505 - ERROR - Database Connection Faild
2025-04-05 19:40:53,539 - ERROR - Database Connection Faild
2025-04-05 19:41:10,573 - ERROR - Database Connection Faild
2025-04-05 19:41:27,613 - ERROR - Database Connection Faild
2025-04-05 19:41:44,666 - ERROR - Database Connection Faild
2025-04-05 19:42:01,725 - ERROR - Database Connection Faild
2025-04-05 19:42:18,767 - ERROR - Database Connection Faild
2025-04-05 19:42:35,804 - ERROR - Database Connection Faild
2025-04-05 19:42:52,843 - ERROR - Database Connection Faild
2025-04-05 19:43:09,888 - ERROR - Database Connection Faild
2025-04-05 19:43:26,927 - ERROR - Database Connection Faild
2025-04-05 19:43:43,969 - ERROR - Database Connection Faild
2025-04-05 19:44:01,021 - ERROR - Database Connection Faild
2025-04-05 19:44:18,068 - ERROR - Database Connection Faild
2025-04-05 19:44:35,121 - ERROR - Database Connection Faild
2025-04-05 19:44:52,153 - ERROR - Database Connection Faild
2025-04-05 19:45:09,185 - ERROR - Database Connection Faild
2025-04-05 19:45:26,230 - ERROR - Database Connection Faild
2025-04-05 19:45:43,274 - ERROR - Database Connection Faild
2025-04-05 19:46:00,320 - ERROR - Database Connection Faild
2025-04-05 19:46:17,375 - ERROR - Database Connection Faild
2025-04-05 19:46:34,420 - ERROR - Database Connection Faild
2025-04-05 19:46:51,459 - ERROR - Database Connection Faild
2025-04-05 19:47:08,507 - ERROR - Database Connection Faild
2025-04-05 19:47:25,552 - ERROR - Database Connection Faild
2025-04-05 19:47:42,575 - ERROR - Database Connection Faild
2025-04-05 19:47:59,625 - ERROR - Database Connection Faild
2025-04-05 19:48:16,682 - ERROR - Database Connection Faild
2025-04-05 19:48:33,718 - ERROR - Database Connection Faild
2025-04-05 19:48:50,773 - ERROR - Database Connection Faild
2025-04-05 19:49:07,817 - ERROR - Database Connection Faild
2025-04-05 19:49:24,870 - ERROR - Database Connection Faild
2025-04-05 19:49:41,892 - ERROR - Database Connection Faild
2025-04-05 19:49:58,925 - ERROR - Database Connection Faild
2025-04-05 19:50:15,979 - ERROR - Database Connection Faild
2025-04-05 19:50:33,028 - ERROR - Database Connection Faild
2025-04-05 19:50:50,079 - ERROR - Database Connection Faild
2025-04-05 19:51:07,131 - ERROR - Database Connection Faild
2025-04-05 19:51:24,155 - ERROR - Database Connection Faild
2025-04-05 19:51:41,190 - ERROR - Database Connection Faild
2025-04-05 19:51:58,238 - ERROR - Database Connection Faild
2025-04-05 19:52:15,302 - ERROR - Database Connection Faild
2025-04-05 19:52:32,348 - ERROR - Database Connection Faild
2025-04-05 19:52:49,399 - ERROR - Database Connection Faild
2025-04-05 19:53:06,450 - ERROR - Database Connection Faild
2025-04-05 19:53:23,487 - ERROR - Database Connection Faild
2025-04-05 19:53:40,514 - ERROR - Database Connection Faild
2025-04-05 19:53:57,569 - ERROR - Database Connection Faild
2025-04-05 19:54:14,625 - ERROR - Database Connection Faild
2025-04-05 19:54:31,677 - ERROR - Database Connection Faild
2025-04-05 19:54:48,735 - ERROR - Database Connection Faild
2025-04-05 19:55:05,789 - ERROR - Database Connection Faild
2025-04-05 19:55:22,841 - ERROR - Database Connection Faild
2025-04-05 19:55:39,886 - ERROR - Database Connection Faild
2025-04-05 19:55:56,931 - ERROR - Database Connection Faild
2025-04-05 19:56:13,966 - ERROR - Database Connection Faild
2025-04-05 19:56:31,027 - ERROR - Database Connection Faild
2025-04-05 19:56:48,066 - ERROR - Database Connection Faild
2025-04-05 19:57:05,127 - ERROR - Database Connection Faild
2025-04-05 19:57:22,181 - ERROR - Database Connection Faild
2025-04-05 19:57:39,217 - ERROR - Database Connection Faild
2025-04-05 19:57:56,251 - ERROR - Database Connection Faild
2025-04-05 19:58:13,269 - ERROR - Database Connection Faild
2025-04-05 19:58:30,312 - ERROR - Database Connection Faild
2025-04-05 19:58:47,346 - ERROR - Database Connection Faild
2025-04-05 19:59:04,394 - ERROR - Database Connection Faild
2025-04-05 19:59:21,425 - ERROR - Database Connection Faild
2025-04-05 19:59:38,463 - ERROR - Database Connection Faild
2025-04-05 19:59:55,520 - ERROR - Database Connection Faild
2025-04-05 20:00:12,564 - ERROR - Database Connection Faild
2025-04-05 20:00:29,607 - ERROR - Database Connection Faild
2025-04-05 20:00:46,641 - ERROR - Database Connection Faild
2025-04-05 20:01:03,694 - ERROR - Database Connection Faild
2025-04-05 20:01:20,744 - ERROR - Database Connection Faild
2025-04-05 20:01:37,803 - ERROR - Database Connection Faild
2025-04-05 20:01:54,842 - ERROR - Database Connection Faild
2025-04-05 20:02:11,887 - ERROR - Database Connection Faild
2025-04-05 20:02:28,935 - ERROR - Database Connection Faild
2025-04-05 20:02:45,988 - ERROR - Database Connection Faild
2025-04-05 20:03:03,020 - ERROR - Database Connection Faild
2025-04-05 20:03:20,074 - ERROR - Database Connection Faild
2025-04-05 20:03:37,121 - ERROR - Database Connection Faild
2025-04-05 20:03:54,156 - ERROR - Database Connection Faild
2025-04-05 20:04:11,210 - ERROR - Database Connection Faild
2025-04-05 20:04:28,251 - ERROR - Database Connection Faild
2025-04-05 20:04:45,309 - ERROR - Database Connection Faild
2025-04-05 20:05:02,362 - ERROR - Database Connection Faild
2025-04-05 20:05:19,401 - ERROR - Database Connection Faild
2025-04-05 20:05:36,435 - ERROR - Database Connection Faild
2025-04-05 20:05:53,479 - ERROR - Database Connection Faild
2025-04-05 20:06:10,524 - ERROR - Database Connection Faild
2025-04-05 20:06:27,583 - ERROR - Database Connection Faild
2025-04-05 20:06:44,610 - ERROR - Database Connection Faild
2025-04-05 20:07:01,654 - ERROR - Database Connection Faild
2025-04-05 20:07:18,708 - ERROR - Database Connection Faild
2025-04-05 20:07:35,748 - ERROR - Database Connection Faild
2025-04-05 20:07:52,803 - ERROR - Database Connection Faild
2025-04-05 20:08:09,856 - ERROR - Database Connection Faild
2025-04-05 20:08:26,888 - ERROR - Database Connection Faild
2025-04-05 20:08:43,920 - ERROR - Database Connection Faild
2025-04-05 20:09:00,974 - ERROR - Database Connection Faild
2025-04-05 20:09:18,027 - ERROR - Database Connection Faild
2025-04-05 20:09:35,072 - ERROR - Database Connection Faild
2025-04-05 20:09:52,132 - ERROR - Database Connection Faild
2025-04-05 20:10:09,177 - ERROR - Database Connection Faild
2025-04-05 20:10:26,241 - ERROR - Database Connection Faild
2025-04-05 20:10:43,288 - ERROR - Database Connection Faild
2025-04-05 20:11:00,335 - ERROR - Database Connection Faild
2025-04-05 20:11:17,389 - ERROR - Database Connection Faild
2025-04-05 20:11:34,441 - ERROR - Database Connection Faild
2025-04-05 20:11:51,485 - ERROR - Database Connection Faild
2025-04-05 20:12:08,526 - ERROR - Database Connection Faild
2025-04-05 20:12:25,579 - ERROR - Database Connection Faild
2025-04-05 20:12:42,626 - ERROR - Database Connection Faild
2025-04-05 20:12:59,665 - ERROR - Database Connection Faild
2025-04-05 20:13:16,720 - ERROR - Database Connection Faild
2025-04-05 20:13:33,746 - ERROR - Database Connection Faild
2025-04-05 20:13:50,798 - ERROR - Database Connection Faild
2025-04-05 20:14:07,851 - ERROR - Database Connection Faild
2025-04-05 20:14:24,912 - ERROR - Database Connection Faild
2025-04-05 20:14:41,965 - ERROR - Database Connection Faild
2025-04-05 20:14:58,987 - ERROR - Database Connection Faild
2025-04-05 20:15:16,018 - ERROR - Database Connection Faild
2025-04-05 20:15:33,070 - ERROR - Database Connection Faild
2025-04-05 20:15:50,112 - ERROR - Database Connection Faild
2025-04-05 20:16:07,162 - ERROR - Database Connection Faild
2025-04-05 20:16:24,205 - ERROR - Database Connection Faild
2025-04-05 20:16:41,263 - ERROR - Database Connection Faild
2025-04-05 20:16:58,307 - ERROR - Database Connection Faild
2025-04-05 20:17:15,361 - ERROR - Database Connection Faild
2025-04-05 20:17:32,410 - ERROR - Database Connection Faild
2025-04-05 20:17:49,460 - ERROR - Database Connection Faild
2025-04-05 20:18:06,498 - ERROR - Database Connection Faild
2025-04-05 20:18:23,532 - ERROR - Database Connection Faild
2025-04-05 20:18:40,583 - ERROR - Database Connection Faild
2025-04-05 20:18:57,636 - ERROR - Database Connection Faild
2025-04-05 20:19:14,665 - ERROR - Database Connection Faild
2025-04-05 20:19:31,719 - ERROR - Database Connection Faild
2025-04-05 20:19:48,757 - ERROR - Database Connection Faild
2025-04-05 20:20:05,810 - ERROR - Database Connection Faild
2025-04-05 20:20:22,855 - ERROR - Database Connection Faild
2025-04-05 20:20:39,902 - ERROR - Database Connection Faild
2025-04-05 20:20:56,949 - ERROR - Database Connection Faild
2025-04-05 20:21:14,004 - ERROR - Database Connection Faild
2025-04-05 20:21:31,044 - ERROR - Database Connection Faild
2025-04-05 20:21:48,073 - ERROR - Database Connection Faild
2025-04-05 20:22:05,136 - ERROR - Database Connection Faild
2025-04-05 20:22:22,168 - ERROR - Database Connection Faild
2025-04-05 20:22:39,216 - ERROR - Database Connection Faild
2025-04-05 20:22:56,243 - ERROR - Database Connection Faild
2025-04-05 20:23:13,285 - ERROR - Database Connection Faild
2025-04-05 20:23:30,329 - ERROR - Database Connection Faild
2025-04-05 20:23:47,369 - ERROR - Database Connection Faild
2025-04-05 20:24:04,419 - ERROR - Database Connection Faild
2025-04-05 20:24:21,460 - ERROR - Database Connection Faild
2025-04-05 20:24:38,500 - ERROR - Database Connection Faild
2025-04-05 20:24:55,549 - ERROR - Database Connection Faild
2025-04-05 20:25:12,586 - ERROR - Database Connection Faild
2025-04-05 20:25:29,624 - ERROR - Database Connection Faild
2025-04-05 20:25:46,657 - ERROR - Database Connection Faild
2025-04-05 20:26:03,704 - ERROR - Database Connection Faild
2025-04-05 20:26:20,742 - ERROR - Database Connection Faild
2025-04-05 20:26:37,790 - ERROR - Database Connection Faild
2025-04-05 20:26:54,841 - ERROR - Database Connection Faild
2025-04-05 20:27:11,874 - ERROR - Database Connection Faild
2025-04-05 20:27:28,932 - ERROR - Database Connection Faild
2025-04-05 20:27:45,981 - ERROR - Database Connection Faild
2025-04-05 20:28:03,017 - ERROR - Database Connection Faild
2025-04-05 20:28:20,060 - ERROR - Database Connection Faild
2025-04-05 20:28:37,106 - ERROR - Database Connection Faild
2025-04-05 20:28:54,157 - ERROR - Database Connection Faild
2025-04-05 20:29:11,199 - ERROR - Database Connection Faild
2025-04-05 20:29:28,247 - ERROR - Database Connection Faild
2025-04-05 20:29:45,294 - ERROR - Database Connection Faild
2025-04-05 20:30:02,345 - ERROR - Database Connection Faild
2025-04-05 20:30:19,387 - ERROR - Database Connection Faild
2025-04-05 20:30:36,429 - ERROR - Database Connection Faild
2025-04-05 20:30:53,464 - ERROR - Database Connection Faild
2025-04-05 20:31:10,514 - ERROR - Database Connection Faild
2025-04-05 20:31:27,567 - ERROR - Database Connection Faild
2025-04-05 20:31:44,611 - ERROR - Database Connection Faild
2025-04-05 20:32:01,647 - ERROR - Database Connection Faild
2025-04-05 20:32:18,694 - ERROR - Database Connection Faild
2025-04-05 20:32:35,735 - ERROR - Database Connection Faild
2025-04-05 20:32:52,779 - ERROR - Database Connection Faild
2025-04-05 20:33:09,827 - ERROR - Database Connection Faild
2025-04-05 20:33:26,858 - ERROR - Database Connection Faild
2025-04-05 20:33:43,898 - ERROR - Database Connection Faild
2025-04-05 20:34:00,951 - ERROR - Database Connection Faild
2025-04-05 20:34:18,005 - ERROR - Database Connection Faild
2025-04-05 20:34:35,050 - ERROR - Database Connection Faild
2025-04-05 20:34:52,095 - ERROR - Database Connection Faild
2025-04-05 20:35:09,144 - ERROR - Database Connection Faild
2025-04-05 20:35:26,196 - ERROR - Database Connection Faild
2025-04-05 20:35:43,251 - ERROR - Database Connection Faild
2025-04-05 20:36:00,304 - ERROR - Database Connection Faild
2025-04-05 20:36:17,329 - ERROR - Database Connection Faild
2025-04-05 20:36:34,366 - ERROR - Database Connection Faild
2025-04-05 20:36:51,414 - ERROR - Database Connection Faild
2025-04-05 20:37:08,454 - ERROR - Database Connection Faild
2025-04-05 20:37:25,503 - ERROR - Database Connection Faild
2025-04-05 20:37:42,556 - ERROR - Database Connection Faild
2025-04-05 20:37:59,588 - ERROR - Database Connection Faild
2025-04-05 20:38:16,630 - ERROR - Database Connection Faild
2025-04-05 20:38:33,676 - ERROR - Database Connection Faild
2025-04-05 20:38:50,714 - ERROR - Database Connection Faild
2025-04-05 20:39:07,762 - ERROR - Database Connection Faild
2025-04-05 20:39:24,802 - ERROR - Database Connection Faild
2025-04-05 20:39:41,838 - ERROR - Database Connection Faild
2025-04-05 20:39:58,882 - ERROR - Database Connection Faild
2025-04-05 20:40:15,925 - ERROR - Database Connection Faild
2025-04-05 20:40:32,968 - ERROR - Database Connection Faild
2025-04-05 20:40:50,008 - ERROR - Database Connection Faild
2025-04-05 20:41:07,043 - ERROR - Database Connection Faild
2025-04-05 20:41:24,085 - ERROR - Database Connection Faild
2025-04-05 20:41:41,130 - ERROR - Database Connection Faild
2025-04-05 20:41:58,171 - ERROR - Database Connection Faild
2025-04-05 20:42:15,220 - ERROR - Database Connection Faild
2025-04-05 20:42:32,257 - ERROR - Database Connection Faild
2025-04-05 20:42:49,301 - ERROR - Database Connection Faild
2025-04-05 20:43:06,345 - ERROR - Database Connection Faild
2025-04-05 20:43:23,385 - ERROR - Database Connection Faild
2025-04-05 20:43:40,430 - ERROR - Database Connection Faild
2025-04-05 20:43:57,475 - ERROR - Database Connection Faild
2025-04-05 20:44:14,525 - ERROR - Database Connection Faild
2025-04-05 20:44:31,561 - ERROR - Database Connection Faild
2025-04-05 20:44:48,606 - ERROR - Database Connection Faild
2025-04-05 20:45:05,651 - ERROR - Database Connection Faild
2025-04-05 20:45:22,689 - ERROR - Database Connection Faild
2025-04-05 20:45:39,735 - ERROR - Database Connection Faild
2025-04-05 20:45:56,781 - ERROR - Database Connection Faild
2025-04-05 20:46:13,813 - ERROR - Database Connection Faild
2025-04-05 20:46:30,849 - ERROR - Database Connection Faild
2025-04-05 20:46:47,892 - ERROR - Database Connection Faild
2025-04-05 20:47:04,936 - ERROR - Database Connection Faild
2025-04-05 20:47:21,973 - ERROR - Database Connection Faild
2025-04-05 20:47:39,015 - ERROR - Database Connection Faild
2025-04-05 20:47:56,058 - ERROR - Database Connection Faild
2025-04-05 20:48:13,107 - ERROR - Database Connection Faild
2025-04-05 20:48:30,147 - ERROR - Database Connection Faild
2025-04-05 20:48:47,199 - ERROR - Database Connection Faild
2025-04-05 20:49:04,240 - ERROR - Database Connection Faild
2025-04-05 20:49:21,285 - ERROR - Database Connection Faild
2025-04-05 20:49:38,326 - ERROR - Database Connection Faild
2025-04-05 20:49:55,365 - ERROR - Database Connection Faild
2025-04-05 20:50:12,405 - ERROR - Database Connection Faild
2025-04-05 20:50:29,448 - ERROR - Database Connection Faild
2025-04-05 20:50:46,482 - ERROR - Database Connection Faild
2025-04-05 20:51:03,530 - ERROR - Database Connection Faild
2025-04-05 20:51:20,573 - ERROR - Database Connection Faild
2025-04-05 20:51:37,610 - ERROR - Database Connection Faild
2025-04-05 20:51:54,661 - ERROR - Database Connection Faild
2025-04-05 20:52:11,699 - ERROR - Database Connection Faild
2025-04-05 20:52:28,755 - ERROR - Database Connection Faild
2025-04-05 20:52:45,803 - ERROR - Database Connection Faild
2025-04-05 20:53:02,851 - ERROR - Database Connection Faild
2025-04-05 20:53:19,895 - ERROR - Database Connection Faild
2025-04-05 20:53:36,934 - ERROR - Database Connection Faild
2025-04-05 20:53:53,979 - ERROR - Database Connection Faild
2025-04-05 20:54:11,027 - ERROR - Database Connection Faild
2025-04-05 20:54:28,065 - ERROR - Database Connection Faild
2025-04-05 20:54:45,106 - ERROR - Database Connection Faild
2025-04-05 20:55:02,138 - ERROR - Database Connection Faild
2025-04-05 20:55:19,180 - ERROR - Database Connection Faild
2025-04-05 20:55:36,216 - ERROR - Database Connection Faild
2025-04-05 20:55:53,260 - ERROR - Database Connection Faild
2025-04-05 20:56:10,305 - ERROR - Database Connection Faild
2025-04-05 20:56:27,355 - ERROR - Database Connection Faild
2025-04-05 20:56:44,405 - ERROR - Database Connection Faild
2025-04-05 20:57:01,451 - ERROR - Database Connection Faild
2025-04-05 20:57:18,499 - ERROR - Database Connection Faild
2025-04-05 20:57:35,535 - ERROR - Database Connection Faild
2025-04-05 20:57:52,579 - ERROR - Database Connection Faild
2025-04-05 20:58:09,624 - ERROR - Database Connection Faild
2025-04-05 20:58:26,669 - ERROR - Database Connection Faild
2025-04-05 20:58:43,705 - ERROR - Database Connection Faild
2025-04-05 20:59:00,755 - ERROR - Database Connection Faild
2025-04-05 20:59:17,802 - ERROR - Database Connection Faild
2025-04-05 20:59:34,848 - ERROR - Database Connection Faild
2025-04-05 20:59:51,890 - ERROR - Database Connection Faild
2025-04-05 21:00:08,935 - ERROR - Database Connection Faild
2025-04-05 21:00:25,985 - ERROR - Database Connection Faild
2025-04-05 21:00:43,027 - ERROR - Database Connection Faild
2025-04-05 21:01:00,061 - ERROR - Database Connection Faild
2025-04-05 21:01:17,106 - ERROR - Database Connection Faild
2025-04-05 21:01:34,150 - ERROR - Database Connection Faild
2025-04-05 21:01:51,193 - ERROR - Database Connection Faild
2025-04-05 21:02:08,242 - ERROR - Database Connection Faild
2025-04-05 21:02:25,283 - ERROR - Database Connection Faild
2025-04-05 21:02:42,328 - ERROR - Database Connection Faild
2025-04-05 21:02:59,364 - ERROR - Database Connection Faild
2025-04-05 21:03:16,412 - ERROR - Database Connection Faild
2025-04-05 21:03:33,461 - ERROR - Database Connection Faild
2025-04-05 21:03:50,509 - ERROR - Database Connection Faild
2025-04-05 21:04:07,553 - ERROR - Database Connection Faild
2025-04-05 21:04:24,590 - ERROR - Database Connection Faild
2025-04-05 21:04:41,628 - ERROR - Database Connection Faild
2025-04-05 21:04:58,677 - ERROR - Database Connection Faild
2025-04-05 21:05:15,722 - ERROR - Database Connection Faild
2025-04-05 21:05:32,769 - ERROR - Database Connection Faild
2025-04-05 21:05:49,817 - ERROR - Database Connection Faild
2025-04-05 21:06:06,863 - ERROR - Database Connection Faild
2025-04-05 21:06:23,915 - ERROR - Database Connection Faild
2025-04-05 21:06:40,962 - ERROR - Database Connection Faild
2025-04-05 21:06:58,009 - ERROR - Database Connection Faild
2025-04-05 21:07:15,050 - ERROR - Database Connection Faild
2025-04-05 21:07:32,095 - ERROR - Database Connection Faild
2025-04-05 21:07:49,148 - ERROR - Database Connection Faild
2025-04-05 21:08:06,197 - ERROR - Database Connection Faild
2025-04-05 21:08:23,246 - ERROR - Database Connection Faild
2025-04-05 21:08:40,289 - ERROR - Database Connection Faild
2025-04-05 21:08:57,325 - ERROR - Database Connection Faild
2025-04-05 21:09:14,372 - ERROR - Database Connection Faild
2025-04-05 21:09:31,419 - ERROR - Database Connection Faild
2025-04-05 21:09:48,451 - ERROR - Database Connection Faild
2025-04-05 21:10:05,495 - ERROR - Database Connection Faild
2025-04-05 21:10:22,530 - ERROR - Database Connection Faild
2025-04-05 21:10:39,568 - ERROR - Database Connection Faild
2025-04-05 21:10:56,617 - ERROR - Database Connection Faild
2025-04-05 21:11:13,664 - ERROR - Database Connection Faild
2025-04-05 21:11:30,698 - ERROR - Database Connection Faild
2025-04-05 21:11:47,745 - ERROR - Database Connection Faild
2025-04-05 21:12:04,788 - ERROR - Database Connection Faild
2025-04-05 21:12:21,821 - ERROR - Database Connection Faild
2025-04-05 21:12:38,857 - ERROR - Database Connection Faild
2025-04-05 21:12:55,904 - ERROR - Database Connection Faild
2025-04-05 21:13:12,948 - ERROR - Database Connection Faild
2025-04-05 21:13:29,987 - ERROR - Database Connection Faild
2025-04-05 21:13:47,031 - ERROR - Database Connection Faild
2025-04-05 21:14:04,071 - ERROR - Database Connection Faild
2025-04-05 21:14:21,110 - ERROR - Database Connection Faild
2025-04-05 21:14:38,160 - ERROR - Database Connection Faild
2025-04-05 21:14:55,197 - ERROR - Database Connection Faild
2025-04-05 21:15:12,234 - ERROR - Database Connection Faild
2025-04-05 21:15:29,282 - ERROR - Database Connection Faild
2025-04-05 21:15:46,327 - ERROR - Database Connection Faild
2025-04-05 21:16:03,368 - ERROR - Database Connection Faild
2025-04-05 21:16:20,417 - ERROR - Database Connection Faild
2025-04-05 21:16:37,457 - ERROR - Database Connection Faild
2025-04-05 21:16:54,504 - ERROR - Database Connection Faild
2025-04-05 21:17:11,547 - ERROR - Database Connection Faild
2025-04-05 21:17:28,592 - ERROR - Database Connection Faild
2025-04-05 21:17:45,627 - ERROR - Database Connection Faild
2025-04-05 21:18:02,670 - ERROR - Database Connection Faild
2025-04-05 21:18:19,708 - ERROR - Database Connection Faild
2025-04-05 21:18:36,752 - ERROR - Database Connection Faild
2025-04-05 21:18:53,789 - ERROR - Database Connection Faild
2025-04-05 21:19:10,829 - ERROR - Database Connection Faild
2025-04-05 21:19:27,870 - ERROR - Database Connection Faild
2025-04-05 21:19:44,898 - ERROR - Database Connection Faild
2025-04-05 21:20:01,943 - ERROR - Database Connection Faild
2025-04-05 21:20:18,985 - ERROR - Database Connection Faild
2025-04-05 21:20:36,033 - ERROR - Database Connection Faild
2025-04-05 21:20:53,084 - ERROR - Database Connection Faild
2025-04-05 21:21:10,137 - ERROR - Database Connection Faild
2025-04-05 21:21:27,190 - ERROR - Database Connection Faild
2025-04-05 21:21:44,239 - ERROR - Database Connection Faild
2025-04-05 21:22:01,284 - ERROR - Database Connection Faild
2025-04-05 21:22:18,325 - ERROR - Database Connection Faild
2025-04-05 21:22:35,373 - ERROR - Database Connection Faild
2025-04-05 21:22:52,416 - ERROR - Database Connection Faild
2025-04-05 21:23:09,460 - ERROR - Database Connection Faild
2025-04-05 21:23:26,498 - ERROR - Database Connection Faild
2025-04-05 21:23:43,537 - ERROR - Database Connection Faild
2025-04-05 21:24:00,582 - ERROR - Database Connection Faild
2025-04-05 21:24:17,625 - ERROR - Database Connection Faild
2025-04-05 21:24:34,683 - ERROR - Database Connection Faild
2025-04-05 21:24:51,734 - ERROR - Database Connection Faild
2025-04-05 21:25:08,789 - ERROR - Database Connection Faild
2025-04-05 21:25:25,826 - ERROR - Database Connection Faild
2025-04-05 21:25:42,878 - ERROR - Database Connection Faild
2025-04-05 21:25:59,934 - ERROR - Database Connection Faild
2025-04-05 21:26:16,980 - ERROR - Database Connection Faild
2025-04-05 21:26:34,024 - ERROR - Database Connection Faild
2025-04-05 21:26:51,042 - ERROR - Database Connection Faild
2025-04-05 21:27:08,090 - ERROR - Database Connection Faild
2025-04-05 21:27:25,128 - ERROR - Database Connection Faild
2025-04-05 21:27:42,182 - ERROR - Database Connection Faild
2025-04-05 21:27:59,213 - ERROR - Database Connection Faild
2025-04-05 21:28:16,251 - ERROR - Database Connection Faild
2025-04-05 21:28:33,302 - ERROR - Database Connection Faild
2025-04-05 21:28:50,345 - ERROR - Database Connection Faild
2025-04-05 21:29:07,385 - ERROR - Database Connection Faild
2025-04-05 21:29:24,434 - ERROR - Database Connection Faild
2025-04-05 21:29:41,485 - ERROR - Database Connection Faild
2025-04-05 21:29:58,534 - ERROR - Database Connection Faild
2025-04-05 21:30:15,582 - ERROR - Database Connection Faild
2025-04-05 21:30:32,619 - ERROR - Database Connection Faild
2025-04-05 21:30:49,657 - ERROR - Database Connection Faild
2025-04-05 21:31:06,706 - ERROR - Database Connection Faild
2025-04-05 21:31:23,751 - ERROR - Database Connection Faild
2025-04-05 21:31:40,792 - ERROR - Database Connection Faild
2025-04-05 21:31:57,839 - ERROR - Database Connection Faild
2025-04-05 21:32:14,886 - ERROR - Database Connection Faild
2025-04-05 21:32:31,931 - ERROR - Database Connection Faild
2025-04-05 21:32:48,982 - ERROR - Database Connection Faild
2025-04-05 21:33:06,035 - ERROR - Database Connection Faild
2025-04-05 21:33:23,080 - ERROR - Database Connection Faild
2025-04-05 21:33:40,126 - ERROR - Database Connection Faild
2025-04-05 21:33:57,178 - ERROR - Database Connection Faild
2025-04-05 21:34:14,227 - ERROR - Database Connection Faild
2025-04-05 21:34:31,275 - ERROR - Database Connection Faild
2025-04-05 21:34:48,312 - ERROR - Database Connection Faild
2025-04-05 21:35:05,365 - ERROR - Database Connection Faild
2025-04-05 21:35:22,404 - ERROR - Database Connection Faild
2025-04-05 21:35:39,451 - ERROR - Database Connection Faild
2025-04-05 21:35:56,496 - ERROR - Database Connection Faild
2025-04-05 21:36:13,537 - ERROR - Database Connection Faild
2025-04-05 21:36:30,584 - ERROR - Database Connection Faild
2025-04-05 21:36:47,632 - ERROR - Database Connection Faild
2025-04-05 21:37:04,667 - ERROR - Database Connection Faild
2025-04-05 21:37:21,718 - ERROR - Database Connection Faild
2025-04-05 21:37:38,766 - ERROR - Database Connection Faild
2025-04-05 21:37:55,809 - ERROR - Database Connection Faild
2025-04-05 21:38:12,844 - ERROR - Database Connection Faild
2025-04-05 21:38:29,885 - ERROR - Database Connection Faild
2025-04-05 21:38:46,912 - ERROR - Database Connection Faild
2025-04-05 21:39:03,957 - ERROR - Database Connection Faild
2025-04-05 21:39:21,006 - ERROR - Database Connection Faild
2025-04-05 21:39:38,050 - ERROR - Database Connection Faild
2025-04-05 21:39:55,089 - ERROR - Database Connection Faild
2025-04-05 21:40:12,139 - ERROR - Database Connection Faild
2025-04-05 21:40:29,184 - ERROR - Database Connection Faild
2025-04-05 21:40:46,226 - ERROR - Database Connection Faild
2025-04-05 21:41:03,271 - ERROR - Database Connection Faild
2025-04-05 21:41:20,324 - ERROR - Database Connection Faild
2025-04-05 21:41:37,367 - ERROR - Database Connection Faild
2025-04-05 21:41:54,417 - ERROR - Database Connection Faild
2025-04-05 21:42:11,471 - ERROR - Database Connection Faild
2025-04-05 21:42:28,523 - ERROR - Database Connection Faild
2025-04-05 21:42:45,573 - ERROR - Database Connection Faild
2025-04-05 21:43:02,606 - ERROR - Database Connection Faild
2025-04-05 21:43:19,660 - ERROR - Database Connection Faild
2025-04-05 21:43:36,716 - ERROR - Database Connection Faild
2025-04-05 21:43:53,769 - ERROR - Database Connection Faild
2025-04-05 21:44:10,824 - ERROR - Database Connection Faild
2025-04-05 21:44:27,877 - ERROR - Database Connection Faild
2025-04-05 21:44:44,921 - ERROR - Database Connection Faild
2025-04-05 21:45:01,978 - ERROR - Database Connection Faild
2025-04-05 21:45:19,014 - ERROR - Database Connection Faild
2025-04-05 21:45:36,063 - ERROR - Database Connection Faild
2025-04-05 21:45:53,115 - ERROR - Database Connection Faild
2025-04-05 21:46:10,148 - ERROR - Database Connection Faild
2025-04-05 21:46:27,178 - ERROR - Database Connection Faild
2025-04-05 21:46:44,227 - ERROR - Database Connection Faild
2025-04-05 21:47:01,272 - ERROR - Database Connection Faild
2025-04-05 21:47:18,307 - ERROR - Database Connection Faild
2025-04-05 21:47:35,356 - ERROR - Database Connection Faild
2025-04-05 21:47:52,412 - ERROR - Database Connection Faild
2025-04-05 21:48:09,442 - ERROR - Database Connection Faild
2025-04-05 21:48:26,483 - ERROR - Database Connection Faild
2025-04-05 21:48:43,531 - ERROR - Database Connection Faild
2025-04-05 21:49:00,580 - ERROR - Database Connection Faild
2025-04-05 21:49:17,618 - ERROR - Database Connection Faild
2025-04-05 21:49:34,655 - ERROR - Database Connection Faild
2025-04-05 21:49:51,686 - ERROR - Database Connection Faild
2025-04-05 21:50:08,741 - ERROR - Database Connection Faild
2025-04-05 21:50:25,787 - ERROR - Database Connection Faild
2025-04-05 21:50:42,805 - ERROR - Database Connection Faild
2025-04-05 21:50:59,856 - ERROR - Database Connection Faild
2025-04-05 21:51:16,889 - ERROR - Database Connection Faild
2025-04-05 21:51:33,944 - ERROR - Database Connection Faild
2025-04-05 21:51:50,993 - ERROR - Database Connection Faild
2025-04-05 21:52:08,047 - ERROR - Database Connection Faild
2025-04-05 21:52:25,086 - ERROR - Database Connection Faild
2025-04-05 21:52:42,139 - ERROR - Database Connection Faild
2025-04-05 21:52:59,186 - ERROR - Database Connection Faild
2025-04-05 21:53:16,243 - ERROR - Database Connection Faild
2025-04-05 21:53:33,272 - ERROR - Database Connection Faild
2025-04-05 21:53:50,317 - ERROR - Database Connection Faild
2025-04-05 21:54:07,368 - ERROR - Database Connection Faild
2025-04-05 21:54:24,413 - ERROR - Database Connection Faild
2025-04-05 21:54:41,444 - ERROR - Database Connection Faild
2025-04-05 21:54:58,486 - ERROR - Database Connection Faild
2025-04-05 21:55:15,530 - ERROR - Database Connection Faild
2025-04-05 21:55:32,576 - ERROR - Database Connection Faild
2025-04-05 21:55:49,622 - ERROR - Database Connection Faild
2025-04-05 21:56:06,675 - ERROR - Database Connection Faild
2025-04-05 21:56:23,726 - ERROR - Database Connection Faild
2025-04-05 21:56:40,773 - ERROR - Database Connection Faild
2025-04-05 21:56:57,795 - ERROR - Database Connection Faild
2025-04-05 21:57:14,849 - ERROR - Database Connection Faild
2025-04-05 21:57:31,901 - ERROR - Database Connection Faild
2025-04-05 21:57:48,950 - ERROR - Database Connection Faild
2025-04-05 21:58:06,000 - ERROR - Database Connection Faild
2025-04-05 21:58:23,043 - ERROR - Database Connection Faild
2025-04-05 21:58:40,095 - ERROR - Database Connection Faild
2025-04-05 21:58:57,144 - ERROR - Database Connection Faild
2025-04-05 21:59:14,184 - ERROR - Database Connection Faild
2025-04-05 21:59:31,230 - ERROR - Database Connection Faild
2025-04-05 21:59:48,273 - ERROR - Database Connection Faild
2025-04-05 22:00:05,316 - ERROR - Database Connection Faild
2025-04-05 22:00:22,373 - ERROR - Database Connection Faild
2025-04-05 22:00:39,426 - ERROR - Database Connection Faild
2025-04-05 22:00:56,480 - ERROR - Database Connection Faild
2025-04-05 22:01:13,516 - ERROR - Database Connection Faild
2025-04-05 22:01:30,567 - ERROR - Database Connection Faild
2025-04-05 22:01:47,623 - ERROR - Database Connection Faild
2025-04-05 22:02:04,669 - ERROR - Database Connection Faild
2025-04-05 22:02:21,720 - ERROR - Database Connection Faild
2025-04-05 22:02:38,749 - ERROR - Database Connection Faild
2025-04-05 22:02:55,806 - ERROR - Database Connection Faild
2025-04-05 22:03:12,847 - ERROR - Database Connection Faild
2025-04-05 22:03:29,892 - ERROR - Database Connection Faild
2025-04-05 22:03:46,919 - ERROR - Database Connection Faild
2025-04-05 22:04:03,951 - ERROR - Database Connection Faild
2025-04-05 22:04:20,999 - ERROR - Database Connection Faild
2025-04-05 22:04:38,047 - ERROR - Database Connection Faild
2025-04-05 22:04:55,093 - ERROR - Database Connection Faild
2025-04-05 22:05:12,142 - ERROR - Database Connection Faild
2025-04-05 22:05:29,183 - ERROR - Database Connection Faild
2025-04-05 22:05:46,227 - ERROR - Database Connection Faild
2025-04-05 22:06:03,258 - ERROR - Database Connection Faild
2025-04-05 22:06:20,317 - ERROR - Database Connection Faild
2025-04-05 22:06:37,357 - ERROR - Database Connection Faild
2025-04-05 22:06:54,399 - ERROR - Database Connection Faild
2025-04-05 22:07:11,449 - ERROR - Database Connection Faild
2025-04-05 22:07:28,490 - ERROR - Database Connection Faild
2025-04-05 22:07:45,547 - ERROR - Database Connection Faild
2025-04-05 22:08:02,597 - ERROR - Database Connection Faild
2025-04-05 22:08:19,639 - ERROR - Database Connection Faild
2025-04-05 22:08:36,689 - ERROR - Database Connection Faild
2025-04-05 22:08:53,740 - ERROR - Database Connection Faild
2025-04-05 22:09:10,790 - ERROR - Database Connection Faild
2025-04-05 22:09:27,833 - ERROR - Database Connection Faild
2025-04-05 22:09:44,882 - ERROR - Database Connection Faild
2025-04-05 22:10:01,928 - ERROR - Database Connection Faild
2025-04-05 22:10:18,971 - ERROR - Database Connection Faild
2025-04-05 22:10:36,019 - ERROR - Database Connection Faild
2025-04-05 22:10:53,058 - ERROR - Database Connection Faild
2025-04-05 22:11:10,101 - ERROR - Database Connection Faild
2025-04-05 22:11:27,134 - ERROR - Database Connection Faild
2025-04-05 22:11:44,177 - ERROR - Database Connection Faild
2025-04-05 22:12:01,227 - ERROR - Database Connection Faild
2025-04-05 22:12:18,272 - ERROR - Database Connection Faild
2025-04-05 22:12:35,321 - ERROR - Database Connection Faild
2025-04-05 22:12:52,377 - ERROR - Database Connection Faild
2025-04-05 22:13:09,428 - ERROR - Database Connection Faild
2025-04-05 22:13:26,484 - ERROR - Database Connection Faild
2025-04-05 22:13:43,528 - ERROR - Database Connection Faild
2025-04-05 22:14:00,584 - ERROR - Database Connection Faild
2025-04-05 22:14:17,618 - ERROR - Database Connection Faild
2025-04-05 22:14:34,660 - ERROR - Database Connection Faild
2025-04-05 22:14:51,712 - ERROR - Database Connection Faild
2025-04-05 22:15:08,764 - ERROR - Database Connection Faild
2025-04-05 22:15:25,807 - ERROR - Database Connection Faild
2025-04-05 22:15:42,847 - ERROR - Database Connection Faild
2025-04-05 22:15:59,900 - ERROR - Database Connection Faild
2025-04-05 22:16:16,930 - ERROR - Database Connection Faild
2025-04-05 22:16:33,971 - ERROR - Database Connection Faild
2025-04-05 22:16:51,021 - ERROR - Database Connection Faild
2025-04-05 22:17:08,074 - ERROR - Database Connection Faild
2025-04-05 22:17:25,120 - ERROR - Database Connection Faild
2025-04-05 22:17:42,167 - ERROR - Database Connection Faild
2025-04-05 22:17:59,192 - ERROR - Database Connection Faild
2025-04-05 22:18:16,246 - ERROR - Database Connection Faild
2025-04-05 22:18:33,294 - ERROR - Database Connection Faild
2025-04-05 22:18:50,343 - ERROR - Database Connection Faild
2025-04-05 22:19:07,374 - ERROR - Database Connection Faild
2025-04-05 22:19:24,420 - ERROR - Database Connection Faild
2025-04-05 22:19:41,473 - ERROR - Database Connection Faild
2025-04-05 22:19:58,531 - ERROR - Database Connection Faild
2025-04-05 22:20:15,574 - ERROR - Database Connection Faild
2025-04-05 22:20:32,617 - ERROR - Database Connection Faild
2025-04-05 22:20:49,663 - ERROR - Database Connection Faild
2025-04-05 22:21:06,710 - ERROR - Database Connection Faild
2025-04-05 22:21:23,762 - ERROR - Database Connection Faild
2025-04-05 22:21:40,807 - ERROR - Database Connection Faild
2025-04-05 22:21:57,868 - ERROR - Database Connection Faild
2025-04-05 22:22:14,912 - ERROR - Database Connection Faild
2025-04-05 22:22:31,960 - ERROR - Database Connection Faild
2025-04-05 22:22:49,018 - ERROR - Database Connection Faild
2025-04-05 22:23:06,068 - ERROR - Database Connection Faild
2025-04-05 22:23:23,110 - ERROR - Database Connection Faild
2025-04-05 22:23:40,161 - ERROR - Database Connection Faild
2025-04-05 22:23:57,207 - ERROR - Database Connection Faild
2025-04-05 22:24:14,257 - ERROR - Database Connection Faild
2025-04-05 22:24:31,288 - ERROR - Database Connection Faild
2025-04-05 22:24:48,341 - ERROR - Database Connection Faild
2025-04-05 22:25:05,393 - ERROR - Database Connection Faild
2025-04-05 22:25:22,435 - ERROR - Database Connection Faild
2025-04-05 22:25:39,487 - ERROR - Database Connection Faild
2025-04-05 22:25:56,542 - ERROR - Database Connection Faild
2025-04-05 22:26:13,585 - ERROR - Database Connection Faild
2025-04-05 22:26:30,631 - ERROR - Database Connection Faild
2025-04-05 22:26:47,684 - ERROR - Database Connection Faild
2025-04-05 22:27:04,729 - ERROR - Database Connection Faild
2025-04-05 22:27:21,779 - ERROR - Database Connection Faild
2025-04-05 22:27:38,834 - ERROR - Database Connection Faild
2025-04-05 22:27:55,887 - ERROR - Database Connection Faild
2025-04-05 22:28:12,932 - ERROR - Database Connection Faild
2025-04-05 22:28:29,976 - ERROR - Database Connection Faild
2025-04-05 22:28:47,018 - ERROR - Database Connection Faild
2025-04-05 22:29:04,072 - ERROR - Database Connection Faild
2025-04-05 22:29:21,121 - ERROR - Database Connection Faild
2025-04-05 22:29:38,160 - ERROR - Database Connection Faild
2025-04-05 22:29:55,216 - ERROR - Database Connection Faild
2025-04-05 22:30:12,259 - ERROR - Database Connection Faild
2025-04-05 22:30:29,313 - ERROR - Database Connection Faild
2025-04-05 22:30:46,358 - ERROR - Database Connection Faild
2025-04-05 22:31:03,400 - ERROR - Database Connection Faild
2025-04-05 22:31:20,454 - ERROR - Database Connection Faild
2025-04-05 22:31:37,507 - ERROR - Database Connection Faild
2025-04-05 22:31:54,562 - ERROR - Database Connection Faild
2025-04-05 22:32:11,598 - ERROR - Database Connection Faild
2025-04-05 22:32:28,657 - ERROR - Database Connection Faild
2025-04-05 22:32:45,711 - ERROR - Database Connection Faild
2025-04-05 22:33:02,760 - ERROR - Database Connection Faild
2025-04-05 22:33:19,799 - ERROR - Database Connection Faild
2025-04-05 22:33:36,846 - ERROR - Database Connection Faild
2025-04-05 22:33:53,894 - ERROR - Database Connection Faild
2025-04-05 22:34:10,944 - ERROR - Database Connection Faild
2025-04-05 22:34:27,985 - ERROR - Database Connection Faild
2025-04-05 22:34:45,022 - ERROR - Database Connection Faild
2025-04-05 22:35:02,059 - ERROR - Database Connection Faild
2025-04-05 22:35:19,098 - ERROR - Database Connection Faild
2025-04-05 22:35:36,130 - ERROR - Database Connection Faild
2025-04-05 22:35:53,188 - ERROR - Database Connection Faild
2025-04-05 22:36:10,223 - ERROR - Database Connection Faild
2025-04-05 22:36:27,262 - ERROR - Database Connection Faild
2025-04-05 22:36:44,302 - ERROR - Database Connection Faild
2025-04-05 22:37:01,339 - ERROR - Database Connection Faild
2025-04-05 22:37:18,375 - ERROR - Database Connection Faild
2025-04-05 22:37:35,424 - ERROR - Database Connection Faild
2025-04-05 22:37:52,467 - ERROR - Database Connection Faild
2025-04-05 22:38:09,518 - ERROR - Database Connection Faild
2025-04-05 22:38:26,552 - ERROR - Database Connection Faild
2025-04-05 22:38:43,599 - ERROR - Database Connection Faild
2025-04-05 22:39:00,640 - ERROR - Database Connection Faild
2025-04-05 22:39:17,686 - ERROR - Database Connection Faild
2025-04-05 22:39:34,732 - ERROR - Database Connection Faild
2025-04-05 22:39:51,777 - ERROR - Database Connection Faild
2025-04-05 22:40:08,815 - ERROR - Database Connection Faild
2025-04-05 22:40:25,863 - ERROR - Database Connection Faild
2025-04-05 22:40:42,910 - ERROR - Database Connection Faild
2025-04-05 22:40:59,953 - ERROR - Database Connection Faild
2025-04-05 22:41:16,987 - ERROR - Database Connection Faild
2025-04-05 22:41:34,020 - ERROR - Database Connection Faild
2025-04-05 22:41:51,066 - ERROR - Database Connection Faild
2025-04-05 22:42:08,109 - ERROR - Database Connection Faild
2025-04-05 22:42:25,163 - ERROR - Database Connection Faild
2025-04-05 22:42:42,202 - ERROR - Database Connection Faild
2025-04-05 22:42:59,255 - ERROR - Database Connection Faild
2025-04-05 22:43:16,301 - ERROR - Database Connection Faild
2025-04-05 22:43:33,353 - ERROR - Database Connection Faild
2025-04-05 22:43:50,396 - ERROR - Database Connection Faild
2025-04-05 22:44:07,449 - ERROR - Database Connection Faild
2025-04-05 22:44:24,498 - ERROR - Database Connection Faild
2025-04-05 22:44:41,538 - ERROR - Database Connection Faild
2025-04-05 22:44:58,576 - ERROR - Database Connection Faild
2025-04-05 22:45:15,614 - ERROR - Database Connection Faild
2025-04-05 22:45:32,660 - ERROR - Database Connection Faild
2025-04-05 22:45:49,709 - ERROR - Database Connection Faild
2025-04-05 22:46:06,749 - ERROR - Database Connection Faild
2025-04-05 22:46:23,795 - ERROR - Database Connection Faild
2025-04-05 22:46:40,839 - ERROR - Database Connection Faild
2025-04-05 22:46:57,882 - ERROR - Database Connection Faild
2025-04-05 22:47:14,931 - ERROR - Database Connection Faild
2025-04-05 22:47:31,979 - ERROR - Database Connection Faild
2025-04-05 22:47:49,024 - ERROR - Database Connection Faild
2025-04-05 22:48:06,063 - ERROR - Database Connection Faild
2025-04-05 22:48:23,121 - ERROR - Database Connection Faild
2025-04-05 22:48:40,159 - ERROR - Database Connection Faild
2025-04-05 22:48:57,203 - ERROR - Database Connection Faild
2025-04-05 22:49:14,249 - ERROR - Database Connection Faild
2025-04-05 22:49:31,289 - ERROR - Database Connection Faild
2025-04-05 22:49:48,337 - ERROR - Database Connection Faild
2025-04-05 22:50:05,389 - ERROR - Database Connection Faild
2025-04-05 22:50:22,433 - ERROR - Database Connection Faild
2025-04-05 22:50:39,475 - ERROR - Database Connection Faild
2025-04-05 22:50:56,519 - ERROR - Database Connection Faild
2025-04-05 22:51:13,572 - ERROR - Database Connection Faild
2025-04-05 22:51:30,616 - ERROR - Database Connection Faild
2025-04-05 22:51:47,657 - ERROR - Database Connection Faild
2025-04-05 22:52:04,713 - ERROR - Database Connection Faild
2025-04-05 22:52:21,759 - ERROR - Database Connection Faild
2025-04-05 22:52:38,806 - ERROR - Database Connection Faild
2025-04-05 22:52:55,858 - ERROR - Database Connection Faild
2025-04-05 22:53:12,893 - ERROR - Database Connection Faild
2025-04-05 22:53:29,934 - ERROR - Database Connection Faild
2025-04-05 22:53:46,988 - ERROR - Database Connection Faild
2025-04-05 22:54:04,024 - ERROR - Database Connection Faild
2025-04-05 22:54:21,064 - ERROR - Database Connection Faild
2025-04-05 22:54:38,113 - ERROR - Database Connection Faild
2025-04-05 22:54:55,164 - ERROR - Database Connection Faild
2025-04-05 22:55:12,205 - ERROR - Database Connection Faild
2025-04-05 22:55:29,258 - ERROR - Database Connection Faild
2025-04-05 22:55:46,304 - ERROR - Database Connection Faild
2025-04-05 22:56:03,351 - ERROR - Database Connection Faild
2025-04-05 22:56:20,383 - ERROR - Database Connection Faild
2025-04-05 22:56:37,424 - ERROR - Database Connection Faild
2025-04-05 22:56:54,474 - ERROR - Database Connection Faild
2025-04-05 22:57:11,514 - ERROR - Database Connection Faild
2025-04-05 22:57:28,564 - ERROR - Database Connection Faild
2025-04-05 22:57:45,615 - ERROR - Database Connection Faild
2025-04-05 22:58:02,673 - ERROR - Database Connection Faild
2025-04-05 22:58:19,717 - ERROR - Database Connection Faild
2025-04-05 22:58:36,772 - ERROR - Database Connection Faild
2025-04-05 22:58:53,812 - ERROR - Database Connection Faild
2025-04-05 22:59:10,853 - ERROR - Database Connection Faild
2025-04-05 22:59:27,902 - ERROR - Database Connection Faild
2025-04-05 22:59:44,944 - ERROR - Database Connection Faild
2025-04-05 23:00:02,020 - ERROR - Database Connection Faild
2025-04-05 23:00:19,061 - ERROR - Database Connection Faild
2025-04-05 23:00:36,105 - ERROR - Database Connection Faild
2025-04-05 23:00:53,156 - ERROR - Database Connection Faild
2025-04-05 23:01:10,210 - ERROR - Database Connection Faild
2025-04-05 23:01:27,263 - ERROR - Database Connection Faild
2025-04-05 23:01:44,301 - ERROR - Database Connection Faild
2025-04-05 23:02:01,339 - ERROR - Database Connection Faild
2025-04-05 23:02:18,379 - ERROR - Database Connection Faild
2025-04-05 23:02:35,426 - ERROR - Database Connection Faild
2025-04-05 23:02:52,474 - ERROR - Database Connection Faild
2025-04-05 23:03:09,514 - ERROR - Database Connection Faild
2025-04-05 23:03:26,547 - ERROR - Database Connection Faild
2025-04-05 23:03:43,596 - ERROR - Database Connection Faild
2025-04-05 23:04:00,641 - ERROR - Database Connection Faild
2025-04-05 23:04:17,681 - ERROR - Database Connection Faild
2025-04-05 23:04:34,733 - ERROR - Database Connection Faild
2025-04-05 23:04:51,767 - ERROR - Database Connection Faild
2025-04-05 23:05:08,812 - ERROR - Database Connection Faild
2025-04-05 23:05:25,845 - ERROR - Database Connection Faild
2025-04-05 23:05:42,886 - ERROR - Database Connection Faild
2025-04-05 23:05:59,927 - ERROR - Database Connection Faild
2025-04-05 23:06:16,963 - ERROR - Database Connection Faild
2025-04-05 23:06:34,012 - ERROR - Database Connection Faild
2025-04-05 23:06:51,058 - ERROR - Database Connection Faild
2025-04-05 23:07:08,087 - ERROR - Database Connection Faild
2025-04-05 23:07:25,106 - ERROR - Database Connection Faild
2025-04-05 23:07:42,160 - ERROR - Database Connection Faild
2025-04-05 23:07:59,210 - ERROR - Database Connection Faild
2025-04-05 23:08:16,251 - ERROR - Database Connection Faild
2025-04-05 23:08:33,300 - ERROR - Database Connection Faild
2025-04-05 23:08:50,333 - ERROR - Database Connection Faild
2025-04-05 23:09:07,374 - ERROR - Database Connection Faild
2025-04-05 23:09:24,416 - ERROR - Database Connection Faild
2025-04-05 23:09:41,471 - ERROR - Database Connection Faild
2025-04-05 23:09:58,524 - ERROR - Database Connection Faild
2025-04-05 23:10:15,566 - ERROR - Database Connection Faild
2025-04-05 23:10:32,617 - ERROR - Database Connection Faild
2025-04-05 23:10:49,663 - ERROR - Database Connection Faild
2025-04-05 23:11:06,709 - ERROR - Database Connection Faild
2025-04-05 23:11:23,752 - ERROR - Database Connection Faild
2025-04-05 23:11:40,794 - ERROR - Database Connection Faild
2025-04-05 23:11:57,853 - ERROR - Database Connection Faild
2025-04-05 23:12:14,902 - ERROR - Database Connection Faild
2025-04-05 23:12:31,952 - ERROR - Database Connection Faild
2025-04-05 23:12:49,006 - ERROR - Database Connection Faild
2025-04-05 23:13:06,058 - ERROR - Database Connection Faild
2025-04-05 23:13:23,098 - ERROR - Database Connection Faild
2025-04-05 23:13:40,128 - ERROR - Database Connection Faild
2025-04-05 23:13:57,169 - ERROR - Database Connection Faild
2025-04-05 23:14:14,215 - ERROR - Database Connection Faild
2025-04-05 23:14:31,251 - ERROR - Database Connection Faild
2025-04-05 23:14:48,301 - ERROR - Database Connection Faild
2025-04-05 23:15:05,342 - ERROR - Database Connection Faild
2025-04-05 23:15:22,380 - ERROR - Database Connection Faild
2025-04-05 23:15:39,419 - ERROR - Database Connection Faild
2025-04-05 23:15:56,465 - ERROR - Database Connection Faild
2025-04-05 23:16:13,519 - ERROR - Database Connection Faild
2025-04-05 23:16:30,561 - ERROR - Database Connection Faild
2025-04-05 23:16:47,602 - ERROR - Database Connection Faild
2025-04-05 23:17:04,644 - ERROR - Database Connection Faild
2025-04-05 23:17:21,685 - ERROR - Database Connection Faild
2025-04-05 23:17:38,738 - ERROR - Database Connection Faild
2025-04-05 23:17:55,788 - ERROR - Database Connection Faild
2025-04-05 23:18:12,833 - ERROR - Database Connection Faild
2025-04-05 23:18:29,880 - ERROR - Database Connection Faild
2025-04-05 23:18:46,921 - ERROR - Database Connection Faild
2025-04-05 23:19:03,970 - ERROR - Database Connection Faild
2025-04-05 23:19:21,017 - ERROR - Database Connection Faild
2025-04-05 23:19:38,065 - ERROR - Database Connection Faild
2025-04-05 23:19:55,098 - ERROR - Database Connection Faild
2025-04-05 23:20:12,135 - ERROR - Database Connection Faild
2025-04-05 23:20:29,178 - ERROR - Database Connection Faild
2025-04-05 23:20:46,228 - ERROR - Database Connection Faild
2025-04-05 23:21:03,277 - ERROR - Database Connection Faild
2025-04-05 23:21:20,321 - ERROR - Database Connection Faild
2025-04-05 23:21:37,373 - ERROR - Database Connection Faild
2025-04-05 23:21:54,410 - ERROR - Database Connection Faild
2025-04-05 23:22:11,445 - ERROR - Database Connection Faild
2025-04-05 23:22:28,480 - ERROR - Database Connection Faild
2025-04-05 23:22:45,516 - ERROR - Database Connection Faild
2025-04-05 23:23:02,568 - ERROR - Database Connection Faild
2025-04-05 23:23:19,619 - ERROR - Database Connection Faild
2025-04-05 23:23:36,668 - ERROR - Database Connection Faild
2025-04-05 23:23:53,718 - ERROR - Database Connection Faild
2025-04-05 23:24:10,762 - ERROR - Database Connection Faild
2025-04-05 23:24:27,818 - ERROR - Database Connection Faild
2025-04-05 23:24:44,869 - ERROR - Database Connection Faild
2025-04-05 23:25:01,906 - ERROR - Database Connection Faild
2025-04-05 23:25:18,934 - ERROR - Database Connection Faild
2025-04-05 23:25:35,976 - ERROR - Database Connection Faild
2025-04-05 23:25:53,020 - ERROR - Database Connection Faild
2025-04-05 23:26:10,064 - ERROR - Database Connection Faild
2025-04-05 23:26:27,101 - ERROR - Database Connection Faild
2025-04-05 23:26:44,137 - ERROR - Database Connection Faild
2025-04-05 23:27:01,189 - ERROR - Database Connection Faild
2025-04-05 23:27:18,227 - ERROR - Database Connection Faild
2025-04-05 23:27:35,260 - ERROR - Database Connection Faild
2025-04-05 23:27:52,302 - ERROR - Database Connection Faild
2025-04-05 23:28:09,348 - ERROR - Database Connection Faild
2025-04-05 23:28:26,396 - ERROR - Database Connection Faild
2025-04-05 23:28:43,450 - ERROR - Database Connection Faild
2025-04-05 23:29:00,502 - ERROR - Database Connection Faild
2025-04-05 23:29:17,542 - ERROR - Database Connection Faild
2025-04-05 23:29:34,592 - ERROR - Database Connection Faild
2025-04-05 23:29:51,637 - ERROR - Database Connection Faild
2025-04-05 23:30:08,681 - ERROR - Database Connection Faild
2025-04-05 23:30:25,736 - ERROR - Database Connection Faild
2025-04-05 23:30:42,789 - ERROR - Database Connection Faild
2025-04-05 23:30:59,832 - ERROR - Database Connection Faild
2025-04-05 23:31:16,876 - ERROR - Database Connection Faild
2025-04-05 23:31:33,918 - ERROR - Database Connection Faild
2025-04-05 23:31:50,968 - ERROR - Database Connection Faild
2025-04-05 23:32:08,020 - ERROR - Database Connection Faild
2025-04-05 23:32:25,064 - ERROR - Database Connection Faild
2025-04-05 23:32:42,101 - ERROR - Database Connection Faild
2025-04-05 23:32:59,150 - ERROR - Database Connection Faild
2025-04-05 23:33:16,193 - ERROR - Database Connection Faild
2025-04-05 23:33:33,232 - ERROR - Database Connection Faild
2025-04-05 23:33:50,274 - ERROR - Database Connection Faild
2025-04-05 23:34:07,328 - ERROR - Database Connection Faild
2025-04-05 23:34:24,375 - ERROR - Database Connection Faild
2025-04-05 23:34:41,425 - ERROR - Database Connection Faild
2025-04-05 23:34:58,467 - ERROR - Database Connection Faild
2025-04-05 23:35:15,509 - ERROR - Database Connection Faild
2025-04-05 23:35:32,549 - ERROR - Database Connection Faild
2025-04-05 23:35:49,593 - ERROR - Database Connection Faild
2025-04-05 23:36:06,639 - ERROR - Database Connection Faild
2025-04-05 23:36:23,685 - ERROR - Database Connection Faild
2025-04-05 23:36:40,727 - ERROR - Database Connection Faild
2025-04-05 23:36:57,765 - ERROR - Database Connection Faild
2025-04-05 23:37:14,809 - ERROR - Database Connection Faild
2025-04-05 23:37:31,855 - ERROR - Database Connection Faild
2025-04-05 23:37:48,891 - ERROR - Database Connection Faild
2025-04-05 23:38:05,931 - ERROR - Database Connection Faild
2025-04-05 23:38:22,976 - ERROR - Database Connection Faild
2025-04-05 23:38:40,023 - ERROR - Database Connection Faild
2025-04-05 23:38:57,066 - ERROR - Database Connection Faild
2025-04-05 23:39:14,101 - ERROR - Database Connection Faild
2025-04-05 23:39:31,149 - ERROR - Database Connection Faild
2025-04-05 23:39:48,186 - ERROR - Database Connection Faild
2025-04-05 23:40:05,230 - ERROR - Database Connection Faild
2025-04-05 23:40:22,278 - ERROR - Database Connection Faild
2025-04-05 23:40:39,332 - ERROR - Database Connection Faild
2025-04-05 23:40:56,388 - ERROR - Database Connection Faild
2025-04-05 23:41:13,423 - ERROR - Database Connection Faild
2025-04-05 23:41:30,466 - ERROR - Database Connection Faild
2025-04-05 23:41:47,516 - ERROR - Database Connection Faild
2025-04-05 23:42:04,555 - ERROR - Database Connection Faild
2025-04-05 23:42:21,592 - ERROR - Database Connection Faild
2025-04-05 23:42:38,642 - ERROR - Database Connection Faild
2025-04-05 23:42:55,691 - ERROR - Database Connection Faild
2025-04-05 23:43:12,738 - ERROR - Database Connection Faild
2025-04-05 23:43:29,782 - ERROR - Database Connection Faild
2025-04-05 23:43:46,821 - ERROR - Database Connection Faild
2025-04-05 23:44:03,866 - ERROR - Database Connection Faild
2025-04-05 23:44:20,917 - ERROR - Database Connection Faild
2025-04-05 23:44:37,955 - ERROR - Database Connection Faild
2025-04-05 23:44:54,999 - ERROR - Database Connection Faild
2025-04-05 23:45:12,038 - ERROR - Database Connection Faild
2025-04-05 23:45:29,085 - ERROR - Database Connection Faild
2025-04-05 23:45:46,128 - ERROR - Database Connection Faild
2025-04-05 23:46:03,162 - ERROR - Database Connection Faild
2025-04-05 23:46:20,204 - ERROR - Database Connection Faild
2025-04-05 23:46:37,245 - ERROR - Database Connection Faild
2025-04-05 23:46:54,290 - ERROR - Database Connection Faild
2025-04-05 23:47:11,339 - ERROR - Database Connection Faild
2025-04-05 23:47:28,393 - ERROR - Database Connection Faild
2025-04-05 23:47:45,429 - ERROR - Database Connection Faild
2025-04-05 23:48:02,474 - ERROR - Database Connection Faild
2025-04-05 23:48:19,527 - ERROR - Database Connection Faild
2025-04-05 23:48:36,568 - ERROR - Database Connection Faild
2025-04-05 23:48:53,609 - ERROR - Database Connection Faild
2025-04-05 23:49:10,644 - ERROR - Database Connection Faild
2025-04-05 23:49:27,686 - ERROR - Database Connection Faild
2025-04-05 23:49:44,741 - ERROR - Database Connection Faild
2025-04-05 23:50:01,770 - ERROR - Database Connection Faild
2025-04-05 23:50:18,810 - ERROR - Database Connection Faild
2025-04-05 23:50:35,858 - ERROR - Database Connection Faild
2025-04-05 23:50:52,908 - ERROR - Database Connection Faild
2025-04-05 23:51:09,951 - ERROR - Database Connection Faild
2025-04-05 23:51:26,993 - ERROR - Database Connection Faild
2025-04-05 23:51:44,038 - ERROR - Database Connection Faild
2025-04-05 23:52:01,078 - ERROR - Database Connection Faild
2025-04-05 23:52:18,116 - ERROR - Database Connection Faild
2025-04-05 23:52:35,150 - ERROR - Database Connection Faild
2025-04-05 23:52:52,187 - ERROR - Database Connection Faild
2025-04-05 23:53:09,228 - ERROR - Database Connection Faild
2025-04-05 23:53:26,274 - ERROR - Database Connection Faild
2025-04-05 23:53:43,322 - ERROR - Database Connection Faild
2025-04-05 23:54:00,369 - ERROR - Database Connection Faild
2025-04-05 23:54:17,402 - ERROR - Database Connection Faild
2025-04-05 23:54:34,452 - ERROR - Database Connection Faild
2025-04-05 23:54:51,502 - ERROR - Database Connection Faild
2025-04-05 23:55:08,548 - ERROR - Database Connection Faild
2025-04-05 23:55:25,583 - ERROR - Database Connection Faild
2025-04-05 23:55:42,629 - ERROR - Database Connection Faild
2025-04-05 23:55:59,666 - ERROR - Database Connection Faild
2025-04-05 23:56:16,694 - ERROR - Database Connection Faild
2025-04-05 23:56:33,743 - ERROR - Database Connection Faild
2025-04-05 23:56:50,780 - ERROR - Database Connection Faild
2025-04-05 23:57:07,820 - ERROR - Database Connection Faild
2025-04-05 23:57:24,856 - ERROR - Database Connection Faild
2025-04-05 23:57:41,899 - ERROR - Database Connection Faild
2025-04-05 23:57:58,935 - ERROR - Database Connection Faild
2025-04-05 23:58:15,977 - ERROR - Database Connection Faild
2025-04-05 23:58:33,022 - ERROR - Database Connection Faild
2025-04-05 23:58:50,056 - ERROR - Database Connection Faild
2025-04-05 23:59:07,096 - ERROR - Database Connection Faild
2025-04-05 23:59:24,132 - ERROR - Database Connection Faild
2025-04-05 23:59:41,171 - ERROR - Database Connection Faild
2025-04-05 23:59:58,224 - ERROR - Database Connection Faild
2025-04-06 00:00:15,262 - ERROR - Database Connection Faild
2025-04-06 00:00:32,305 - ERROR - Database Connection Faild
2025-04-06 00:00:49,336 - ERROR - Database Connection Faild
2025-04-06 00:01:06,395 - ERROR - Database Connection Faild
2025-04-06 00:01:23,450 - ERROR - Database Connection Faild
2025-04-06 00:01:40,498 - ERROR - Database Connection Faild
2025-04-06 00:01:57,546 - ERROR - Database Connection Faild
2025-04-06 00:02:14,596 - ERROR - Database Connection Faild
2025-04-06 00:02:31,646 - ERROR - Database Connection Faild
2025-04-06 00:02:48,692 - ERROR - Database Connection Faild
2025-04-06 00:03:05,736 - ERROR - Database Connection Faild
2025-04-06 00:03:22,772 - ERROR - Database Connection Faild
2025-04-06 00:03:39,822 - ERROR - Database Connection Faild
2025-04-06 00:03:56,859 - ERROR - Database Connection Faild
2025-04-06 00:04:13,901 - ERROR - Database Connection Faild
2025-04-06 00:04:30,949 - ERROR - Database Connection Faild
2025-04-06 00:04:47,995 - ERROR - Database Connection Faild
2025-04-06 00:05:05,036 - ERROR - Database Connection Faild
2025-04-06 00:05:22,084 - ERROR - Database Connection Faild
2025-04-06 00:05:39,117 - ERROR - Database Connection Faild
2025-04-06 00:05:56,162 - ERROR - Database Connection Faild
2025-04-06 00:06:13,209 - ERROR - Database Connection Faild
2025-04-06 00:06:30,248 - ERROR - Database Connection Faild
2025-04-06 00:06:47,288 - ERROR - Database Connection Faild
2025-04-06 00:07:04,315 - ERROR - Database Connection Faild
2025-04-06 00:07:21,366 - ERROR - Database Connection Faild
2025-04-06 00:07:38,413 - ERROR - Database Connection Faild
2025-04-06 00:07:55,450 - ERROR - Database Connection Faild
2025-04-06 00:08:12,485 - ERROR - Database Connection Faild
2025-04-06 00:08:29,533 - ERROR - Database Connection Faild
2025-04-06 00:08:46,573 - ERROR - Database Connection Faild
2025-04-06 00:09:03,615 - ERROR - Database Connection Faild
2025-04-06 00:09:20,665 - ERROR - Database Connection Faild
2025-04-06 00:09:37,710 - ERROR - Database Connection Faild
2025-04-06 00:09:54,746 - ERROR - Database Connection Faild
2025-04-06 00:10:11,780 - ERROR - Database Connection Faild
2025-04-06 00:10:28,817 - ERROR - Database Connection Faild
2025-04-06 00:10:45,857 - ERROR - Database Connection Faild
2025-04-06 00:11:02,908 - ERROR - Database Connection Faild
2025-04-06 00:11:19,960 - ERROR - Database Connection Faild
2025-04-06 00:11:36,995 - ERROR - Database Connection Faild
2025-04-06 00:11:54,034 - ERROR - Database Connection Faild
2025-04-06 00:12:11,069 - ERROR - Database Connection Faild
2025-04-06 00:12:28,110 - ERROR - Database Connection Faild
2025-04-06 00:12:45,157 - ERROR - Database Connection Faild
2025-04-06 00:13:02,210 - ERROR - Database Connection Faild
2025-04-06 00:13:19,246 - ERROR - Database Connection Faild
2025-04-06 00:13:36,286 - ERROR - Database Connection Faild
2025-04-06 00:13:53,335 - ERROR - Database Connection Faild
2025-04-06 00:14:10,372 - ERROR - Database Connection Faild
2025-04-06 00:14:27,409 - ERROR - Database Connection Faild
2025-04-06 00:14:44,452 - ERROR - Database Connection Faild
2025-04-06 00:15:01,495 - ERROR - Database Connection Faild
2025-04-06 00:15:18,539 - ERROR - Database Connection Faild
2025-04-06 00:15:35,582 - ERROR - Database Connection Faild
2025-04-06 00:15:52,625 - ERROR - Database Connection Faild
2025-04-06 00:16:09,672 - ERROR - Database Connection Faild
2025-04-06 00:16:26,721 - ERROR - Database Connection Faild
2025-04-06 00:16:43,764 - ERROR - Database Connection Faild
2025-04-06 00:17:00,810 - ERROR - Database Connection Faild
2025-04-06 00:17:17,851 - ERROR - Database Connection Faild
2025-04-06 00:17:34,892 - ERROR - Database Connection Faild
2025-04-06 00:17:51,937 - ERROR - Database Connection Faild
2025-04-07 09:16:47,713 - INFO - package: mysql.connector.plugins
2025-04-07 09:16:47,714 - INFO - plugin_name: mysql_native_password
2025-04-07 09:16:47,720 - INFO - AUTHENTICATION_PLUGIN_CLASS: MySQLNativePasswordAuthPlugin
2025-04-07 09:16:47,723 - INFO - Database is connected
2025-04-07 09:16:58,127 - INFO - Connected to MQTT Broker!
2025-04-07 09:19:02,884 - INFO - Connected to MQTT Broker!
2025-04-07 09:21:07,296 - INFO - Connected to MQTT Broker!
2025-04-07 09:23:11,467 - INFO - Connected to MQTT Broker!
2025-04-07 09:25:15,951 - INFO - Connected to MQTT Broker!
2025-04-07 09:27:19,873 - INFO - Connected to MQTT Broker!
2025-04-07 09:29:24,371 - INFO - Connected to MQTT Broker!
2025-04-07 09:31:28,436 - INFO - Connected to MQTT Broker!
2025-04-07 09:33:32,538 - INFO - Connected to MQTT Broker!
2025-04-07 09:35:36,122 - INFO - Connected to MQTT Broker!
2025-04-07 09:37:40,315 - INFO - Connected to MQTT Broker!
2025-04-07 09:39:45,066 - INFO - Connected to MQTT Broker!
2025-04-07 09:41:36,220 - ERROR - Database Connection Faild
2025-04-07 11:05:45,322 - INFO - package: mysql.connector.plugins
2025-04-07 11:05:45,322 - INFO - plugin_name: mysql_native_password
2025-04-07 11:05:45,323 - INFO - AUTHENTICATION_PLUGIN_CLASS: MySQLNativePasswordAuthPlugin
2025-04-07 11:05:45,324 - INFO - Database is connected
2025-04-07 11:05:55,739 - INFO - Connected to MQTT Broker!
2025-04-07 11:07:59,970 - INFO - Connected to MQTT Broker!
2025-04-07 11:08:02,916 - ERROR - Database Connection Faild
2025-04-07 11:11:08,215 - INFO - package: mysql.connector.plugins
2025-04-07 11:11:08,215 - INFO - plugin_name: mysql_native_password
2025-04-07 11:11:08,216 - INFO - AUTHENTICATION_PLUGIN_CLASS: MySQLNativePasswordAuthPlugin
2025-04-07 11:11:08,217 - INFO - Database is connected
2025-04-07 11:11:18,609 - INFO - Connected to MQTT Broker!
2025-04-07 11:13:14,042 - ERROR - Database Connection Faild
2025-04-07 11:16:14,381 - INFO - package: mysql.connector.plugins
2025-04-07 11:16:14,381 - INFO - plugin_name: mysql_native_password
2025-04-07 11:16:14,382 - INFO - AUTHENTICATION_PLUGIN_CLASS: MySQLNativePasswordAuthPlugin
2025-04-07 11:16:14,382 - INFO - Database is connected
2025-04-07 11:16:24,775 - INFO - Connected to MQTT Broker!
2025-04-07 11:18:27,926 - ERROR - Database Connection Faild
2025-04-07 11:22:51,158 - INFO - package: mysql.connector.plugins
2025-04-07 11:22:51,158 - INFO - plugin_name: mysql_native_password
2025-04-07 11:22:51,159 - INFO - AUTHENTICATION_PLUGIN_CLASS: MySQLNativePasswordAuthPlugin
2025-04-07 11:22:51,160 - INFO - Database is connected
2025-04-07 11:23:01,535 - INFO - Connected to MQTT Broker!
2025-04-07 11:24:59,339 - ERROR - Database Connection Faild
2025-04-07 11:27:47,132 - INFO - package: mysql.connector.plugins
2025-04-07 11:27:47,133 - INFO - plugin_name: mysql_native_password
2025-04-07 11:27:47,133 - INFO - AUTHENTICATION_PLUGIN_CLASS: MySQLNativePasswordAuthPlugin
2025-04-07 11:27:47,134 - INFO - Database is connected
2025-04-07 11:27:57,550 - INFO - Connected to MQTT Broker!
2025-04-07 11:29:55,063 - ERROR - Database Connection Faild
2025-04-07 11:34:41,033 - INFO - package: mysql.connector.plugins
2025-04-07 11:34:41,033 - INFO - plugin_name: mysql_native_password
2025-04-07 11:34:41,034 - INFO - AUTHENTICATION_PLUGIN_CLASS: MySQLNativePasswordAuthPlugin
2025-04-07 11:34:41,035 - INFO - Database is connected
2025-04-07 11:34:51,411 - INFO - Connected to MQTT Broker!
2025-04-07 11:36:55,633 - INFO - Connected to MQTT Broker!
2025-04-07 11:36:59,405 - ERROR - Database Connection Faild
2025-04-07 11:38:42,113 - INFO - package: mysql.connector.plugins
2025-04-07 11:38:42,113 - INFO - plugin_name: mysql_native_password
2025-04-07 11:38:42,114 - INFO - AUTHENTICATION_PLUGIN_CLASS: MySQLNativePasswordAuthPlugin
2025-04-07 11:38:42,115 - INFO - Database is connected
2025-04-07 11:38:52,508 - INFO - Connected to MQTT Broker!
2025-04-07 11:40:51,964 - ERROR - Database Connection Faild
2025-04-07 11:48:11,902 - INFO - package: mysql.connector.plugins
2025-04-07 11:48:11,903 - INFO - plugin_name: mysql_native_password
2025-04-07 11:48:11,903 - INFO - AUTHENTICATION_PLUGIN_CLASS: MySQLNativePasswordAuthPlugin
2025-04-07 11:48:11,904 - INFO - Database is connected
2025-04-07 11:48:22,387 - INFO - Connected to MQTT Broker!
2025-04-07 11:50:26,233 - INFO - Connected to MQTT Broker!
2025-04-07 11:50:48,682 - ERROR - Database Connection Faild
2025-04-07 12:03:52,584 - INFO - package: mysql.connector.plugins
2025-04-07 12:03:52,584 - INFO - plugin_name: mysql_native_password
2025-04-07 12:03:52,584 - INFO - AUTHENTICATION_PLUGIN_CLASS: MySQLNativePasswordAuthPlugin
2025-04-07 12:03:52,585 - INFO - Database is connected
2025-04-07 12:04:02,990 - INFO - Connected to MQTT Broker!
2025-04-07 12:06:07,287 - INFO - Connected to MQTT Broker!
2025-04-07 12:07:57,055 - ERROR - Database Connection Faild
2025-04-07 12:09:20,300 - INFO - package: mysql.connector.plugins
2025-04-07 12:09:20,300 - INFO - plugin_name: mysql_native_password
2025-04-07 12:09:20,301 - INFO - AUTHENTICATION_PLUGIN_CLASS: MySQLNativePasswordAuthPlugin
2025-04-07 12:09:20,302 - INFO - Database is connected
2025-04-07 12:09:30,675 - INFO - Connected to MQTT Broker!
2025-04-07 12:11:34,555 - INFO - Connected to MQTT Broker!
2025-04-07 12:12:04,704 - ERROR - Database Connection Faild
2025-04-07 12:13:26,114 - INFO - package: mysql.connector.plugins
2025-04-07 12:13:26,114 - INFO - plugin_name: mysql_native_password
2025-04-07 12:13:26,115 - INFO - AUTHENTICATION_PLUGIN_CLASS: MySQLNativePasswordAuthPlugin
2025-04-07 12:13:26,115 - INFO - Database is connected
2025-04-07 12:13:36,523 - INFO - Connected to MQTT Broker!
2025-04-07 12:15:40,913 - INFO - Connected to MQTT Broker!
2025-04-07 12:16:09,672 - ERROR - Database Connection Faild
2025-04-07 12:17:39,491 - INFO - package: mysql.connector.plugins
2025-04-07 12:17:39,491 - INFO - plugin_name: mysql_native_password
2025-04-07 12:17:39,492 - INFO - AUTHENTICATION_PLUGIN_CLASS: MySQLNativePasswordAuthPlugin
2025-04-07 12:17:39,493 - INFO - Database is connected
2025-04-07 12:17:49,899 - INFO - Connected to MQTT Broker!
2025-04-07 12:19:54,414 - INFO - Connected to MQTT Broker!
2025-04-07 12:21:58,617 - INFO - Connected to MQTT Broker!
2025-04-07 12:24:02,148 - INFO - Connected to MQTT Broker!
2025-04-07 12:26:06,369 - INFO - Connected to MQTT Broker!
2025-04-07 12:28:10,070 - INFO - Connected to MQTT Broker!
2025-04-07 12:30:14,387 - INFO - Connected to MQTT Broker!
2025-04-07 12:32:17,659 - INFO - Connected to MQTT Broker!
2025-04-07 12:34:22,073 - INFO - Connected to MQTT Broker!
2025-04-07 12:36:26,695 - INFO - Connected to MQTT Broker!
2025-04-07 12:38:31,041 - INFO - Connected to MQTT Broker!
2025-04-07 12:40:34,413 - INFO - Connected to MQTT Broker!
2025-04-07 12:40:38,590 - ERROR - Database Connection Faild
2025-04-07 12:41:09,651 - INFO - package: mysql.connector.plugins
2025-04-07 12:41:09,651 - INFO - plugin_name: mysql_native_password
2025-04-07 12:41:09,652 - INFO - AUTHENTICATION_PLUGIN_CLASS: MySQLNativePasswordAuthPlugin
2025-04-07 12:41:09,652 - INFO - Database is connected
2025-04-07 12:41:20,062 - INFO - Connected to MQTT Broker!
2025-04-07 12:43:24,433 - INFO - Connected to MQTT Broker!
2025-04-07 12:45:27,638 - INFO - Connected to MQTT Broker!
2025-04-07 12:47:32,070 - INFO - Connected to MQTT Broker!
2025-04-07 12:49:35,470 - INFO - Connected to MQTT Broker!
2025-04-07 12:51:40,084 - INFO - Connected to MQTT Broker!
2025-04-07 12:53:43,445 - INFO - Connected to MQTT Broker!
2025-04-07 12:55:47,762 - INFO - Connected to MQTT Broker!
2025-04-07 12:57:51,037 - INFO - Connected to MQTT Broker!
2025-04-07 12:59:55,438 - INFO - Connected to MQTT Broker!
2025-04-07 13:01:59,779 - INFO - Connected to MQTT Broker!
2025-04-07 13:04:03,081 - INFO - Connected to MQTT Broker!
2025-04-07 13:06:06,489 - INFO - Connected to MQTT Broker!
2025-04-07 13:08:11,053 - INFO - Connected to MQTT Broker!
2025-04-07 13:10:14,982 - INFO - Connected to MQTT Broker!
2025-04-07 13:12:18,884 - INFO - Connected to MQTT Broker!
2025-04-07 13:14:23,001 - INFO - Connected to MQTT Broker!
2025-04-07 13:16:27,401 - INFO - Connected to MQTT Broker!
2025-04-07 13:18:31,424 - INFO - Connected to MQTT Broker!
2025-04-07 13:20:46,496 - INFO - Connected to MQTT Broker!
2025-04-07 13:22:46,733 - INFO - Connected to MQTT Broker!
2025-04-07 13:24:52,947 - INFO - Connected to MQTT Broker!
2025-04-07 13:26:59,663 - INFO - Connected to MQTT Broker!
2025-04-07 13:29:03,938 - INFO - Connected to MQTT Broker!
2025-04-07 13:31:08,433 - INFO - Connected to MQTT Broker!
2025-04-07 13:33:13,056 - INFO - Connected to MQTT Broker!
2025-04-07 13:35:17,626 - INFO - Connected to MQTT Broker!
2025-04-07 13:37:21,855 - INFO - Connected to MQTT Broker!
2025-04-07 13:39:25,330 - INFO - Connected to MQTT Broker!
2025-04-07 13:41:28,382 - INFO - Connected to MQTT Broker!
2025-04-07 13:43:32,761 - INFO - Connected to MQTT Broker!
2025-04-07 13:45:37,139 - INFO - Connected to MQTT Broker!
2025-04-07 13:47:18,912 - ERROR - Database Connection Faild
2025-04-07 13:48:27,101 - INFO - package: mysql.connector.plugins
2025-04-07 13:48:27,102 - INFO - plugin_name: mysql_native_password
2025-04-07 13:48:27,102 - INFO - AUTHENTICATION_PLUGIN_CLASS: MySQLNativePasswordAuthPlugin
2025-04-07 13:48:27,103 - INFO - Database is connected
2025-04-07 13:48:37,500 - INFO - Connected to MQTT Broker!
2025-04-07 13:50:41,655 - INFO - Connected to MQTT Broker!
2025-04-07 13:50:48,578 - ERROR - Database Connection Faild
2025-04-07 13:51:30,143 - INFO - package: mysql.connector.plugins
2025-04-07 13:51:30,143 - INFO - plugin_name: mysql_native_password
2025-04-07 13:51:30,144 - INFO - AUTHENTICATION_PLUGIN_CLASS: MySQLNativePasswordAuthPlugin
2025-04-07 13:51:30,145 - INFO - Database is connected
2025-04-07 13:51:40,547 - INFO - Connected to MQTT Broker!
2025-04-07 13:53:44,996 - INFO - Connected to MQTT Broker!
2025-04-07 13:53:46,171 - ERROR - Database Connection Faild
2025-04-07 13:54:13,215 - INFO - package: mysql.connector.plugins
2025-04-07 13:54:13,215 - INFO - plugin_name: mysql_native_password
2025-04-07 13:54:13,216 - INFO - AUTHENTICATION_PLUGIN_CLASS: MySQLNativePasswordAuthPlugin
2025-04-07 13:54:13,217 - INFO - Database is connected
2025-04-07 13:54:23,649 - INFO - Connected to MQTT Broker!
2025-04-07 13:56:28,195 - INFO - Connected to MQTT Broker!
2025-04-07 13:58:32,371 - INFO - Connected to MQTT Broker!
2025-04-07 14:00:36,472 - INFO - Connected to MQTT Broker!
2025-04-07 14:02:40,998 - INFO - Connected to MQTT Broker!
2025-04-07 14:04:45,082 - INFO - Connected to MQTT Broker!
2025-04-07 14:06:49,291 - INFO - Connected to MQTT Broker!
2025-04-07 14:08:53,537 - INFO - Connected to MQTT Broker!
2025-04-07 14:10:57,678 - INFO - Connected to MQTT Broker!
2025-04-07 14:13:01,216 - INFO - Connected to MQTT Broker!
2025-04-07 14:15:04,346 - INFO - Connected to MQTT Broker!
2025-04-07 14:17:09,139 - INFO - Connected to MQTT Broker!
2025-04-07 14:19:13,378 - INFO - Connected to MQTT Broker!
2025-04-07 14:21:17,503 - INFO - Connected to MQTT Broker!
2025-04-07 14:23:21,554 - INFO - Connected to MQTT Broker!
2025-04-07 14:25:25,444 - INFO - Connected to MQTT Broker!
2025-04-07 14:27:30,487 - INFO - Connected to MQTT Broker!
2025-04-07 14:29:34,565 - INFO - Connected to MQTT Broker!
2025-04-07 14:31:39,014 - INFO - Connected to MQTT Broker!
2025-04-07 14:33:44,125 - INFO - Connected to MQTT Broker!
2025-04-07 14:35:48,036 - INFO - Connected to MQTT Broker!
2025-04-07 14:37:52,207 - INFO - Connected to MQTT Broker!
2025-04-07 14:39:56,362 - INFO - Connected to MQTT Broker!
2025-04-07 14:41:59,314 - INFO - Connected to MQTT Broker!
2025-04-07 14:44:03,511 - INFO - Connected to MQTT Broker!
2025-04-07 14:46:07,697 - INFO - Connected to MQTT Broker!
2025-04-07 14:48:12,236 - INFO - Connected to MQTT Broker!
2025-04-07 14:50:16,252 - INFO - Connected to MQTT Broker!
2025-04-07 14:52:20,295 - INFO - Connected to MQTT Broker!
2025-04-07 14:54:24,800 - INFO - Connected to MQTT Broker!
2025-04-07 14:56:29,788 - INFO - Connected to MQTT Broker!
2025-04-07 14:58:34,747 - INFO - Connected to MQTT Broker!
2025-04-07 15:00:39,225 - INFO - Connected to MQTT Broker!
2025-04-07 15:02:43,656 - INFO - Connected to MQTT Broker!
2025-04-07 15:04:48,196 - INFO - Connected to MQTT Broker!
2025-04-07 15:06:51,497 - INFO - Connected to MQTT Broker!
2025-04-07 15:08:56,550 - INFO - Connected to MQTT Broker!
2025-04-07 15:11:01,457 - INFO - Connected to MQTT Broker!
2025-04-07 15:13:05,032 - INFO - Connected to MQTT Broker!
2025-04-07 15:15:09,702 - INFO - Connected to MQTT Broker!
2025-04-07 15:17:14,288 - INFO - Connected to MQTT Broker!
2025-04-07 15:19:19,452 - INFO - Connected to MQTT Broker!
2025-04-07 15:21:24,350 - INFO - Connected to MQTT Broker!
2025-04-07 15:23:28,843 - INFO - Connected to MQTT Broker!
2025-04-07 15:25:33,009 - INFO - Connected to MQTT Broker!
2025-04-07 15:27:37,417 - INFO - Connected to MQTT Broker!
2025-04-07 15:29:42,089 - INFO - Connected to MQTT Broker!
2025-04-07 15:31:46,874 - INFO - Connected to MQTT Broker!
2025-04-07 15:33:49,912 - INFO - Connected to MQTT Broker!
2025-04-07 15:35:54,028 - INFO - Connected to MQTT Broker!
2025-04-07 15:37:58,511 - INFO - Connected to MQTT Broker!
2025-04-07 15:40:02,369 - INFO - Connected to MQTT Broker!
2025-04-07 15:42:06,718 - INFO - Connected to MQTT Broker!
2025-04-07 15:44:11,178 - INFO - Connected to MQTT Broker!
2025-04-07 15:46:14,844 - INFO - Connected to MQTT Broker!
2025-04-07 15:48:19,299 - INFO - Connected to MQTT Broker!
2025-04-07 15:50:23,872 - INFO - Connected to MQTT Broker!
2025-04-07 15:52:27,888 - INFO - Connected to MQTT Broker!
2025-04-07 15:54:32,280 - INFO - Connected to MQTT Broker!
2025-04-07 15:56:36,631 - INFO - Connected to MQTT Broker!
2025-04-07 15:58:40,998 - INFO - Connected to MQTT Broker!
2025-04-07 16:00:45,951 - INFO - Connected to MQTT Broker!
2025-04-07 16:02:50,529 - INFO - Connected to MQTT Broker!
2025-04-07 16:04:54,988 - INFO - Connected to MQTT Broker!
2025-04-07 16:06:59,095 - INFO - Connected to MQTT Broker!
2025-04-07 16:09:03,372 - INFO - Connected to MQTT Broker!
2025-04-07 16:11:08,256 - INFO - Connected to MQTT Broker!
2025-04-07 16:13:12,825 - INFO - Connected to MQTT Broker!
2025-04-07 16:15:17,205 - INFO - Connected to MQTT Broker!
2025-04-07 16:17:21,892 - INFO - Connected to MQTT Broker!
2025-04-07 16:19:25,463 - INFO - Connected to MQTT Broker!
2025-04-07 16:21:30,522 - INFO - Connected to MQTT Broker!
2025-04-07 16:23:34,644 - INFO - Connected to MQTT Broker!
2025-04-07 16:25:38,619 - INFO - Connected to MQTT Broker!
2025-04-07 16:27:42,032 - INFO - Connected to MQTT Broker!
2025-04-07 16:29:45,982 - INFO - Connected to MQTT Broker!
2025-04-07 16:31:50,363 - INFO - Connected to MQTT Broker!
2025-04-07 16:33:54,625 - INFO - Connected to MQTT Broker!
2025-04-07 16:35:59,425 - INFO - Connected to MQTT Broker!
2025-04-07 16:38:04,297 - INFO - Connected to MQTT Broker!
2025-04-07 16:40:08,822 - INFO - Connected to MQTT Broker!
2025-04-07 16:42:13,860 - INFO - Connected to MQTT Broker!
2025-04-07 16:44:17,324 - INFO - Connected to MQTT Broker!
2025-04-07 16:46:21,756 - INFO - Connected to MQTT Broker!
2025-04-07 16:48:26,299 - INFO - Connected to MQTT Broker!
2025-04-07 16:50:30,709 - INFO - Connected to MQTT Broker!
2025-04-07 16:52:34,450 - INFO - Connected to MQTT Broker!
2025-04-07 16:54:39,325 - INFO - Connected to MQTT Broker!
2025-04-07 16:56:42,802 - INFO - Connected to MQTT Broker!
2025-04-07 16:58:47,092 - INFO - Connected to MQTT Broker!
2025-04-07 17:00:50,344 - INFO - Connected to MQTT Broker!
2025-04-07 17:01:49,381 - ERROR - Database Connection Faild
2025-04-07 17:03:54,401 - INFO - package: mysql.connector.plugins
2025-04-07 17:03:54,401 - INFO - plugin_name: mysql_native_password
2025-04-07 17:03:54,402 - INFO - AUTHENTICATION_PLUGIN_CLASS: MySQLNativePasswordAuthPlugin
2025-04-07 17:03:54,403 - INFO - Database is connected
2025-04-07 17:04:05,124 - INFO - Connected to MQTT Broker!
2025-04-07 17:06:09,563 - INFO - Connected to MQTT Broker!
2025-04-07 17:08:13,937 - INFO - Connected to MQTT Broker!
2025-04-07 17:10:18,571 - INFO - Connected to MQTT Broker!
2025-04-07 17:12:22,278 - INFO - Connected to MQTT Broker!
2025-04-07 17:14:27,359 - INFO - Connected to MQTT Broker!
2025-04-07 17:16:32,264 - INFO - Connected to MQTT Broker!
2025-04-07 17:18:37,075 - INFO - Connected to MQTT Broker!
2025-04-07 17:20:42,087 - INFO - Connected to MQTT Broker!
2025-04-07 17:22:46,958 - INFO - Connected to MQTT Broker!
2025-04-07 17:24:52,107 - INFO - Connected to MQTT Broker!
2025-04-07 17:26:56,966 - INFO - Connected to MQTT Broker!
2025-04-07 17:29:01,757 - INFO - Connected to MQTT Broker!
2025-04-07 17:31:06,706 - INFO - Connected to MQTT Broker!
2025-04-07 17:33:11,408 - INFO - Connected to MQTT Broker!
2025-04-07 17:35:16,730 - INFO - Connected to MQTT Broker!
2025-04-07 17:37:21,724 - INFO - Connected to MQTT Broker!
2025-04-07 17:39:26,431 - INFO - Connected to MQTT Broker!
2025-04-07 17:41:31,378 - INFO - Connected to MQTT Broker!
2025-04-07 17:43:36,274 - INFO - Connected to MQTT Broker!
2025-04-07 17:45:41,773 - INFO - Connected to MQTT Broker!
2025-04-07 17:47:46,690 - INFO - Connected to MQTT Broker!
2025-04-07 17:49:51,653 - INFO - Connected to MQTT Broker!
2025-04-07 17:51:56,584 - INFO - Connected to MQTT Broker!
2025-04-07 17:54:00,615 - INFO - Connected to MQTT Broker!
2025-04-07 17:56:05,297 - INFO - Connected to MQTT Broker!
2025-04-07 17:58:09,672 - INFO - Connected to MQTT Broker!
2025-04-07 18:00:13,731 - INFO - Connected to MQTT Broker!
2025-04-07 18:02:18,259 - INFO - Connected to MQTT Broker!
2025-04-07 18:04:21,806 - INFO - Connected to MQTT Broker!
2025-04-07 18:06:26,856 - INFO - Connected to MQTT Broker!
2025-04-07 18:08:31,384 - INFO - Connected to MQTT Broker!
2025-04-07 18:10:35,897 - INFO - Connected to MQTT Broker!
2025-04-07 18:12:39,235 - INFO - Connected to MQTT Broker!
2025-04-07 18:14:43,631 - INFO - Connected to MQTT Broker!
2025-04-07 18:16:48,315 - INFO - Connected to MQTT Broker!
2025-04-07 18:18:52,197 - INFO - Connected to MQTT Broker!
2025-04-07 18:20:56,899 - INFO - Connected to MQTT Broker!
2025-04-07 18:23:01,202 - INFO - Connected to MQTT Broker!
2025-04-07 18:25:06,210 - INFO - Connected to MQTT Broker!
2025-04-07 18:27:10,619 - INFO - Connected to MQTT Broker!
2025-04-07 18:29:13,785 - INFO - Connected to MQTT Broker!
2025-04-07 18:31:18,144 - INFO - Connected to MQTT Broker!
2025-04-07 18:33:22,154 - INFO - Connected to MQTT Broker!
2025-04-07 18:35:26,575 - INFO - Connected to MQTT Broker!
2025-04-07 18:37:31,184 - INFO - Connected to MQTT Broker!
2025-04-07 18:39:35,576 - INFO - Connected to MQTT Broker!
2025-04-07 18:41:40,001 - INFO - Connected to MQTT Broker!
2025-04-07 18:43:44,703 - INFO - Connected to MQTT Broker!
2025-04-07 18:45:49,547 - INFO - Connected to MQTT Broker!
2025-04-07 18:47:54,073 - INFO - Connected to MQTT Broker!
2025-04-07 18:49:58,437 - INFO - Connected to MQTT Broker!
2025-04-07 18:52:02,581 - INFO - Connected to MQTT Broker!
2025-04-07 18:54:06,858 - INFO - Connected to MQTT Broker!
2025-04-07 18:56:11,184 - INFO - Connected to MQTT Broker!
2025-04-07 18:58:15,966 - INFO - Connected to MQTT Broker!
2025-04-07 19:00:20,382 - INFO - Connected to MQTT Broker!
2025-04-07 19:02:24,764 - INFO - Connected to MQTT Broker!
2025-04-07 19:04:29,214 - INFO - Connected to MQTT Broker!
2025-04-07 19:06:33,604 - INFO - Connected to MQTT Broker!
2025-04-07 19:08:38,421 - INFO - Connected to MQTT Broker!
2025-04-07 19:10:41,886 - INFO - Connected to MQTT Broker!
2025-04-07 19:12:46,803 - INFO - Connected to MQTT Broker!
2025-04-07 19:14:51,041 - INFO - Connected to MQTT Broker!
2025-04-07 19:16:55,606 - INFO - Connected to MQTT Broker!
2025-04-07 19:19:03,024 - INFO - Connected to MQTT Broker!
2025-04-07 19:21:07,809 - INFO - Connected to MQTT Broker!
2025-04-07 19:23:11,251 - INFO - Connected to MQTT Broker!
2025-04-07 19:25:14,988 - INFO - Connected to MQTT Broker!
2025-04-07 19:27:19,508 - INFO - Connected to MQTT Broker!
2025-04-07 19:29:24,449 - INFO - Connected to MQTT Broker!
2025-04-07 19:31:29,000 - INFO - Connected to MQTT Broker!
2025-04-07 19:33:32,495 - INFO - Connected to MQTT Broker!
2025-04-07 19:35:36,915 - INFO - Connected to MQTT Broker!
2025-04-07 19:37:41,624 - INFO - Connected to MQTT Broker!
2025-04-07 19:39:47,112 - INFO - Connected to MQTT Broker!
2025-04-07 19:41:50,549 - INFO - Connected to MQTT Broker!
2025-04-07 19:43:56,186 - INFO - Connected to MQTT Broker!
2025-04-07 19:46:00,883 - INFO - Connected to MQTT Broker!
2025-04-07 19:48:06,993 - INFO - Connected to MQTT Broker!
2025-04-07 19:50:12,780 - INFO - Connected to MQTT Broker!
2025-04-07 19:52:18,351 - INFO - Connected to MQTT Broker!
2025-04-07 19:54:22,658 - INFO - Connected to MQTT Broker!
2025-04-07 19:56:27,019 - INFO - Connected to MQTT Broker!
2025-04-07 19:58:30,266 - INFO - Connected to MQTT Broker!
2025-04-07 20:00:35,519 - INFO - Connected to MQTT Broker!
2025-04-07 20:02:40,612 - INFO - Connected to MQTT Broker!
2025-04-07 20:04:45,171 - INFO - Connected to MQTT Broker!
2025-04-07 20:06:50,088 - INFO - Connected to MQTT Broker!
2025-04-07 20:08:55,881 - INFO - Connected to MQTT Broker!
2025-04-07 20:11:01,067 - INFO - Connected to MQTT Broker!
2025-04-07 20:13:05,509 - INFO - Connected to MQTT Broker!
2025-04-07 20:15:09,884 - INFO - Connected to MQTT Broker!
2025-04-07 20:17:13,531 - INFO - Connected to MQTT Broker!
2025-04-07 20:19:17,812 - INFO - Connected to MQTT Broker!
2025-04-07 20:21:22,658 - INFO - Connected to MQTT Broker!
2025-04-07 20:23:27,280 - INFO - Connected to MQTT Broker!
2025-04-07 20:25:31,654 - INFO - Connected to MQTT Broker!
2025-04-07 20:27:36,271 - INFO - Connected to MQTT Broker!
2025-04-07 20:29:41,152 - INFO - Connected to MQTT Broker!
2025-04-07 20:31:46,280 - INFO - Connected to MQTT Broker!
2025-04-07 20:33:50,039 - INFO - Connected to MQTT Broker!
2025-04-07 20:35:55,101 - INFO - Connected to MQTT Broker!
2025-04-07 20:38:00,094 - INFO - Connected to MQTT Broker!
2025-04-07 20:40:05,094 - INFO - Connected to MQTT Broker!
2025-04-07 20:42:10,206 - INFO - Connected to MQTT Broker!
2025-04-07 20:44:15,117 - INFO - Connected to MQTT Broker!
2025-04-07 20:46:19,022 - INFO - Connected to MQTT Broker!
2025-04-07 20:48:23,747 - INFO - Connected to MQTT Broker!
2025-04-07 20:50:28,380 - INFO - Connected to MQTT Broker!
2025-04-07 20:52:33,074 - INFO - Connected to MQTT Broker!
2025-04-07 20:54:38,111 - INFO - Connected to MQTT Broker!
2025-04-07 20:56:43,426 - INFO - Connected to MQTT Broker!
2025-04-07 20:58:47,440 - INFO - Connected to MQTT Broker!
2025-04-07 21:00:52,367 - INFO - Connected to MQTT Broker!
2025-04-07 21:02:57,362 - INFO - Connected to MQTT Broker!
2025-04-07 21:05:03,272 - INFO - Connected to MQTT Broker!
2025-04-07 21:07:09,297 - INFO - Connected to MQTT Broker!
2025-04-07 21:09:15,130 - INFO - Connected to MQTT Broker!
2025-04-07 21:11:21,465 - INFO - Connected to MQTT Broker!
2025-04-07 21:13:28,031 - INFO - Connected to MQTT Broker!
2025-04-07 21:15:34,746 - INFO - Connected to MQTT Broker!
2025-04-07 21:17:42,872 - INFO - Connected to MQTT Broker!
2025-04-07 21:19:49,797 - INFO - Connected to MQTT Broker!
2025-04-07 21:21:56,394 - INFO - Connected to MQTT Broker!
2025-04-07 21:24:03,425 - INFO - Connected to MQTT Broker!
2025-04-07 21:26:10,218 - INFO - Connected to MQTT Broker!
2025-04-07 21:28:16,875 - INFO - Connected to MQTT Broker!
2025-04-07 21:30:22,227 - INFO - Connected to MQTT Broker!
2025-04-07 21:32:27,308 - INFO - Connected to MQTT Broker!
2025-04-07 21:34:32,813 - INFO - Connected to MQTT Broker!
2025-04-07 21:36:36,968 - INFO - Connected to MQTT Broker!
2025-04-07 21:38:41,875 - INFO - Connected to MQTT Broker!
2025-04-07 21:40:45,894 - INFO - Connected to MQTT Broker!
2025-04-07 21:42:50,920 - INFO - Connected to MQTT Broker!
2025-04-07 21:44:55,477 - INFO - Connected to MQTT Broker!
2025-04-07 21:46:59,561 - INFO - Connected to MQTT Broker!
2025-04-07 21:49:04,502 - INFO - Connected to MQTT Broker!
2025-04-07 21:51:09,403 - INFO - Connected to MQTT Broker!
2025-04-07 21:53:14,510 - INFO - Connected to MQTT Broker!
2025-04-07 21:55:18,806 - INFO - Connected to MQTT Broker!
2025-04-07 21:57:23,946 - INFO - Connected to MQTT Broker!
2025-04-07 21:59:29,074 - INFO - Connected to MQTT Broker!
2025-04-07 22:01:33,780 - INFO - Connected to MQTT Broker!
2025-04-07 22:03:38,452 - INFO - Connected to MQTT Broker!
2025-04-07 22:05:43,418 - INFO - Connected to MQTT Broker!
2025-04-07 22:07:48,472 - INFO - Connected to MQTT Broker!
2025-04-07 22:09:53,123 - INFO - Connected to MQTT Broker!
2025-04-07 22:11:58,425 - INFO - Connected to MQTT Broker!
2025-04-07 22:14:05,741 - INFO - Connected to MQTT Broker!
2025-04-07 22:16:11,057 - INFO - Connected to MQTT Broker!
2025-04-07 22:18:15,878 - INFO - Connected to MQTT Broker!
2025-04-07 22:20:20,635 - INFO - Connected to MQTT Broker!
2025-04-07 22:22:25,618 - INFO - Connected to MQTT Broker!
2025-04-07 22:24:30,471 - INFO - Connected to MQTT Broker!
2025-04-07 22:26:34,854 - INFO - Connected to MQTT Broker!
2025-04-07 22:28:39,575 - INFO - Connected to MQTT Broker!
2025-04-07 22:30:44,316 - INFO - Connected to MQTT Broker!
2025-04-07 22:32:48,321 - INFO - Connected to MQTT Broker!
2025-04-07 22:34:55,522 - INFO - Connected to MQTT Broker!
2025-04-07 22:37:01,355 - INFO - Connected to MQTT Broker!
2025-04-07 22:39:05,411 - INFO - Connected to MQTT Broker!
2025-04-07 22:41:13,998 - INFO - Connected to MQTT Broker!
2025-04-07 22:43:16,362 - INFO - Connected to MQTT Broker!
2025-04-07 22:45:24,467 - INFO - Connected to MQTT Broker!
2025-04-07 22:47:30,910 - INFO - Connected to MQTT Broker!
2025-04-07 22:49:35,202 - INFO - Connected to MQTT Broker!
2025-04-07 22:51:38,665 - INFO - Connected to MQTT Broker!
2025-04-07 22:53:43,249 - INFO - Connected to MQTT Broker!
2025-04-07 22:55:48,124 - INFO - Connected to MQTT Broker!
2025-04-07 22:57:52,716 - INFO - Connected to MQTT Broker!
2025-04-07 22:59:57,034 - INFO - Connected to MQTT Broker!
2025-04-07 23:02:01,981 - INFO - Connected to MQTT Broker!
2025-04-07 23:04:06,635 - INFO - Connected to MQTT Broker!
2025-04-07 23:06:11,201 - INFO - Connected to MQTT Broker!
2025-04-07 23:08:16,278 - INFO - Connected to MQTT Broker!
2025-04-07 23:10:20,921 - INFO - Connected to MQTT Broker!
2025-04-07 23:12:24,489 - INFO - Connected to MQTT Broker!
2025-04-08 09:24:56,620 - INFO - Connected to MQTT Broker!
2025-04-08 09:27:03,720 - INFO - Connected to MQTT Broker!
2025-04-08 09:29:07,638 - INFO - Connected to MQTT Broker!
2025-04-08 09:31:12,146 - INFO - Connected to MQTT Broker!
2025-04-08 09:33:17,448 - INFO - Connected to MQTT Broker!
2025-04-08 09:35:22,251 - INFO - Connected to MQTT Broker!
2025-04-08 09:37:26,262 - INFO - Connected to MQTT Broker!
2025-04-08 09:39:31,054 - INFO - Connected to MQTT Broker!
2025-04-08 09:41:35,864 - INFO - Connected to MQTT Broker!
2025-04-08 09:43:39,666 - INFO - Connected to MQTT Broker!
2025-04-08 09:45:44,752 - INFO - Connected to MQTT Broker!
2025-04-08 09:47:49,919 - INFO - Connected to MQTT Broker!
2025-04-08 09:49:55,155 - INFO - Connected to MQTT Broker!
2025-04-08 09:52:00,366 - INFO - Connected to MQTT Broker!
2025-04-08 09:54:05,529 - INFO - Connected to MQTT Broker!
2025-04-08 09:56:10,489 - INFO - Connected to MQTT Broker!
2025-04-08 09:58:15,305 - INFO - Connected to MQTT Broker!
2025-04-08 10:00:20,705 - INFO - Connected to MQTT Broker!
2025-04-08 10:02:25,922 - INFO - Connected to MQTT Broker!
2025-04-08 10:04:30,546 - INFO - Connected to MQTT Broker!
2025-04-08 10:06:34,796 - INFO - Connected to MQTT Broker!
2025-04-08 10:08:39,291 - INFO - Connected to MQTT Broker!
2025-04-08 10:10:43,831 - INFO - Connected to MQTT Broker!
2025-04-08 10:12:48,212 - INFO - Connected to MQTT Broker!
2025-04-08 13:14:04,826 - INFO - Connected to MQTT Broker!
2025-04-08 13:16:09,783 - INFO - Connected to MQTT Broker!
2025-04-08 13:18:14,125 - INFO - Connected to MQTT Broker!
2025-04-08 13:20:18,526 - INFO - Connected to MQTT Broker!
2025-04-08 13:22:23,288 - INFO - Connected to MQTT Broker!
2025-04-08 13:24:26,374 - INFO - Connected to MQTT Broker!
2025-04-08 13:26:30,688 - INFO - Connected to MQTT Broker!
2025-04-08 13:28:35,320 - INFO - Connected to MQTT Broker!
2025-04-08 13:30:39,950 - INFO - Connected to MQTT Broker!
2025-04-08 13:32:44,793 - INFO - Connected to MQTT Broker!
2025-04-08 13:34:48,953 - INFO - Connected to MQTT Broker!
2025-04-08 13:36:53,154 - INFO - Connected to MQTT Broker!
2025-04-08 13:38:57,435 - INFO - Connected to MQTT Broker!
2025-04-08 13:41:01,808 - INFO - Connected to MQTT Broker!
2025-04-08 13:43:06,794 - INFO - Connected to MQTT Broker!
2025-04-08 13:45:11,622 - INFO - Connected to MQTT Broker!
2025-04-08 13:47:16,985 - INFO - Connected to MQTT Broker!
2025-04-08 13:49:21,264 - INFO - Connected to MQTT Broker!
2025-04-08 13:51:26,425 - INFO - Connected to MQTT Broker!
2025-04-08 13:53:31,434 - INFO - Connected to MQTT Broker!
2025-04-08 13:55:35,840 - INFO - Connected to MQTT Broker!
2025-04-08 13:57:40,658 - INFO - Connected to MQTT Broker!
2025-04-08 13:59:45,052 - INFO - Connected to MQTT Broker!
2025-04-08 14:01:49,768 - INFO - Connected to MQTT Broker!
2025-04-08 14:03:53,009 - INFO - Connected to MQTT Broker!
2025-04-08 14:05:57,209 - INFO - Connected to MQTT Broker!
2025-04-08 14:08:01,731 - INFO - Connected to MQTT Broker!
2025-04-08 14:10:06,013 - INFO - Connected to MQTT Broker!
2025-04-08 14:12:10,532 - INFO - Connected to MQTT Broker!
2025-04-08 14:14:14,894 - INFO - Connected to MQTT Broker!
2025-04-08 14:16:19,695 - INFO - Connected to MQTT Broker!
2025-04-08 14:18:24,337 - INFO - Connected to MQTT Broker!
2025-04-08 14:20:27,577 - INFO - Connected to MQTT Broker!
2025-04-08 14:22:31,979 - INFO - Connected to MQTT Broker!
2025-04-08 14:24:36,181 - INFO - Connected to MQTT Broker!
2025-04-08 17:18:59,787 - INFO - Connected to MQTT Broker!
2025-04-08 17:21:07,840 - INFO - Connected to MQTT Broker!
2025-04-08 17:23:11,155 - INFO - Connected to MQTT Broker!
2025-04-08 17:25:15,716 - INFO - Connected to MQTT Broker!
2025-04-08 17:27:19,587 - INFO - Connected to MQTT Broker!
2025-04-08 17:29:24,008 - INFO - Connected to MQTT Broker!
2025-04-08 17:31:28,042 - INFO - Connected to MQTT Broker!
2025-04-08 17:33:32,404 - INFO - Connected to MQTT Broker!
2025-04-08 17:35:35,453 - INFO - Connected to MQTT Broker!
2025-04-08 17:37:39,892 - INFO - Connected to MQTT Broker!
2025-04-08 17:39:44,230 - INFO - Connected to MQTT Broker!
2025-04-08 17:41:47,679 - INFO - Connected to MQTT Broker!
2025-04-08 17:43:51,220 - INFO - Connected to MQTT Broker!
2025-04-08 17:45:55,523 - INFO - Connected to MQTT Broker!
2025-04-08 17:48:00,135 - INFO - Connected to MQTT Broker!
2025-04-08 17:50:04,392 - INFO - Connected to MQTT Broker!
2025-04-08 17:52:09,079 - INFO - Connected to MQTT Broker!
2025-04-08 17:54:12,394 - INFO - Connected to MQTT Broker!
2025-04-08 17:56:17,083 - INFO - Connected to MQTT Broker!
2025-04-08 17:58:21,938 - INFO - Connected to MQTT Broker!
2025-04-08 18:00:26,476 - INFO - Connected to MQTT Broker!
2025-04-08 18:02:31,467 - INFO - Connected to MQTT Broker!
2025-04-08 18:04:36,212 - INFO - Connected to MQTT Broker!
2025-04-08 18:06:40,989 - INFO - Connected to MQTT Broker!
2025-04-08 18:08:44,284 - INFO - Connected to MQTT Broker!
2025-04-08 18:10:48,433 - INFO - Connected to MQTT Broker!
2025-04-08 18:12:52,706 - INFO - Connected to MQTT Broker!
2025-04-08 18:14:57,157 - INFO - Connected to MQTT Broker!
2025-04-08 18:17:01,664 - INFO - Connected to MQTT Broker!
2025-04-08 18:19:06,501 - INFO - Connected to MQTT Broker!
2025-04-08 18:21:10,920 - INFO - Connected to MQTT Broker!
2025-04-08 18:23:15,335 - INFO - Connected to MQTT Broker!
2025-04-08 18:25:20,250 - INFO - Connected to MQTT Broker!
2025-04-08 18:27:24,640 - INFO - Connected to MQTT Broker!
2025-04-08 18:29:29,681 - INFO - Connected to MQTT Broker!
2025-04-08 18:31:34,124 - INFO - Connected to MQTT Broker!
2025-04-08 18:33:37,744 - INFO - Connected to MQTT Broker!
2025-04-08 18:35:41,994 - INFO - Connected to MQTT Broker!
2025-04-08 18:37:46,200 - INFO - Connected to MQTT Broker!
2025-04-08 18:39:51,744 - INFO - Connected to MQTT Broker!
2025-04-08 18:41:56,748 - INFO - Connected to MQTT Broker!
2025-04-08 18:44:01,920 - INFO - Connected to MQTT Broker!
2025-04-08 18:46:06,232 - INFO - Connected to MQTT Broker!
2025-04-08 18:48:10,481 - INFO - Connected to MQTT Broker!
2025-04-08 18:50:15,383 - INFO - Connected to MQTT Broker!
2025-04-08 18:52:20,356 - INFO - Connected to MQTT Broker!
2025-04-08 18:54:25,604 - INFO - Connected to MQTT Broker!
2025-04-08 18:56:30,410 - INFO - Connected to MQTT Broker!
2025-04-08 18:58:35,179 - INFO - Connected to MQTT Broker!
2025-04-08 19:00:40,235 - INFO - Connected to MQTT Broker!
2025-04-08 19:02:45,187 - INFO - Connected to MQTT Broker!
2025-04-08 19:04:49,628 - INFO - Connected to MQTT Broker!
2025-04-08 19:06:54,917 - INFO - Connected to MQTT Broker!
2025-04-08 19:08:59,862 - INFO - Connected to MQTT Broker!
2025-04-08 19:11:03,922 - INFO - Connected to MQTT Broker!
2025-04-08 19:13:08,481 - INFO - Connected to MQTT Broker!
2025-04-08 19:15:13,097 - INFO - Connected to MQTT Broker!
2025-04-08 19:17:17,889 - INFO - Connected to MQTT Broker!
2025-04-08 19:19:22,671 - INFO - Connected to MQTT Broker!
2025-04-08 19:21:27,488 - INFO - Connected to MQTT Broker!
2025-04-08 19:23:32,370 - INFO - Connected to MQTT Broker!
2025-04-08 19:25:36,836 - INFO - Connected to MQTT Broker!
2025-04-08 19:27:41,528 - INFO - Connected to MQTT Broker!
2025-04-08 19:29:45,964 - INFO - Connected to MQTT Broker!
2025-04-08 19:31:51,055 - INFO - Connected to MQTT Broker!
2025-04-08 19:33:55,137 - INFO - Connected to MQTT Broker!
2025-04-08 19:35:58,707 - INFO - Connected to MQTT Broker!
2025-04-08 19:38:03,440 - INFO - Connected to MQTT Broker!
2025-04-08 19:40:08,186 - INFO - Connected to MQTT Broker!
2025-04-08 19:42:13,659 - INFO - Connected to MQTT Broker!
2025-04-08 19:44:18,792 - INFO - Connected to MQTT Broker!
2025-04-08 19:46:23,909 - INFO - Connected to MQTT Broker!
2025-04-08 19:48:28,980 - INFO - Connected to MQTT Broker!
2025-04-08 19:50:34,289 - INFO - Connected to MQTT Broker!
2025-04-08 19:54:05,208 - INFO - Connected to MQTT Broker!
2025-04-08 19:56:11,302 - INFO - Connected to MQTT Broker!
2025-04-08 19:58:17,006 - INFO - Connected to MQTT Broker!
2025-04-08 20:00:22,935 - INFO - Connected to MQTT Broker!
2025-04-08 20:02:28,149 - INFO - Connected to MQTT Broker!
2025-04-08 20:04:33,405 - INFO - Connected to MQTT Broker!
2025-04-08 20:06:37,995 - INFO - Connected to MQTT Broker!
2025-04-08 20:08:42,551 - INFO - Connected to MQTT Broker!
2025-04-08 20:10:47,498 - INFO - Connected to MQTT Broker!
2025-04-08 20:12:52,295 - INFO - Connected to MQTT Broker!
2025-04-08 20:14:57,411 - INFO - Connected to MQTT Broker!
2025-04-08 20:17:02,348 - INFO - Connected to MQTT Broker!
2025-04-08 20:19:05,668 - INFO - Connected to MQTT Broker!
2025-04-08 20:21:10,472 - INFO - Connected to MQTT Broker!
2025-04-08 20:23:15,456 - INFO - Connected to MQTT Broker!
2025-04-08 20:25:21,006 - INFO - Connected to MQTT Broker!
2025-04-08 20:27:24,942 - INFO - Connected to MQTT Broker!
2025-04-08 20:29:29,722 - INFO - Connected to MQTT Broker!
2025-04-08 20:31:34,230 - INFO - Connected to MQTT Broker!
2025-04-08 20:33:38,891 - INFO - Connected to MQTT Broker!
2025-04-08 20:35:43,838 - INFO - Connected to MQTT Broker!
2025-04-08 20:37:49,125 - INFO - Connected to MQTT Broker!
2025-04-08 20:39:53,771 - INFO - Connected to MQTT Broker!
2025-04-08 20:41:57,396 - INFO - Connected to MQTT Broker!
2025-04-08 20:44:01,958 - INFO - Connected to MQTT Broker!
2025-04-08 20:46:06,759 - INFO - Connected to MQTT Broker!
2025-04-08 20:48:11,620 - INFO - Connected to MQTT Broker!
2025-04-08 20:50:15,980 - INFO - Connected to MQTT Broker!
2025-04-08 20:52:20,547 - INFO - Connected to MQTT Broker!
2025-04-08 20:54:25,149 - INFO - Connected to MQTT Broker!
2025-04-08 20:56:37,959 - INFO - Connected to MQTT Broker!
2025-04-08 20:58:39,840 - INFO - Connected to MQTT Broker!
2025-04-08 21:00:43,184 - INFO - Connected to MQTT Broker!
2025-04-08 21:02:50,418 - INFO - Connected to MQTT Broker!
2025-04-08 21:04:56,182 - INFO - Connected to MQTT Broker!
2025-04-08 21:07:19,073 - INFO - Connected to MQTT Broker!
2025-04-08 21:09:18,105 - INFO - Connected to MQTT Broker!
2025-04-08 21:11:26,297 - INFO - Connected to MQTT Broker!
2025-04-08 21:13:33,897 - INFO - Connected to MQTT Broker!
2025-04-08 21:15:37,629 - INFO - Connected to MQTT Broker!
2025-04-08 21:17:42,626 - INFO - Connected to MQTT Broker!
2025-04-08 21:19:47,205 - INFO - Connected to MQTT Broker!
2025-04-08 21:21:51,663 - INFO - Connected to MQTT Broker!
2025-04-08 21:23:56,184 - INFO - Connected to MQTT Broker!
2025-04-08 21:26:00,587 - INFO - Connected to MQTT Broker!
2025-04-08 21:28:05,442 - INFO - Connected to MQTT Broker!
2025-04-08 21:30:09,904 - INFO - Connected to MQTT Broker!
2025-04-08 21:32:14,333 - INFO - Connected to MQTT Broker!
2025-04-08 21:34:18,510 - INFO - Connected to MQTT Broker!
2025-04-08 21:36:22,730 - INFO - Connected to MQTT Broker!
2025-04-08 21:38:26,326 - INFO - Connected to MQTT Broker!
2025-04-08 21:40:30,512 - INFO - Connected to MQTT Broker!
2025-04-08 21:42:34,485 - INFO - Connected to MQTT Broker!
2025-04-08 21:44:38,763 - INFO - Connected to MQTT Broker!
2025-04-08 21:46:42,827 - INFO - Connected to MQTT Broker!
2025-04-08 21:48:47,523 - INFO - Connected to MQTT Broker!
2025-04-08 21:50:52,053 - INFO - Connected to MQTT Broker!
2025-04-08 21:52:56,401 - INFO - Connected to MQTT Broker!
2025-04-08 21:54:59,946 - INFO - Connected to MQTT Broker!
2025-04-08 21:57:04,564 - INFO - Connected to MQTT Broker!
2025-04-08 21:59:09,233 - INFO - Connected to MQTT Broker!
2025-04-08 22:01:13,634 - INFO - Connected to MQTT Broker!
2025-04-08 22:03:16,885 - INFO - Connected to MQTT Broker!
2025-04-08 22:05:21,139 - INFO - Connected to MQTT Broker!
2025-04-08 22:07:26,153 - INFO - Connected to MQTT Broker!
2025-04-08 22:09:30,896 - INFO - Connected to MQTT Broker!
2025-04-08 22:11:33,876 - INFO - Connected to MQTT Broker!
2025-04-08 22:13:38,005 - INFO - Connected to MQTT Broker!
2025-04-08 22:15:42,897 - INFO - Connected to MQTT Broker!
2025-04-08 22:17:47,074 - INFO - Connected to MQTT Broker!
2025-04-08 22:19:51,461 - INFO - Connected to MQTT Broker!
2025-04-08 22:21:56,915 - INFO - Connected to MQTT Broker!
2025-04-08 22:24:01,519 - INFO - Connected to MQTT Broker!
2025-04-08 22:26:06,025 - INFO - Connected to MQTT Broker!
2025-04-08 22:28:09,570 - INFO - Connected to MQTT Broker!
2025-04-08 22:30:15,152 - INFO - Connected to MQTT Broker!
2025-04-08 22:32:19,235 - INFO - Connected to MQTT Broker!
2025-04-08 22:34:23,262 - INFO - Connected to MQTT Broker!
2025-04-08 22:36:27,854 - INFO - Connected to MQTT Broker!
2025-04-08 22:38:32,034 - INFO - Connected to MQTT Broker!
2025-04-08 22:40:36,845 - INFO - Connected to MQTT Broker!
2025-04-08 22:42:41,178 - INFO - Connected to MQTT Broker!
2025-04-08 22:44:44,580 - INFO - Connected to MQTT Broker!
2025-04-08 22:46:50,036 - INFO - Connected to MQTT Broker!
2025-04-08 22:48:54,726 - INFO - Connected to MQTT Broker!
2025-04-08 22:51:02,168 - INFO - Connected to MQTT Broker!
2025-04-08 22:53:05,689 - INFO - Connected to MQTT Broker!
2025-04-08 22:55:10,155 - INFO - Connected to MQTT Broker!
2025-04-08 22:57:15,772 - INFO - Connected to MQTT Broker!
2025-04-08 22:59:20,371 - INFO - Connected to MQTT Broker!
2025-04-08 23:01:25,504 - INFO - Connected to MQTT Broker!
2025-04-08 23:03:29,977 - INFO - Connected to MQTT Broker!
2025-04-08 23:05:34,744 - INFO - Connected to MQTT Broker!
2025-04-08 23:07:38,947 - INFO - Connected to MQTT Broker!
2025-04-08 23:09:44,013 - INFO - Connected to MQTT Broker!
2025-04-08 23:11:48,804 - INFO - Connected to MQTT Broker!
2025-04-08 23:13:53,250 - INFO - Connected to MQTT Broker!
2025-04-08 23:15:57,704 - INFO - Connected to MQTT Broker!
2025-04-08 23:18:02,119 - INFO - Connected to MQTT Broker!
2025-04-08 23:20:06,060 - INFO - Connected to MQTT Broker!
2025-04-08 23:22:09,781 - INFO - Connected to MQTT Broker!
2025-04-08 23:24:14,197 - INFO - Connected to MQTT Broker!
2025-04-08 23:26:18,774 - INFO - Connected to MQTT Broker!
2025-04-08 23:28:21,828 - INFO - Connected to MQTT Broker!
2025-04-08 23:30:25,103 - INFO - Connected to MQTT Broker!
2025-04-08 23:32:29,537 - INFO - Connected to MQTT Broker!
2025-04-08 23:34:33,618 - INFO - Connected to MQTT Broker!
2025-04-08 23:36:37,629 - INFO - Connected to MQTT Broker!
2025-04-08 23:38:42,042 - INFO - Connected to MQTT Broker!
2025-04-08 23:40:46,256 - INFO - Connected to MQTT Broker!
2025-04-08 23:42:51,101 - INFO - Connected to MQTT Broker!
2025-04-08 23:44:55,849 - INFO - Connected to MQTT Broker!
2025-04-08 23:47:00,172 - INFO - Connected to MQTT Broker!
2025-04-08 23:49:04,485 - INFO - Connected to MQTT Broker!
2025-04-08 23:51:08,938 - INFO - Connected to MQTT Broker!
2025-04-08 23:53:13,578 - INFO - Connected to MQTT Broker!
2025-04-08 23:55:16,594 - INFO - Connected to MQTT Broker!
2025-04-08 23:57:20,734 - INFO - Connected to MQTT Broker!
2025-04-08 23:59:24,075 - INFO - Connected to MQTT Broker!
2025-04-09 00:01:29,130 - INFO - Connected to MQTT Broker!
2025-04-09 00:03:33,872 - INFO - Connected to MQTT Broker!
2025-04-09 00:05:38,488 - INFO - Connected to MQTT Broker!
2025-04-09 00:07:43,045 - INFO - Connected to MQTT Broker!
2025-04-09 00:09:47,803 - INFO - Connected to MQTT Broker!
2025-04-09 00:11:52,669 - INFO - Connected to MQTT Broker!
2025-04-09 00:13:56,711 - INFO - Connected to MQTT Broker!
2025-04-09 00:16:01,310 - INFO - Connected to MQTT Broker!
2025-04-09 00:18:06,147 - INFO - Connected to MQTT Broker!
2025-04-09 00:20:10,998 - INFO - Connected to MQTT Broker!
2025-04-09 00:22:15,755 - INFO - Connected to MQTT Broker!
2025-04-09 00:24:21,084 - INFO - Connected to MQTT Broker!
2025-04-09 00:26:25,838 - INFO - Connected to MQTT Broker!
2025-04-09 00:28:30,889 - INFO - Connected to MQTT Broker!
2025-04-09 00:30:35,874 - INFO - Connected to MQTT Broker!
2025-04-09 00:32:40,768 - INFO - Connected to MQTT Broker!
2025-04-09 00:34:44,732 - INFO - Connected to MQTT Broker!
2025-04-09 00:36:48,921 - INFO - Connected to MQTT Broker!
2025-04-09 00:38:53,118 - INFO - Connected to MQTT Broker!
2025-04-09 00:40:57,644 - INFO - Connected to MQTT Broker!
2025-04-09 00:43:01,162 - INFO - Connected to MQTT Broker!
2025-04-09 00:45:06,431 - INFO - Connected to MQTT Broker!
2025-04-09 00:47:11,175 - INFO - Connected to MQTT Broker!
2025-04-09 00:49:15,053 - INFO - Connected to MQTT Broker!
2025-04-09 00:51:20,024 - INFO - Connected to MQTT Broker!
2025-04-09 00:53:25,456 - INFO - Connected to MQTT Broker!
2025-04-09 09:25:11,031 - INFO - Connected to MQTT Broker!
2025-04-09 09:27:13,738 - INFO - Connected to MQTT Broker!
2025-04-09 09:29:18,602 - INFO - Connected to MQTT Broker!
2025-04-09 09:31:23,540 - INFO - Connected to MQTT Broker!
2025-04-09 09:33:28,653 - INFO - Connected to MQTT Broker!
2025-04-09 09:35:33,778 - INFO - Connected to MQTT Broker!
2025-04-09 09:37:38,099 - INFO - Connected to MQTT Broker!
2025-04-09 09:39:42,674 - INFO - Connected to MQTT Broker!
2025-04-09 09:41:47,660 - INFO - Connected to MQTT Broker!
2025-04-09 09:43:52,862 - INFO - Connected to MQTT Broker!
2025-04-09 09:45:55,623 - INFO - Connected to MQTT Broker!
2025-04-09 09:48:03,665 - INFO - Connected to MQTT Broker!
2025-04-09 09:50:11,711 - INFO - Connected to MQTT Broker!
2025-04-09 09:52:16,747 - INFO - Connected to MQTT Broker!
2025-04-09 09:54:22,107 - INFO - Connected to MQTT Broker!
2025-04-09 09:56:25,708 - INFO - Connected to MQTT Broker!
2025-04-09 09:58:30,913 - INFO - Connected to MQTT Broker!
2025-04-09 10:00:35,151 - INFO - Connected to MQTT Broker!
2025-04-09 10:02:39,383 - INFO - Connected to MQTT Broker!
2025-04-09 10:04:43,634 - INFO - Connected to MQTT Broker!
2025-04-09 10:06:48,236 - INFO - Connected to MQTT Broker!
2025-04-09 10:08:52,657 - INFO - Connected to MQTT Broker!
2025-04-09 10:10:57,357 - INFO - Connected to MQTT Broker!
2025-04-09 10:13:01,838 - INFO - Connected to MQTT Broker!
2025-04-09 10:15:07,080 - INFO - Connected to MQTT Broker!
2025-04-09 10:17:11,960 - INFO - Connected to MQTT Broker!
2025-04-09 10:19:16,557 - INFO - Connected to MQTT Broker!
2025-04-09 10:21:21,213 - INFO - Connected to MQTT Broker!
2025-04-09 10:23:26,764 - INFO - Connected to MQTT Broker!
2025-04-09 10:25:31,140 - INFO - Connected to MQTT Broker!
2025-04-09 11:52:03,777 - INFO - Connected to MQTT Broker!
2025-04-09 11:54:07,458 - INFO - Connected to MQTT Broker!
2025-04-09 11:56:11,745 - INFO - Connected to MQTT Broker!
2025-04-09 11:58:15,166 - INFO - Connected to MQTT Broker!
2025-04-09 12:00:19,726 - INFO - Connected to MQTT Broker!
2025-04-09 12:02:24,039 - INFO - Connected to MQTT Broker!
2025-04-09 12:04:28,674 - INFO - Connected to MQTT Broker!
2025-04-09 12:06:32,954 - INFO - Connected to MQTT Broker!
2025-04-09 12:08:37,588 - INFO - Connected to MQTT Broker!
2025-04-09 12:10:42,628 - INFO - Connected to MQTT Broker!
2025-04-09 12:12:47,143 - INFO - Connected to MQTT Broker!
2025-04-09 12:14:51,720 - INFO - Connected to MQTT Broker!
2025-04-09 12:16:56,555 - INFO - Connected to MQTT Broker!
2025-04-09 12:19:01,171 - INFO - Connected to MQTT Broker!
2025-04-09 12:21:05,634 - INFO - Connected to MQTT Broker!
2025-04-09 12:23:10,279 - INFO - Connected to MQTT Broker!
2025-04-09 12:25:14,464 - INFO - Connected to MQTT Broker!
2025-04-09 12:27:18,600 - INFO - Connected to MQTT Broker!
2025-04-09 12:29:21,851 - INFO - Connected to MQTT Broker!
2025-04-09 12:31:25,893 - INFO - Connected to MQTT Broker!
2025-04-09 12:33:30,171 - INFO - Connected to MQTT Broker!
2025-04-09 12:35:34,515 - INFO - Connected to MQTT Broker!
2025-04-09 12:37:37,454 - INFO - Connected to MQTT Broker!
2025-04-09 12:39:42,058 - INFO - Connected to MQTT Broker!
2025-04-09 12:41:46,752 - INFO - Connected to MQTT Broker!
2025-04-09 12:43:51,297 - INFO - Connected to MQTT Broker!
2025-04-09 12:45:55,660 - INFO - Connected to MQTT Broker!
2025-04-09 12:48:00,138 - INFO - Connected to MQTT Broker!
2025-04-09 12:50:04,044 - INFO - Connected to MQTT Broker!
2025-04-09 12:52:07,993 - INFO - Connected to MQTT Broker!
2025-04-09 12:54:12,615 - INFO - Connected to MQTT Broker!
2025-04-09 12:56:17,066 - INFO - Connected to MQTT Broker!
2025-04-09 12:58:21,452 - INFO - Connected to MQTT Broker!
2025-04-09 13:00:26,146 - INFO - Connected to MQTT Broker!
2025-04-09 13:02:29,240 - INFO - Connected to MQTT Broker!
2025-04-09 13:04:33,655 - INFO - Connected to MQTT Broker!
2025-04-09 13:06:39,271 - INFO - Connected to MQTT Broker!
2025-04-09 13:08:44,265 - INFO - Connected to MQTT Broker!
2025-04-09 13:10:47,755 - INFO - Connected to MQTT Broker!
2025-04-09 13:12:52,235 - INFO - Connected to MQTT Broker!
2025-04-09 13:14:56,298 - INFO - Connected to MQTT Broker!
2025-04-09 13:17:00,318 - INFO - Connected to MQTT Broker!
2025-04-09 13:19:04,765 - INFO - Connected to MQTT Broker!
2025-04-09 13:21:09,374 - INFO - Connected to MQTT Broker!
2025-04-09 13:23:13,677 - INFO - Connected to MQTT Broker!
2025-04-09 13:25:18,820 - INFO - Connected to MQTT Broker!
2025-04-09 13:27:24,699 - INFO - Connected to MQTT Broker!
2025-04-09 13:29:29,166 - INFO - Connected to MQTT Broker!
2025-04-09 13:31:34,388 - INFO - Connected to MQTT Broker!
2025-04-09 13:33:38,866 - INFO - Connected to MQTT Broker!
2025-04-09 13:35:43,059 - INFO - Connected to MQTT Broker!
2025-04-09 13:37:46,923 - INFO - Connected to MQTT Broker!
2025-04-09 13:39:51,161 - INFO - Connected to MQTT Broker!
2025-04-09 13:41:55,912 - INFO - Connected to MQTT Broker!
2025-04-09 13:44:00,253 - INFO - Connected to MQTT Broker!
2025-04-09 13:46:04,273 - INFO - Connected to MQTT Broker!
2025-04-09 13:48:08,614 - INFO - Connected to MQTT Broker!
2025-04-09 13:50:12,946 - INFO - Connected to MQTT Broker!
2025-04-09 13:52:17,365 - INFO - Connected to MQTT Broker!
2025-04-09 16:13:03,192 - INFO - Connected to MQTT Broker!
2025-04-09 16:15:08,391 - INFO - Connected to MQTT Broker!
2025-04-09 17:17:03,433 - INFO - Connected to MQTT Broker!
2025-04-09 17:19:06,975 - INFO - Connected to MQTT Broker!
2025-04-09 17:21:11,693 - INFO - Connected to MQTT Broker!
2025-04-09 17:23:17,007 - INFO - Connected to MQTT Broker!
2025-04-09 17:25:22,315 - INFO - Connected to MQTT Broker!
2025-04-09 17:27:27,420 - INFO - Connected to MQTT Broker!
2025-04-09 17:29:32,370 - INFO - Connected to MQTT Broker!
2025-04-09 17:31:37,312 - INFO - Connected to MQTT Broker!
2025-04-09 17:33:42,553 - INFO - Connected to MQTT Broker!
2025-04-09 17:35:47,520 - INFO - Connected to MQTT Broker!
2025-04-09 17:37:52,455 - INFO - Connected to MQTT Broker!
2025-04-09 17:39:57,196 - INFO - Connected to MQTT Broker!
2025-04-09 17:42:01,872 - INFO - Connected to MQTT Broker!
2025-04-09 17:44:06,973 - INFO - Connected to MQTT Broker!
2025-04-09 17:46:11,681 - INFO - Connected to MQTT Broker!
2025-04-09 17:48:15,921 - INFO - Connected to MQTT Broker!
2025-04-09 17:50:21,356 - INFO - Connected to MQTT Broker!
2025-04-09 17:52:25,647 - INFO - Connected to MQTT Broker!
2025-04-09 17:54:31,984 - INFO - Connected to MQTT Broker!
2025-04-09 17:56:36,212 - INFO - Connected to MQTT Broker!
2025-04-09 17:58:41,538 - INFO - Connected to MQTT Broker!
2025-04-09 18:00:46,623 - INFO - Connected to MQTT Broker!
2025-04-09 18:02:50,850 - INFO - Connected to MQTT Broker!
2025-04-09 18:04:56,277 - INFO - Connected to MQTT Broker!
2025-04-09 18:07:01,678 - INFO - Connected to MQTT Broker!
2025-04-09 18:09:05,619 - INFO - Connected to MQTT Broker!
2025-04-09 18:11:10,183 - INFO - Connected to MQTT Broker!
2025-04-09 18:13:14,569 - INFO - Connected to MQTT Broker!
2025-04-09 18:15:18,652 - INFO - Connected to MQTT Broker!
2025-04-09 18:17:22,772 - INFO - Connected to MQTT Broker!
2025-04-09 18:19:26,845 - INFO - Connected to MQTT Broker!
2025-04-09 18:21:31,244 - INFO - Connected to MQTT Broker!
2025-04-09 18:23:35,162 - INFO - Connected to MQTT Broker!
2025-04-09 18:25:39,856 - INFO - Connected to MQTT Broker!
2025-04-09 18:27:43,602 - INFO - Connected to MQTT Broker!
2025-04-09 18:29:47,865 - INFO - Connected to MQTT Broker!
2025-04-09 18:31:52,306 - INFO - Connected to MQTT Broker!
2025-04-09 18:33:56,727 - INFO - Connected to MQTT Broker!
2025-04-09 18:36:00,369 - INFO - Connected to MQTT Broker!
2025-04-09 22:23:51,872 - INFO - Connected to MQTT Broker!
2025-04-09 22:25:54,503 - INFO - Connected to MQTT Broker!
2025-04-09 22:27:58,875 - INFO - Connected to MQTT Broker!
2025-04-09 22:30:03,442 - INFO - Connected to MQTT Broker!
2025-04-09 22:32:08,231 - INFO - Connected to MQTT Broker!
2025-04-09 22:34:13,206 - INFO - Connected to MQTT Broker!
2025-04-09 22:36:17,834 - INFO - Connected to MQTT Broker!
2025-04-09 22:38:21,492 - INFO - Connected to MQTT Broker!
2025-04-09 22:40:26,036 - INFO - Connected to MQTT Broker!
2025-04-09 22:42:30,590 - INFO - Connected to MQTT Broker!
2025-04-09 22:44:35,673 - INFO - Connected to MQTT Broker!
2025-04-09 22:46:40,195 - INFO - Connected to MQTT Broker!
2025-04-09 22:48:44,861 - INFO - Connected to MQTT Broker!
2025-04-09 22:50:48,727 - INFO - Connected to MQTT Broker!
2025-04-09 22:52:53,738 - INFO - Connected to MQTT Broker!
2025-04-09 22:54:58,720 - INFO - Connected to MQTT Broker!
2025-04-09 22:57:03,281 - INFO - Connected to MQTT Broker!
2025-04-09 22:59:08,147 - INFO - Connected to MQTT Broker!
2025-04-09 23:01:12,779 - INFO - Connected to MQTT Broker!
2025-04-09 23:03:17,764 - INFO - Connected to MQTT Broker!
2025-04-09 23:05:21,538 - INFO - Connected to MQTT Broker!
2025-04-09 23:07:26,125 - INFO - Connected to MQTT Broker!
2025-04-09 23:09:30,886 - INFO - Connected to MQTT Broker!
2025-04-09 23:11:35,719 - INFO - Connected to MQTT Broker!
2025-04-09 23:13:40,355 - INFO - Connected to MQTT Broker!
2025-04-09 23:15:45,575 - INFO - Connected to MQTT Broker!
2025-04-09 23:17:50,651 - INFO - Connected to MQTT Broker!
2025-04-09 23:19:54,208 - INFO - Connected to MQTT Broker!
2025-04-09 23:21:59,214 - INFO - Connected to MQTT Broker!
2025-04-09 23:24:04,506 - INFO - Connected to MQTT Broker!
2025-04-09 23:26:10,063 - INFO - Connected to MQTT Broker!
2025-04-09 23:28:15,192 - INFO - Connected to MQTT Broker!
2025-04-09 23:30:20,287 - INFO - Connected to MQTT Broker!
2025-04-09 23:32:25,101 - INFO - Connected to MQTT Broker!
2025-04-09 23:34:29,651 - INFO - Connected to MQTT Broker!
2025-04-09 23:36:34,877 - INFO - Connected to MQTT Broker!
2025-04-09 23:38:38,582 - INFO - Connected to MQTT Broker!
2025-04-09 23:40:43,504 - INFO - Connected to MQTT Broker!
2025-04-09 23:42:48,448 - INFO - Connected to MQTT Broker!
2025-04-09 23:44:53,287 - INFO - Connected to MQTT Broker!
2025-04-09 23:46:58,547 - INFO - Connected to MQTT Broker!
2025-04-09 23:49:04,015 - INFO - Connected to MQTT Broker!
2025-04-09 23:51:08,121 - INFO - Connected to MQTT Broker!
2025-04-09 23:53:13,117 - INFO - Connected to MQTT Broker!
2025-04-09 23:55:18,040 - INFO - Connected to MQTT Broker!
2025-04-09 23:57:22,664 - INFO - Connected to MQTT Broker!
2025-04-09 23:59:27,529 - INFO - Connected to MQTT Broker!
2025-04-10 00:01:32,352 - INFO - Connected to MQTT Broker!
2025-04-10 00:03:37,193 - INFO - Connected to MQTT Broker!
2025-04-10 00:05:42,751 - INFO - Connected to MQTT Broker!
2025-04-10 00:07:47,990 - INFO - Connected to MQTT Broker!
2025-04-10 00:09:52,998 - INFO - Connected to MQTT Broker!
2025-04-10 00:11:58,087 - INFO - Connected to MQTT Broker!
2025-04-10 00:14:03,581 - INFO - Connected to MQTT Broker!
2025-04-10 00:16:08,574 - INFO - Connected to MQTT Broker!
2025-04-10 00:18:12,926 - INFO - Connected to MQTT Broker!
2025-04-10 00:20:17,932 - INFO - Connected to MQTT Broker!
2025-04-10 00:22:22,999 - INFO - Connected to MQTT Broker!
2025-04-10 07:37:05,722 - INFO - Connected to MQTT Broker!
2025-04-10 07:39:09,524 - INFO - Connected to MQTT Broker!
2025-04-10 07:41:13,448 - INFO - Connected to MQTT Broker!
2025-04-10 07:43:18,322 - INFO - Connected to MQTT Broker!
2025-04-10 07:45:23,583 - INFO - Connected to MQTT Broker!
2025-04-10 07:47:29,087 - INFO - Connected to MQTT Broker!
2025-04-10 07:49:34,139 - INFO - Connected to MQTT Broker!
2025-04-10 07:51:39,127 - INFO - Connected to MQTT Broker!
