2025-03-11 19:43:02,073 - INFO - package: mysql.connector.plugins
2025-03-11 19:43:02,073 - INFO - plugin_name: mysql_native_password
2025-03-11 19:43:02,074 - INFO - AUTHENTICATION_PLUGIN_CLASS: MySQLNativePasswordAuthPlugin
2025-03-11 19:44:32,856 - ERROR - Database Connection Faild
2025-03-11 19:44:39,258 - INFO - package: mysql.connector.plugins
2025-03-11 19:44:39,258 - INFO - plugin_name: mysql_native_password
2025-03-11 19:44:39,259 - INFO - AUTHENTICATION_PLUGIN_CLASS: MySQLNativePasswordAuthPlugin
2025-03-11 20:21:39,724 - ERROR - Database Connection Faild
2025-03-11 20:21:44,590 - INFO - package: mysql.connector.plugins
2025-03-11 20:21:44,591 - INFO - plugin_name: mysql_native_password
2025-03-11 20:21:44,591 - INFO - AUTHENTICATION_PLUGIN_CLASS: MySQLNativePasswordAuthPlugin
2025-03-11 20:23:01,355 - ERROR - Database Connection Faild
2025-03-11 20:23:09,148 - INFO - package: mysql.connector.plugins
2025-03-11 20:23:09,149 - INFO - plugin_name: mysql_native_password
2025-03-11 20:23:09,149 - INFO - AUTHENTICATION_PLUGIN_CLASS: MySQLNativePasswordAuthPlugin
2025-03-11 20:27:54,737 - ERROR - Database Connection Faild
2025-03-11 20:27:56,419 - INFO - package: mysql.connector.plugins
2025-03-11 20:27:56,420 - INFO - plugin_name: mysql_native_password
2025-03-11 20:27:56,420 - INFO - AUTHENTICATION_PLUGIN_CLASS: MySQLNativePasswordAuthPlugin
2025-03-11 20:30:50,007 - ERROR - Database Connection Faild
2025-03-11 20:31:05,011 - INFO - package: mysql.connector.plugins
2025-03-11 20:31:05,011 - INFO - plugin_name: mysql_native_password
2025-03-11 20:31:05,014 - INFO - AUTHENTICATION_PLUGIN_CLASS: MySQLNativePasswordAuthPlugin
2025-03-11 20:31:14,067 - ERROR - MQTT Broker Connection Failed! 
2025-03-11 20:31:22,644 - ERROR - Database Connection Faild
2025-03-11 20:31:41,151 - ERROR - Database Connection Faild
2025-03-11 20:31:56,155 - INFO - package: mysql.connector.plugins
2025-03-11 20:31:56,156 - INFO - plugin_name: mysql_native_password
2025-03-11 20:31:56,157 - INFO - AUTHENTICATION_PLUGIN_CLASS: MySQLNativePasswordAuthPlugin
2025-03-11 20:32:09,102 - ERROR - 2003: Can't connect to MySQL server on 'localhost:3306' (Errno 10061: No connection could be made because the target machine actively refused it)
2025-03-11 20:32:22,063 - ERROR - 2003: Can't connect to MySQL server on 'localhost:3306' (Errno 10061: No connection could be made because the target machine actively refused it)
2025-03-11 20:32:35,042 - ERROR - 2003: Can't connect to MySQL server on 'localhost:3306' (Errno 10061: No connection could be made because the target machine actively refused it)
2025-03-11 20:32:47,971 - ERROR - 2003: Can't connect to MySQL server on 'localhost:3306' (Errno 10061: No connection could be made because the target machine actively refused it)
2025-03-11 20:33:00,939 - ERROR - 2003: Can't connect to MySQL server on 'localhost:3306' (Errno 10061: No connection could be made because the target machine actively refused it)
2025-03-11 20:33:13,866 - ERROR - 2003: Can't connect to MySQL server on 'localhost:3306' (Errno 10061: No connection could be made because the target machine actively refused it)
2025-03-11 20:33:26,753 - ERROR - 2003: Can't connect to MySQL server on 'localhost:3306' (Errno 10061: No connection could be made because the target machine actively refused it)
2025-03-11 20:33:39,661 - ERROR - 2003: Can't connect to MySQL server on 'localhost:3306' (Errno 10061: No connection could be made because the target machine actively refused it)
2025-03-11 20:33:52,580 - ERROR - 2003: Can't connect to MySQL server on 'localhost:3306' (Errno 10061: No connection could be made because the target machine actively refused it)
2025-03-11 20:34:05,638 - ERROR - 2003: Can't connect to MySQL server on 'localhost:3306' (Errno 10061: No connection could be made because the target machine actively refused it)
2025-03-11 20:34:18,589 - ERROR - 2003: Can't connect to MySQL server on 'localhost:3306' (Errno 10061: No connection could be made because the target machine actively refused it)
2025-03-11 20:34:31,518 - ERROR - 2003: Can't connect to MySQL server on 'localhost:3306' (Errno 10061: No connection could be made because the target machine actively refused it)
2025-03-11 20:34:44,438 - ERROR - 2003: Can't connect to MySQL server on 'localhost:3306' (Errno 10061: No connection could be made because the target machine actively refused it)
2025-03-11 20:34:57,380 - ERROR - 2003: Can't connect to MySQL server on 'localhost:3306' (Errno 10061: No connection could be made because the target machine actively refused it)
2025-03-11 20:35:10,330 - ERROR - 2003: Can't connect to MySQL server on 'localhost:3306' (Errno 10061: No connection could be made because the target machine actively refused it)
2025-03-11 20:35:23,285 - ERROR - 2003: Can't connect to MySQL server on 'localhost:3306' (Errno 10061: No connection could be made because the target machine actively refused it)
2025-03-11 20:35:36,275 - ERROR - 2003: Can't connect to MySQL server on 'localhost:3306' (Errno 10061: No connection could be made because the target machine actively refused it)
2025-03-11 20:35:49,197 - ERROR - 2003: Can't connect to MySQL server on 'localhost:3306' (Errno 10061: No connection could be made because the target machine actively refused it)
2025-03-11 20:36:02,097 - ERROR - 2003: Can't connect to MySQL server on 'localhost:3306' (Errno 10061: No connection could be made because the target machine actively refused it)
2025-03-11 20:36:15,062 - ERROR - 2003: Can't connect to MySQL server on 'localhost:3306' (Errno 10061: No connection could be made because the target machine actively refused it)
2025-03-11 20:36:28,032 - ERROR - 2003: Can't connect to MySQL server on 'localhost:3306' (Errno 10061: No connection could be made because the target machine actively refused it)
2025-03-11 20:36:30,823 - ERROR - Database Connection Faild
2025-03-11 20:38:23,518 - ERROR - Database Connection Faild
2025-03-11 20:38:38,523 - INFO - package: mysql.connector.plugins
2025-03-11 20:38:38,523 - INFO - plugin_name: mysql_native_password
2025-03-11 20:38:38,526 - INFO - AUTHENTICATION_PLUGIN_CLASS: MySQLNativePasswordAuthPlugin
2025-03-11 20:38:38,529 - INFO - Database is connected
2025-03-11 20:38:49,136 - INFO - Connected to MQTT Broker!
2025-03-11 20:40:53,013 - INFO - Connected to MQTT Broker!
2025-03-11 20:45:04,505 - INFO - package: mysql.connector.plugins
2025-03-11 20:45:04,505 - INFO - plugin_name: mysql_native_password
2025-03-11 20:45:04,506 - INFO - AUTHENTICATION_PLUGIN_CLASS: MySQLNativePasswordAuthPlugin
2025-03-11 20:45:04,513 - ERROR - Database Connection Faild
2025-03-11 20:45:19,519 - ERROR - Database Connection Faild
2025-03-11 20:45:27,973 - INFO - package: mysql.connector.plugins
2025-03-11 20:45:27,973 - INFO - plugin_name: mysql_native_password
2025-03-11 20:45:27,974 - INFO - AUTHENTICATION_PLUGIN_CLASS: MySQLNativePasswordAuthPlugin
2025-03-11 20:45:27,976 - ERROR - Database Connection Faild
2025-03-11 20:45:42,977 - ERROR - Database Connection Faild
2025-03-11 20:45:57,984 - ERROR - Database Connection Faild
2025-03-11 20:46:14,962 - INFO - package: mysql.connector.plugins
2025-03-11 20:46:14,962 - INFO - plugin_name: mysql_native_password
2025-03-11 20:46:14,963 - INFO - AUTHENTICATION_PLUGIN_CLASS: MySQLNativePasswordAuthPlugin
2025-03-11 20:46:14,965 - ERROR - Database Connection Faild
2025-03-11 20:46:29,972 - ERROR - Database Connection Faild
2025-03-11 20:47:19,744 - INFO - package: mysql.connector.plugins
2025-03-11 20:47:19,745 - INFO - plugin_name: mysql_native_password
2025-03-11 20:47:19,745 - INFO - AUTHENTICATION_PLUGIN_CLASS: MySQLNativePasswordAuthPlugin
2025-03-11 20:47:19,746 - INFO - Database is connected
2025-03-11 20:47:31,221 - INFO - Connected to MQTT Broker!
2025-03-11 20:49:33,363 - INFO - Connected to MQTT Broker!
2025-03-11 20:51:37,402 - INFO - Connected to MQTT Broker!
2025-03-11 20:53:39,773 - INFO - Connected to MQTT Broker!
2025-03-11 20:55:43,787 - INFO - Connected to MQTT Broker!
2025-03-11 20:57:47,903 - INFO - Connected to MQTT Broker!
2025-03-11 20:59:51,854 - INFO - Connected to MQTT Broker!
2025-03-11 21:01:56,999 - INFO - Connected to MQTT Broker!
2025-03-11 21:03:59,993 - INFO - Connected to MQTT Broker!
2025-03-11 21:05:22,037 - ERROR - Database Connection Faild
2025-03-11 21:05:32,769 - INFO - package: mysql.connector.plugins
2025-03-11 21:05:32,769 - INFO - plugin_name: mysql_native_password
2025-03-11 21:05:32,770 - INFO - AUTHENTICATION_PLUGIN_CLASS: MySQLNativePasswordAuthPlugin
2025-03-11 21:05:32,771 - INFO - Database is connected
2025-03-11 21:05:43,345 - INFO - Connected to MQTT Broker!
2025-03-11 21:05:53,666 - INFO - Connected to MQTT Broker!
2025-03-11 21:06:03,966 - INFO - Connected to MQTT Broker!
2025-03-11 21:06:14,396 - INFO - Connected to MQTT Broker!
2025-03-11 21:06:24,708 - INFO - Connected to MQTT Broker!
2025-03-11 21:06:34,990 - INFO - Connected to MQTT Broker!
2025-03-11 21:06:45,327 - INFO - Connected to MQTT Broker!
2025-03-11 21:06:50,090 - INFO - Connected to MQTT Broker!
2025-03-11 21:06:55,643 - INFO - Connected to MQTT Broker!
2025-03-11 21:06:57,471 - INFO - Connected to MQTT Broker!
2025-03-11 21:07:05,950 - INFO - Connected to MQTT Broker!
2025-03-11 21:07:10,631 - INFO - Connected to MQTT Broker!
2025-03-11 21:07:16,267 - INFO - Connected to MQTT Broker!
2025-03-11 21:07:20,107 - INFO - Connected to MQTT Broker!
2025-03-11 21:07:26,598 - INFO - Connected to MQTT Broker!
2025-03-11 21:07:30,451 - INFO - Connected to MQTT Broker!
2025-03-11 21:07:36,898 - INFO - Connected to MQTT Broker!
2025-03-11 21:07:40,762 - INFO - Connected to MQTT Broker!
2025-03-11 21:07:47,197 - INFO - Connected to MQTT Broker!
2025-03-11 21:07:51,111 - INFO - Connected to MQTT Broker!
2025-03-11 21:07:56,781 - INFO - Connected to MQTT Broker!
2025-03-11 21:07:57,517 - INFO - Connected to MQTT Broker!
2025-03-11 21:08:01,412 - INFO - Connected to MQTT Broker!
2025-03-11 21:08:03,280 - INFO - Connected to MQTT Broker!
2025-03-11 21:08:07,799 - INFO - Connected to MQTT Broker!
2025-03-11 21:08:12,628 - INFO - Connected to MQTT Broker!
2025-03-11 21:08:17,432 - INFO - Connected to MQTT Broker!
2025-03-11 21:08:18,112 - INFO - Connected to MQTT Broker!
2025-03-11 21:08:22,054 - INFO - Connected to MQTT Broker!
2025-03-11 21:08:25,763 - INFO - Connected to MQTT Broker!
2025-03-11 21:08:28,392 - INFO - Connected to MQTT Broker!
2025-03-11 21:08:30,302 - INFO - Connected to MQTT Broker!
2025-03-11 21:08:37,317 - INFO - Connected to MQTT Broker!
2025-03-11 21:08:38,737 - INFO - Connected to MQTT Broker!
2025-03-11 21:08:40,638 - INFO - Connected to MQTT Broker!
2025-03-11 21:08:44,469 - INFO - Connected to MQTT Broker!
2025-03-11 21:08:49,172 - INFO - Connected to MQTT Broker!
2025-03-11 21:08:52,851 - INFO - Connected to MQTT Broker!
2025-03-11 21:08:55,871 - INFO - Connected to MQTT Broker!
2025-03-11 21:08:59,468 - INFO - Connected to MQTT Broker!
2025-03-11 21:09:01,352 - INFO - Connected to MQTT Broker!
2025-03-11 21:09:01,423 - INFO - Connected to MQTT Broker!
2025-03-11 21:09:03,009 - INFO - Connected to MQTT Broker!
2025-03-11 21:09:07,998 - INFO - Connected to MQTT Broker!
2025-03-11 21:09:09,767 - INFO - Connected to MQTT Broker!
2025-03-11 21:09:09,907 - INFO - Connected to MQTT Broker!
2025-03-11 21:09:11,536 - INFO - Connected to MQTT Broker!
2025-03-11 21:09:13,452 - INFO - Connected to MQTT Broker!
2025-03-11 21:09:18,148 - INFO - Connected to MQTT Broker!
2025-03-11 21:09:20,077 - INFO - Connected to MQTT Broker!
2025-03-11 21:09:22,022 - INFO - Connected to MQTT Broker!
2025-03-11 21:09:24,697 - INFO - Connected to MQTT Broker!
2025-03-11 21:09:27,597 - INFO - Connected to MQTT Broker!
2025-03-11 21:09:30,401 - INFO - Connected to MQTT Broker!
2025-03-11 21:09:32,204 - INFO - Connected to MQTT Broker!
2025-03-11 21:09:32,934 - INFO - Connected to MQTT Broker!
2025-03-11 21:09:36,699 - INFO - Connected to MQTT Broker!
2025-03-11 21:09:40,709 - INFO - Connected to MQTT Broker!
2025-03-11 21:09:41,917 - INFO - Connected to MQTT Broker!
2025-03-11 21:09:42,273 - INFO - Connected to MQTT Broker!
2025-03-11 21:09:46,232 - INFO - Connected to MQTT Broker!
2025-03-11 21:09:47,951 - INFO - Connected to MQTT Broker!
2025-03-11 21:09:50,992 - INFO - Connected to MQTT Broker!
2025-03-11 21:09:54,677 - INFO - Connected to MQTT Broker!
2025-03-11 21:09:56,309 - INFO - Connected to MQTT Broker!
2025-03-11 21:10:01,257 - INFO - Connected to MQTT Broker!
2025-03-11 21:10:02,378 - INFO - Connected to MQTT Broker!
2025-03-11 21:10:03,879 - INFO - Connected to MQTT Broker!
2025-03-11 21:10:06,383 - INFO - Connected to MQTT Broker!
2025-03-11 21:10:07,868 - INFO - Connected to MQTT Broker!
2025-03-11 21:10:11,598 - INFO - Connected to MQTT Broker!
2025-03-11 21:10:14,541 - INFO - Connected to MQTT Broker!
2025-03-11 21:10:14,910 - INFO - Connected to MQTT Broker!
2025-03-11 21:10:15,210 - INFO - Connected to MQTT Broker!
2025-03-11 21:10:16,763 - INFO - Connected to MQTT Broker!
2025-03-11 21:10:17,906 - INFO - Connected to MQTT Broker!
2025-03-11 21:10:21,918 - INFO - Connected to MQTT Broker!
2025-03-11 21:10:24,789 - INFO - Connected to MQTT Broker!
2025-03-11 21:10:26,807 - INFO - Connected to MQTT Broker!
2025-03-11 21:10:28,429 - INFO - Connected to MQTT Broker!
2025-03-11 21:10:29,150 - INFO - Connected to MQTT Broker!
2025-03-11 21:10:31,087 - INFO - Connected to MQTT Broker!
2025-03-11 21:10:32,200 - INFO - Connected to MQTT Broker!
2025-03-11 21:10:34,821 - INFO - Connected to MQTT Broker!
2025-03-11 21:10:38,729 - INFO - Connected to MQTT Broker!
2025-03-11 21:10:39,431 - INFO - Connected to MQTT Broker!
2025-03-11 21:10:40,154 - INFO - Connected to MQTT Broker!
2025-03-11 21:10:42,529 - INFO - Connected to MQTT Broker!
2025-03-11 21:10:44,198 - INFO - Connected to MQTT Broker!
2025-03-11 21:10:48,842 - INFO - Connected to MQTT Broker!
2025-03-11 21:10:50,332 - INFO - Connected to MQTT Broker!
2025-03-11 21:10:51,335 - INFO - Connected to MQTT Broker!
2025-03-11 21:10:51,932 - INFO - Connected to MQTT Broker!
2025-03-11 21:10:52,824 - INFO - Connected to MQTT Broker!
2025-03-11 21:10:52,829 - INFO - Connected to MQTT Broker!
2025-03-11 21:10:54,427 - INFO - Connected to MQTT Broker!
2025-03-11 21:10:56,480 - INFO - Connected to MQTT Broker!
2025-03-11 21:10:59,095 - INFO - Connected to MQTT Broker!
2025-03-11 21:10:59,910 - INFO - Connected to MQTT Broker!
2025-03-11 21:11:03,269 - INFO - Connected to MQTT Broker!
2025-03-11 21:11:06,058 - INFO - Connected to MQTT Broker!
2025-03-11 21:11:07,850 - INFO - Connected to MQTT Broker!
2025-03-11 21:11:10,036 - INFO - Connected to MQTT Broker!
2025-03-11 21:11:10,314 - INFO - Connected to MQTT Broker!
2025-03-11 21:11:11,917 - INFO - Connected to MQTT Broker!
2025-03-11 21:11:13,579 - INFO - Connected to MQTT Broker!
2025-03-11 21:11:14,435 - INFO - Connected to MQTT Broker!
2025-03-11 21:11:18,147 - INFO - Connected to MQTT Broker!
2025-03-11 21:11:20,374 - INFO - Connected to MQTT Broker!
2025-03-11 21:11:20,749 - INFO - Connected to MQTT Broker!
2025-03-11 21:11:21,164 - INFO - Connected to MQTT Broker!
2025-03-11 21:11:21,305 - INFO - Connected to MQTT Broker!
2025-03-11 21:11:22,884 - INFO - Connected to MQTT Broker!
2025-03-11 21:11:23,913 - INFO - Connected to MQTT Broker!
2025-03-11 21:11:25,499 - INFO - Connected to MQTT Broker!
2025-03-11 21:11:28,375 - INFO - Connected to MQTT Broker!
2025-03-11 21:11:30,424 - INFO - Connected to MQTT Broker!
2025-03-11 21:11:32,683 - INFO - Connected to MQTT Broker!
2025-03-11 21:11:34,250 - INFO - Connected to MQTT Broker!
2025-03-11 21:11:34,944 - INFO - Connected to MQTT Broker!
2025-03-11 21:11:37,574 - INFO - Connected to MQTT Broker!
2025-03-11 21:11:38,348 - INFO - Connected to MQTT Broker!
2025-03-11 21:11:38,683 - INFO - Connected to MQTT Broker!
2025-03-11 21:11:43,934 - INFO - Connected to MQTT Broker!
2025-03-11 21:11:44,529 - INFO - Connected to MQTT Broker!
2025-03-11 21:11:45,288 - INFO - Connected to MQTT Broker!
2025-03-11 21:11:45,662 - INFO - Connected to MQTT Broker!
2025-03-11 21:11:49,015 - INFO - Connected to MQTT Broker!
2025-03-11 21:11:50,822 - INFO - Connected to MQTT Broker!
2025-03-11 21:11:54,733 - INFO - Connected to MQTT Broker!
2025-03-11 21:11:54,855 - INFO - Connected to MQTT Broker!
2025-03-11 21:11:55,489 - INFO - Connected to MQTT Broker!
2025-03-11 21:11:56,506 - INFO - Connected to MQTT Broker!
2025-03-11 21:11:57,864 - INFO - Connected to MQTT Broker!
2025-03-11 21:11:58,565 - INFO - Connected to MQTT Broker!
2025-03-11 21:11:58,568 - INFO - Connected to MQTT Broker!
2025-03-11 21:12:00,145 - INFO - Connected to MQTT Broker!
2025-03-11 21:12:01,960 - INFO - Connected to MQTT Broker!
2025-03-11 21:12:02,641 - INFO - Connected to MQTT Broker!
2025-03-11 21:12:03,420 - INFO - Connected to MQTT Broker!
2025-03-11 21:12:05,169 - INFO - Connected to MQTT Broker!
2025-03-11 21:12:07,644 - INFO - Connected to MQTT Broker!
2025-03-11 21:12:10,538 - INFO - Connected to MQTT Broker!
2025-03-11 21:12:13,531 - INFO - Connected to MQTT Broker!
2025-03-11 21:12:15,504 - INFO - Connected to MQTT Broker!
2025-03-11 21:12:16,690 - INFO - Connected to MQTT Broker!
2025-03-11 21:12:16,953 - INFO - Connected to MQTT Broker!
2025-03-11 21:12:18,460 - INFO - Connected to MQTT Broker!
2025-03-11 21:12:18,553 - INFO - Connected to MQTT Broker!
2025-03-11 21:12:20,111 - INFO - Connected to MQTT Broker!
2025-03-11 21:12:21,035 - INFO - Connected to MQTT Broker!
2025-03-11 21:12:21,641 - INFO - Connected to MQTT Broker!
2025-03-11 21:12:25,783 - INFO - Connected to MQTT Broker!
2025-03-11 21:12:26,233 - INFO - Connected to MQTT Broker!
2025-03-11 21:12:26,835 - INFO - Connected to MQTT Broker!
2025-03-11 21:12:27,401 - INFO - Connected to MQTT Broker!
2025-03-11 21:12:27,407 - INFO - Connected to MQTT Broker!
2025-03-11 21:12:27,844 - INFO - Connected to MQTT Broker!
2025-03-11 21:12:29,019 - INFO - Connected to MQTT Broker!
2025-03-11 21:12:31,893 - INFO - Connected to MQTT Broker!
2025-03-11 21:12:32,015 - INFO - Connected to MQTT Broker!
2025-03-11 21:12:33,636 - INFO - Connected to MQTT Broker!
2025-03-11 21:12:35,924 - INFO - Connected to MQTT Broker!
2025-03-11 21:12:36,115 - INFO - Connected to MQTT Broker!
2025-03-11 21:12:37,289 - INFO - Connected to MQTT Broker!
2025-03-11 21:12:37,744 - INFO - Connected to MQTT Broker!
2025-03-11 21:12:37,744 - INFO - Connected to MQTT Broker!
2025-03-11 21:12:39,376 - INFO - Connected to MQTT Broker!
2025-03-11 21:12:40,963 - INFO - Connected to MQTT Broker!
2025-03-11 21:12:41,431 - INFO - Connected to MQTT Broker!
2025-03-11 21:12:42,720 - INFO - Connected to MQTT Broker!
2025-03-11 21:12:44,290 - INFO - Connected to MQTT Broker!
2025-03-11 21:12:46,399 - INFO - Connected to MQTT Broker!
2025-03-11 21:12:47,371 - INFO - Connected to MQTT Broker!
2025-03-11 21:12:50,054 - INFO - Connected to MQTT Broker!
2025-03-11 21:12:50,364 - INFO - Connected to MQTT Broker!
2025-03-11 21:12:51,955 - INFO - Connected to MQTT Broker!
2025-03-11 21:12:54,274 - INFO - Connected to MQTT Broker!
2025-03-11 21:12:54,513 - INFO - Connected to MQTT Broker!
2025-03-11 21:12:56,136 - INFO - Connected to MQTT Broker!
2025-03-11 21:12:56,716 - INFO - Connected to MQTT Broker!
2025-03-11 21:13:00,882 - INFO - Connected to MQTT Broker!
2025-03-11 21:13:01,351 - INFO - Connected to MQTT Broker!
2025-03-11 21:13:01,920 - INFO - Connected to MQTT Broker!
2025-03-11 21:13:03,299 - INFO - Connected to MQTT Broker!
2025-03-11 21:13:05,095 - INFO - Connected to MQTT Broker!
2025-03-11 21:13:05,606 - INFO - Connected to MQTT Broker!
2025-03-11 21:13:06,691 - INFO - Connected to MQTT Broker!
2025-03-11 21:13:07,044 - INFO - Connected to MQTT Broker!
2025-03-11 21:13:07,045 - INFO - Connected to MQTT Broker!
2025-03-11 21:13:08,140 - INFO - Connected to MQTT Broker!
2025-03-11 21:13:08,648 - INFO - Connected to MQTT Broker!
2025-03-11 21:13:10,754 - INFO - Connected to MQTT Broker!
2025-03-11 21:13:14,151 - INFO - Connected to MQTT Broker!
2025-03-11 21:13:17,013 - INFO - Connected to MQTT Broker!
2025-03-11 21:13:17,085 - INFO - Connected to MQTT Broker!
2025-03-11 21:13:17,305 - INFO - Connected to MQTT Broker!
2025-03-11 21:13:18,679 - INFO - Connected to MQTT Broker!
2025-03-11 21:13:18,906 - INFO - Connected to MQTT Broker!
2025-03-11 21:13:20,514 - INFO - Connected to MQTT Broker!
2025-03-11 21:13:22,014 - INFO - Connected to MQTT Broker!
2025-03-11 21:13:22,350 - INFO - Connected to MQTT Broker!
2025-03-11 21:13:22,681 - INFO - Connected to MQTT Broker!
2025-03-11 21:13:26,640 - INFO - Connected to MQTT Broker!
2025-03-11 21:13:27,504 - INFO - Connected to MQTT Broker!
2025-03-11 21:13:27,604 - INFO - Connected to MQTT Broker!
2025-03-11 21:13:28,241 - INFO - Connected to MQTT Broker!
2025-03-11 21:13:29,211 - INFO - Connected to MQTT Broker!
2025-03-11 21:13:31,238 - INFO - Connected to MQTT Broker!
2025-03-11 21:13:31,719 - INFO - Connected to MQTT Broker!
2025-03-11 21:13:33,394 - INFO - Connected to MQTT Broker!
2025-03-11 21:13:33,879 - INFO - Connected to MQTT Broker!
2025-03-11 21:13:34,475 - INFO - Connected to MQTT Broker!
2025-03-11 21:13:35,399 - INFO - Connected to MQTT Broker!
2025-03-11 21:13:35,553 - INFO - Connected to MQTT Broker!
2025-03-11 21:13:37,146 - INFO - Connected to MQTT Broker!
2025-03-11 21:13:37,965 - INFO - Connected to MQTT Broker!
2025-03-11 21:13:39,146 - INFO - Connected to MQTT Broker!
2025-03-11 21:13:40,757 - INFO - Connected to MQTT Broker!
2025-03-11 21:13:41,566 - INFO - Connected to MQTT Broker!
2025-03-11 21:13:42,083 - INFO - Connected to MQTT Broker!
2025-03-11 21:13:45,549 - INFO - Connected to MQTT Broker!
2025-03-11 21:13:45,955 - INFO - Connected to MQTT Broker!
2025-03-11 21:13:46,896 - INFO - Connected to MQTT Broker!
2025-03-11 21:13:48,282 - INFO - Connected to MQTT Broker!
2025-03-11 21:13:49,296 - INFO - Connected to MQTT Broker!
2025-03-11 21:13:49,889 - INFO - Connected to MQTT Broker!
2025-03-11 21:13:52,842 - INFO - Connected to MQTT Broker!
2025-03-11 21:13:53,874 - INFO - Connected to MQTT Broker!
2025-03-11 21:13:56,634 - INFO - Connected to MQTT Broker!
2025-03-11 21:13:56,760 - INFO - Connected to MQTT Broker!
2025-03-11 21:13:58,095 - INFO - Connected to MQTT Broker!
2025-03-11 21:13:58,389 - INFO - Connected to MQTT Broker!
2025-03-11 21:13:58,392 - INFO - Connected to MQTT Broker!
2025-03-11 21:13:58,606 - INFO - Connected to MQTT Broker!
2025-03-11 21:13:59,501 - INFO - Connected to MQTT Broker!
2025-03-11 21:14:00,022 - INFO - Connected to MQTT Broker!
2025-03-11 21:14:00,031 - INFO - Connected to MQTT Broker!
2025-03-11 21:14:00,190 - INFO - Connected to MQTT Broker!
2025-03-11 21:14:01,650 - INFO - Connected to MQTT Broker!
2025-03-11 21:14:01,801 - INFO - Connected to MQTT Broker!
2025-03-11 21:14:03,220 - INFO - Connected to MQTT Broker!
2025-03-11 21:14:03,376 - INFO - Connected to MQTT Broker!
2025-03-11 21:14:04,766 - INFO - Connected to MQTT Broker!
2025-03-11 21:14:05,020 - INFO - Connected to MQTT Broker!
2025-03-11 21:14:06,320 - INFO - Connected to MQTT Broker!
2025-03-11 21:14:06,578 - INFO - Connected to MQTT Broker!
2025-03-11 21:14:08,184 - INFO - Connected to MQTT Broker!
2025-03-11 21:14:08,361 - INFO - Connected to MQTT Broker!
2025-03-11 21:14:08,719 - INFO - Connected to MQTT Broker!
2025-03-11 21:14:08,866 - INFO - Connected to MQTT Broker!
2025-03-11 21:14:09,976 - INFO - Connected to MQTT Broker!
2025-03-11 21:14:10,476 - INFO - Connected to MQTT Broker!
2025-03-11 21:14:10,555 - INFO - Connected to MQTT Broker!
2025-03-11 21:14:11,293 - INFO - Connected to MQTT Broker!
2025-03-11 21:14:12,159 - INFO - Connected to MQTT Broker!
2025-03-11 21:14:12,506 - INFO - Connected to MQTT Broker!
2025-03-11 21:14:13,414 - INFO - Connected to MQTT Broker!
2025-03-11 21:14:13,562 - INFO - Connected to MQTT Broker!
2025-03-11 21:14:14,325 - INFO - Connected to MQTT Broker!
2025-03-11 21:14:15,145 - INFO - Connected to MQTT Broker!
2025-03-11 21:14:15,286 - INFO - Connected to MQTT Broker!
2025-03-11 21:14:16,903 - INFO - Connected to MQTT Broker!
2025-03-11 21:14:19,176 - INFO - Connected to MQTT Broker!
2025-03-11 21:14:20,605 - INFO - Connected to MQTT Broker!
2025-03-11 21:14:22,866 - INFO - Connected to MQTT Broker!
2025-03-11 21:14:23,983 - INFO - Connected to MQTT Broker!
2025-03-11 21:14:24,616 - INFO - Connected to MQTT Broker!
2025-03-11 21:14:27,861 - INFO - Connected to MQTT Broker!
2025-03-11 21:14:28,065 - INFO - Connected to MQTT Broker!
2025-03-11 21:14:28,622 - INFO - Connected to MQTT Broker!
2025-03-11 21:14:29,537 - INFO - Connected to MQTT Broker!
2025-03-11 21:14:29,634 - INFO - Connected to MQTT Broker!
2025-03-11 21:14:31,280 - INFO - Connected to MQTT Broker!
2025-03-11 21:14:32,127 - INFO - Connected to MQTT Broker!
2025-03-11 21:14:33,777 - INFO - Connected to MQTT Broker!
2025-03-11 21:14:34,022 - INFO - Connected to MQTT Broker!
2025-03-11 21:14:35,632 - INFO - Connected to MQTT Broker!
2025-03-11 21:14:35,834 - INFO - Connected to MQTT Broker!
2025-03-11 21:14:36,771 - INFO - Connected to MQTT Broker!
2025-03-11 21:14:37,430 - INFO - Connected to MQTT Broker!
2025-03-11 21:14:38,284 - INFO - Connected to MQTT Broker!
2025-03-11 21:14:39,911 - INFO - Connected to MQTT Broker!
2025-03-11 21:14:40,022 - INFO - Connected to MQTT Broker!
2025-03-11 21:14:40,043 - INFO - Connected to MQTT Broker!
2025-03-11 21:14:40,342 - INFO - Connected to MQTT Broker!
2025-03-11 21:14:41,595 - INFO - Connected to MQTT Broker!
2025-03-11 21:14:41,625 - INFO - Connected to MQTT Broker!
2025-03-11 21:14:42,090 - INFO - Connected to MQTT Broker!
2025-03-11 21:14:43,244 - INFO - Connected to MQTT Broker!
2025-03-11 21:14:43,574 - INFO - Connected to MQTT Broker!
2025-03-11 21:14:43,719 - INFO - Connected to MQTT Broker!
2025-03-11 21:14:44,621 - INFO - Connected to MQTT Broker!
2025-03-11 21:14:45,327 - INFO - Connected to MQTT Broker!
2025-03-11 21:14:47,191 - INFO - Connected to MQTT Broker!
2025-03-11 21:14:48,147 - INFO - Connected to MQTT Broker!
2025-03-11 21:14:48,489 - INFO - Connected to MQTT Broker!
2025-03-11 21:14:50,195 - INFO - Connected to MQTT Broker!
2025-03-11 21:14:51,796 - INFO - Connected to MQTT Broker!
2025-03-11 21:14:52,232 - INFO - Connected to MQTT Broker!
2025-03-11 21:14:53,471 - INFO - Connected to MQTT Broker!
2025-03-11 21:14:53,816 - INFO - Connected to MQTT Broker!
2025-03-11 21:14:54,925 - INFO - Connected to MQTT Broker!
2025-03-11 21:14:55,345 - INFO - Connected to MQTT Broker!
2025-03-11 21:14:56,286 - INFO - Connected to MQTT Broker!
2025-03-11 21:15:00,331 - INFO - Connected to MQTT Broker!
2025-03-11 21:15:00,519 - INFO - Connected to MQTT Broker!
2025-03-11 21:15:02,155 - INFO - Connected to MQTT Broker!
2025-03-11 21:15:03,312 - INFO - Connected to MQTT Broker!
2025-03-11 21:15:04,180 - INFO - Connected to MQTT Broker!
2025-03-11 21:15:05,719 - INFO - Connected to MQTT Broker!
2025-03-11 21:15:06,000 - INFO - Connected to MQTT Broker!
2025-03-11 21:15:07,626 - INFO - Connected to MQTT Broker!
2025-03-11 21:15:08,326 - INFO - Connected to MQTT Broker!
2025-03-11 21:15:08,903 - INFO - Connected to MQTT Broker!
2025-03-11 21:15:10,435 - INFO - Connected to MQTT Broker!
2025-03-11 21:15:10,802 - INFO - Connected to MQTT Broker!
2025-03-11 21:15:13,124 - INFO - Connected to MQTT Broker!
2025-03-11 21:15:13,342 - INFO - Connected to MQTT Broker!
2025-03-11 21:15:13,900 - INFO - Connected to MQTT Broker!
2025-03-11 21:15:14,920 - INFO - Connected to MQTT Broker!
2025-03-11 21:15:15,386 - INFO - Connected to MQTT Broker!
2025-03-11 21:15:15,965 - INFO - Connected to MQTT Broker!
2025-03-11 21:15:16,851 - INFO - Connected to MQTT Broker!
2025-03-11 21:15:17,025 - INFO - Connected to MQTT Broker!
2025-03-11 21:15:17,625 - INFO - Connected to MQTT Broker!
2025-03-11 21:15:18,132 - INFO - Connected to MQTT Broker!
2025-03-11 21:15:18,585 - INFO - Connected to MQTT Broker!
2025-03-11 21:15:20,819 - INFO - Connected to MQTT Broker!
2025-03-11 21:15:21,111 - INFO - Connected to MQTT Broker!
2025-03-11 21:15:21,751 - INFO - Connected to MQTT Broker!
2025-03-11 21:15:23,426 - INFO - Connected to MQTT Broker!
2025-03-11 21:15:24,161 - INFO - Connected to MQTT Broker!
2025-03-11 21:15:24,796 - INFO - Connected to MQTT Broker!
2025-03-11 21:15:28,341 - INFO - Connected to MQTT Broker!
2025-03-11 21:15:30,471 - INFO - Connected to MQTT Broker!
2025-03-11 21:15:31,147 - INFO - Connected to MQTT Broker!
2025-03-11 21:15:31,397 - INFO - Connected to MQTT Broker!
2025-03-11 21:15:33,001 - INFO - Connected to MQTT Broker!
2025-03-11 21:15:33,490 - INFO - Connected to MQTT Broker!
2025-03-11 21:15:35,262 - INFO - Connected to MQTT Broker!
2025-03-11 21:15:36,135 - INFO - Connected to MQTT Broker!
2025-03-11 21:15:37,486 - INFO - Connected to MQTT Broker!
2025-03-11 21:15:37,766 - INFO - Connected to MQTT Broker!
2025-03-11 21:15:38,562 - INFO - Connected to MQTT Broker!
2025-03-11 21:15:39,402 - INFO - Connected to MQTT Broker!
2025-03-11 21:15:41,357 - INFO - Connected to MQTT Broker!
2025-03-11 21:15:41,412 - INFO - Connected to MQTT Broker!
2025-03-11 21:15:41,697 - INFO - Connected to MQTT Broker!
2025-03-11 21:15:42,822 - INFO - Connected to MQTT Broker!
2025-03-11 21:15:43,012 - INFO - Connected to MQTT Broker!
2025-03-11 21:15:43,646 - INFO - Connected to MQTT Broker!
2025-03-11 21:15:44,554 - INFO - Connected to MQTT Broker!
2025-03-11 21:15:44,632 - INFO - Connected to MQTT Broker!
2025-03-11 21:15:44,666 - INFO - Connected to MQTT Broker!
2025-03-11 21:15:46,197 - INFO - Connected to MQTT Broker!
2025-03-11 21:15:46,286 - INFO - Connected to MQTT Broker!
2025-03-11 21:15:47,082 - INFO - Connected to MQTT Broker!
2025-03-11 21:15:47,875 - INFO - Connected to MQTT Broker!
2025-03-11 21:15:48,594 - INFO - Connected to MQTT Broker!
2025-03-11 21:15:48,638 - INFO - Connected to MQTT Broker!
2025-03-11 21:15:50,156 - INFO - Connected to MQTT Broker!
2025-03-11 21:15:50,195 - INFO - Connected to MQTT Broker!
2025-03-11 21:15:50,201 - INFO - Connected to MQTT Broker!
2025-03-11 21:15:50,703 - INFO - Connected to MQTT Broker!
2025-03-11 21:15:51,771 - INFO - Connected to MQTT Broker!
2025-03-11 21:15:51,807 - INFO - Connected to MQTT Broker!
2025-03-11 21:15:51,998 - INFO - Connected to MQTT Broker!
2025-03-11 21:15:53,396 - INFO - Connected to MQTT Broker!
2025-03-11 21:15:53,602 - INFO - Connected to MQTT Broker!
2025-03-11 21:15:53,662 - INFO - Connected to MQTT Broker!
2025-03-11 21:15:54,781 - INFO - Connected to MQTT Broker!
2025-03-11 21:15:54,865 - INFO - Connected to MQTT Broker!
2025-03-11 21:15:55,200 - INFO - Connected to MQTT Broker!
2025-03-11 21:15:55,272 - INFO - Connected to MQTT Broker!
2025-03-11 21:15:56,492 - INFO - Connected to MQTT Broker!
2025-03-11 21:15:56,761 - INFO - Connected to MQTT Broker!
2025-03-11 21:15:56,851 - INFO - Connected to MQTT Broker!
2025-03-11 21:15:58,226 - INFO - Connected to MQTT Broker!
2025-03-11 21:15:58,347 - INFO - Connected to MQTT Broker!
2025-03-11 21:15:58,480 - INFO - Connected to MQTT Broker!
2025-03-11 21:15:58,626 - INFO - Connected to MQTT Broker!
2025-03-11 21:15:58,919 - INFO - Connected to MQTT Broker!
2025-03-11 21:15:59,252 - INFO - Connected to MQTT Broker!
2025-03-11 21:15:59,961 - INFO - Connected to MQTT Broker!
2025-03-11 21:16:00,090 - INFO - Connected to MQTT Broker!
2025-03-11 21:16:00,252 - INFO - Connected to MQTT Broker!
2025-03-11 21:16:01,320 - INFO - Connected to MQTT Broker!
2025-03-11 21:16:01,722 - INFO - Connected to MQTT Broker!
2025-03-11 21:16:01,780 - INFO - Connected to MQTT Broker!
2025-03-11 21:16:01,837 - INFO - Connected to MQTT Broker!
2025-03-11 21:16:02,314 - INFO - Connected to MQTT Broker!
2025-03-11 21:16:02,721 - INFO - Connected to MQTT Broker!
2025-03-11 21:16:03,335 - INFO - Connected to MQTT Broker!
2025-03-11 21:16:03,478 - INFO - Connected to MQTT Broker!
2025-03-11 21:16:05,095 - INFO - Connected to MQTT Broker!
2025-03-11 21:16:06,923 - INFO - Connected to MQTT Broker!
2025-03-11 21:16:08,712 - INFO - Connected to MQTT Broker!
2025-03-11 21:16:08,719 - INFO - Connected to MQTT Broker!
2025-03-11 21:16:10,297 - INFO - Connected to MQTT Broker!
2025-03-11 21:16:10,731 - INFO - Connected to MQTT Broker!
2025-03-11 21:16:11,337 - INFO - Connected to MQTT Broker!
2025-03-11 21:16:12,662 - INFO - Connected to MQTT Broker!
2025-03-11 21:16:13,035 - INFO - Connected to MQTT Broker!
2025-03-11 21:16:14,811 - INFO - Connected to MQTT Broker!
2025-03-11 21:16:15,405 - INFO - Connected to MQTT Broker!
2025-03-11 21:16:15,850 - INFO - Connected to MQTT Broker!
2025-03-11 21:16:16,241 - INFO - Connected to MQTT Broker!
2025-03-11 21:16:17,845 - INFO - Connected to MQTT Broker!
2025-03-11 21:16:18,872 - INFO - Connected to MQTT Broker!
2025-03-11 21:16:19,332 - INFO - Connected to MQTT Broker!
2025-03-11 21:16:21,397 - INFO - Connected to MQTT Broker!
2025-03-11 21:16:22,427 - INFO - Connected to MQTT Broker!
2025-03-11 21:16:22,921 - INFO - Connected to MQTT Broker!
2025-03-11 21:16:23,431 - INFO - Connected to MQTT Broker!
2025-03-11 21:16:23,545 - INFO - Connected to MQTT Broker!
2025-03-11 21:16:24,021 - INFO - Connected to MQTT Broker!
2025-03-11 21:16:24,997 - INFO - Connected to MQTT Broker!
2025-03-11 21:16:25,107 - INFO - Connected to MQTT Broker!
2025-03-11 21:16:26,146 - INFO - Connected to MQTT Broker!
2025-03-11 21:16:26,432 - INFO - Connected to MQTT Broker!
2025-03-11 21:16:26,685 - INFO - Connected to MQTT Broker!
2025-03-11 21:16:28,045 - INFO - Connected to MQTT Broker!
2025-03-11 21:16:28,045 - INFO - Connected to MQTT Broker!
2025-03-11 21:16:28,342 - INFO - Connected to MQTT Broker!
2025-03-11 21:16:28,916 - INFO - Connected to MQTT Broker!
2025-03-11 21:16:29,628 - INFO - Connected to MQTT Broker!
2025-03-11 21:16:30,644 - INFO - Connected to MQTT Broker!
2025-03-11 21:16:31,238 - INFO - Connected to MQTT Broker!
2025-03-11 21:16:33,238 - INFO - Connected to MQTT Broker!
2025-03-11 21:16:34,833 - INFO - Connected to MQTT Broker!
2025-03-11 21:16:34,946 - INFO - Connected to MQTT Broker!
2025-03-11 21:16:36,567 - INFO - Connected to MQTT Broker!
2025-03-11 21:16:36,832 - INFO - Connected to MQTT Broker!
2025-03-11 21:16:38,486 - INFO - Connected to MQTT Broker!
2025-03-11 21:16:38,522 - INFO - Connected to MQTT Broker!
2025-03-11 21:16:40,053 - INFO - Connected to MQTT Broker!
2025-03-11 21:16:40,077 - INFO - Connected to MQTT Broker!
2025-03-11 21:16:40,636 - INFO - Connected to MQTT Broker!
2025-03-11 21:16:41,505 - INFO - Connected to MQTT Broker!
2025-03-11 21:16:41,680 - INFO - Connected to MQTT Broker!
2025-03-11 21:16:43,294 - INFO - Connected to MQTT Broker!
2025-03-11 21:16:43,581 - INFO - Connected to MQTT Broker!
2025-03-11 21:16:44,083 - INFO - Connected to MQTT Broker!
2025-03-11 21:16:44,167 - INFO - Connected to MQTT Broker!
2025-03-11 21:16:44,988 - INFO - Connected to MQTT Broker!
2025-03-11 21:16:45,766 - INFO - Connected to MQTT Broker!
2025-03-11 21:16:46,457 - INFO - Connected to MQTT Broker!
2025-03-11 21:16:47,095 - INFO - Connected to MQTT Broker!
2025-03-11 21:16:48,012 - INFO - Connected to MQTT Broker!
2025-03-11 21:16:50,239 - INFO - Connected to MQTT Broker!
2025-03-11 21:16:50,239 - INFO - Connected to MQTT Broker!
2025-03-11 21:16:51,855 - INFO - Connected to MQTT Broker!
2025-03-11 21:16:51,861 - INFO - Connected to MQTT Broker!
2025-03-11 21:16:52,554 - INFO - Connected to MQTT Broker!
2025-03-11 21:16:53,442 - INFO - Connected to MQTT Broker!
2025-03-11 21:16:53,876 - INFO - Connected to MQTT Broker!
2025-03-11 21:16:54,141 - INFO - Connected to MQTT Broker!
2025-03-11 21:16:54,236 - INFO - Connected to MQTT Broker!
2025-03-11 21:16:55,721 - INFO - Connected to MQTT Broker!
2025-03-11 21:16:55,893 - INFO - Connected to MQTT Broker!
2025-03-11 21:16:56,507 - INFO - Connected to MQTT Broker!
2025-03-11 21:16:56,525 - INFO - Connected to MQTT Broker!
2025-03-11 21:16:57,515 - INFO - Connected to MQTT Broker!
2025-03-11 21:16:58,143 - INFO - Connected to MQTT Broker!
2025-03-11 21:16:58,727 - INFO - Connected to MQTT Broker!
2025-03-11 21:17:00,762 - INFO - Connected to MQTT Broker!
2025-03-11 21:17:00,895 - INFO - Connected to MQTT Broker!
2025-03-11 21:17:01,435 - INFO - Connected to MQTT Broker!
2025-03-11 21:17:03,396 - INFO - Connected to MQTT Broker!
2025-03-11 21:17:03,415 - INFO - Connected to MQTT Broker!
2025-03-11 21:17:04,173 - INFO - Connected to MQTT Broker!
2025-03-11 21:17:04,688 - INFO - Connected to MQTT Broker!
2025-03-11 21:17:04,696 - INFO - Connected to MQTT Broker!
2025-03-11 21:17:04,702 - INFO - Connected to MQTT Broker!
2025-03-11 21:17:04,706 - INFO - Connected to MQTT Broker!
2025-03-11 21:17:04,975 - INFO - Connected to MQTT Broker!
2025-03-11 21:17:06,297 - INFO - Connected to MQTT Broker!
2025-03-11 21:17:06,308 - INFO - Connected to MQTT Broker!
2025-03-11 21:17:06,316 - INFO - Connected to MQTT Broker!
2025-03-11 21:17:06,617 - INFO - Connected to MQTT Broker!
2025-03-11 21:17:07,010 - INFO - Connected to MQTT Broker!
2025-03-11 21:17:07,916 - INFO - Connected to MQTT Broker!
2025-03-11 21:17:07,942 - INFO - Connected to MQTT Broker!
2025-03-11 21:17:08,097 - INFO - Connected to MQTT Broker!
2025-03-11 21:17:08,742 - INFO - Connected to MQTT Broker!
2025-03-11 21:17:08,770 - INFO - Connected to MQTT Broker!
2025-03-11 21:17:09,003 - INFO - Connected to MQTT Broker!
2025-03-11 21:17:09,513 - INFO - Connected to MQTT Broker!
2025-03-11 21:17:09,687 - INFO - Connected to MQTT Broker!
2025-03-11 21:17:10,383 - INFO - Connected to MQTT Broker!
2025-03-11 21:17:10,593 - INFO - Connected to MQTT Broker!
2025-03-11 21:17:11,022 - INFO - Connected to MQTT Broker!
2025-03-11 21:17:11,335 - INFO - Connected to MQTT Broker!
2025-03-11 21:17:12,213 - INFO - Connected to MQTT Broker!
2025-03-11 21:17:12,436 - INFO - Connected to MQTT Broker!
2025-03-11 21:17:13,972 - INFO - Connected to MQTT Broker!
2025-03-11 21:17:14,061 - INFO - Connected to MQTT Broker!
2025-03-11 21:17:14,480 - INFO - Connected to MQTT Broker!
2025-03-11 21:17:15,637 - INFO - Connected to MQTT Broker!
2025-03-11 21:17:16,903 - INFO - Connected to MQTT Broker!
2025-03-11 21:17:16,910 - INFO - Connected to MQTT Broker!
2025-03-11 21:17:17,420 - INFO - Connected to MQTT Broker!
2025-03-11 21:17:17,975 - INFO - Connected to MQTT Broker!
2025-03-11 21:17:18,321 - INFO - Connected to MQTT Broker!
2025-03-11 21:17:18,503 - INFO - Connected to MQTT Broker!
2025-03-11 21:17:18,598 - INFO - Connected to MQTT Broker!
2025-03-11 21:17:20,043 - INFO - Connected to MQTT Broker!
2025-03-11 21:17:20,109 - INFO - Connected to MQTT Broker!
2025-03-11 21:17:20,162 - INFO - Connected to MQTT Broker!
2025-03-11 21:17:20,812 - ERROR - Database Connection Faild
2025-03-11 21:17:30,876 - INFO - package: mysql.connector.plugins
2025-03-11 21:17:30,877 - INFO - plugin_name: mysql_native_password
2025-03-11 21:17:30,877 - INFO - AUTHENTICATION_PLUGIN_CLASS: MySQLNativePasswordAuthPlugin
2025-03-11 21:17:30,878 - INFO - Database is connected
2025-03-11 21:17:41,481 - INFO - Connected to MQTT Broker!
2025-03-11 21:19:47,329 - INFO - Connected to MQTT Broker!
2025-03-11 21:21:51,393 - INFO - Connected to MQTT Broker!
2025-03-11 21:23:55,352 - INFO - Connected to MQTT Broker!
2025-03-11 21:25:59,406 - INFO - Connected to MQTT Broker!
2025-03-11 21:28:01,725 - INFO - Connected to MQTT Broker!
2025-03-11 21:30:05,943 - INFO - Connected to MQTT Broker!
2025-03-11 21:32:10,193 - INFO - Connected to MQTT Broker!
2025-03-11 21:34:12,465 - INFO - Connected to MQTT Broker!
2025-03-11 21:36:16,546 - INFO - Connected to MQTT Broker!
2025-03-11 21:38:20,788 - INFO - Connected to MQTT Broker!
2025-03-11 21:40:23,370 - INFO - Connected to MQTT Broker!
2025-03-11 21:42:27,608 - INFO - Connected to MQTT Broker!
2025-03-11 21:44:31,872 - INFO - Connected to MQTT Broker!
2025-03-11 21:46:35,959 - INFO - Connected to MQTT Broker!
2025-03-11 21:48:40,198 - INFO - Connected to MQTT Broker!
2025-03-11 21:50:44,493 - INFO - Connected to MQTT Broker!
2025-03-11 21:52:48,795 - INFO - Connected to MQTT Broker!
2025-03-11 21:54:52,823 - INFO - Connected to MQTT Broker!
2025-03-11 21:56:56,966 - INFO - Connected to MQTT Broker!
2025-03-11 21:59:01,148 - INFO - Connected to MQTT Broker!
2025-03-11 22:01:05,526 - INFO - Connected to MQTT Broker!
2025-03-11 22:03:10,055 - INFO - Connected to MQTT Broker!
2025-03-11 22:05:12,221 - INFO - Connected to MQTT Broker!
2025-03-11 22:07:16,448 - INFO - Connected to MQTT Broker!
2025-03-11 22:09:20,876 - INFO - Connected to MQTT Broker!
2025-03-11 22:11:23,077 - INFO - Connected to MQTT Broker!
2025-03-11 22:13:27,351 - INFO - Connected to MQTT Broker!
2025-03-11 22:15:32,037 - INFO - Connected to MQTT Broker!
2025-03-11 22:17:34,329 - INFO - Connected to MQTT Broker!
2025-03-11 22:19:38,469 - INFO - Connected to MQTT Broker!
2025-03-11 22:21:42,422 - INFO - Connected to MQTT Broker!
2025-03-11 22:23:46,052 - INFO - Connected to MQTT Broker!
2025-03-11 22:25:50,069 - INFO - Connected to MQTT Broker!
2025-03-11 22:27:52,898 - INFO - Connected to MQTT Broker!
2025-03-11 22:29:55,043 - INFO - Connected to MQTT Broker!
2025-03-11 22:31:59,187 - INFO - Connected to MQTT Broker!
2025-03-11 22:34:03,345 - INFO - Connected to MQTT Broker!
2025-03-11 22:36:05,504 - INFO - Connected to MQTT Broker!
2025-03-11 22:38:09,500 - INFO - Connected to MQTT Broker!
2025-03-11 22:40:13,990 - INFO - Connected to MQTT Broker!
2025-03-11 22:42:18,197 - INFO - Connected to MQTT Broker!
2025-03-11 22:44:21,632 - INFO - Connected to MQTT Broker!
2025-03-11 22:46:24,588 - INFO - Connected to MQTT Broker!
2025-03-11 22:48:28,634 - INFO - Connected to MQTT Broker!
2025-03-11 22:50:32,815 - INFO - Connected to MQTT Broker!
2025-03-11 22:52:37,005 - INFO - Connected to MQTT Broker!
2025-03-11 22:54:41,153 - INFO - Connected to MQTT Broker!
2025-03-11 22:56:45,385 - INFO - Connected to MQTT Broker!
2025-03-11 22:58:49,634 - INFO - Connected to MQTT Broker!
2025-03-11 23:00:53,765 - INFO - Connected to MQTT Broker!
2025-03-11 23:02:57,977 - INFO - Connected to MQTT Broker!
2025-03-11 23:05:02,333 - INFO - Connected to MQTT Broker!
2025-03-11 23:07:06,724 - INFO - Connected to MQTT Broker!
2025-03-11 23:09:11,709 - INFO - Connected to MQTT Broker!
2025-03-11 23:11:13,602 - INFO - Connected to MQTT Broker!
2025-03-11 23:13:17,777 - INFO - Connected to MQTT Broker!
2025-03-11 23:15:22,018 - INFO - Connected to MQTT Broker!
2025-03-11 23:17:26,149 - INFO - Connected to MQTT Broker!
2025-03-11 23:19:30,155 - INFO - Connected to MQTT Broker!
2025-03-11 23:21:34,421 - INFO - Connected to MQTT Broker!
2025-03-11 23:23:38,577 - INFO - Connected to MQTT Broker!
2025-03-11 23:25:42,868 - INFO - Connected to MQTT Broker!
2025-03-11 23:27:47,057 - INFO - Connected to MQTT Broker!
2025-03-11 23:29:51,169 - INFO - Connected to MQTT Broker!
2025-03-11 23:31:55,218 - INFO - Connected to MQTT Broker!
2025-03-11 23:33:59,282 - INFO - Connected to MQTT Broker!
2025-03-11 23:36:03,282 - INFO - Connected to MQTT Broker!
2025-03-11 23:38:07,529 - INFO - Connected to MQTT Broker!
2025-03-11 23:40:11,801 - INFO - Connected to MQTT Broker!
2025-03-11 23:42:15,585 - INFO - Connected to MQTT Broker!
2025-03-11 23:44:19,742 - INFO - Connected to MQTT Broker!
2025-03-11 23:46:23,574 - INFO - Connected to MQTT Broker!
2025-03-11 23:48:27,423 - INFO - Connected to MQTT Broker!
2025-03-11 23:50:31,625 - INFO - Connected to MQTT Broker!
2025-03-11 23:52:35,747 - INFO - Connected to MQTT Broker!
2025-03-11 23:54:39,798 - INFO - Connected to MQTT Broker!
2025-03-11 23:56:43,956 - INFO - Connected to MQTT Broker!
2025-03-11 23:58:47,911 - INFO - Connected to MQTT Broker!
2025-03-12 00:00:51,881 - INFO - Connected to MQTT Broker!
2025-03-12 00:02:56,058 - INFO - Connected to MQTT Broker!
2025-03-12 00:04:59,959 - INFO - Connected to MQTT Broker!
2025-03-12 00:07:04,131 - INFO - Connected to MQTT Broker!
2025-03-12 00:09:08,207 - INFO - Connected to MQTT Broker!
2025-03-12 00:11:12,071 - INFO - Connected to MQTT Broker!
2025-03-12 00:13:15,956 - INFO - Connected to MQTT Broker!
2025-03-12 00:15:20,053 - INFO - Connected to MQTT Broker!
2025-03-12 00:17:24,197 - INFO - Connected to MQTT Broker!
2025-03-12 00:19:28,218 - INFO - Connected to MQTT Broker!
2025-03-12 00:21:32,119 - INFO - Connected to MQTT Broker!
2025-03-12 00:23:35,965 - INFO - Connected to MQTT Broker!
2025-03-12 08:30:04,278 - ERROR - 2055: Lost connection to MySQL server at 'localhost:3306', system error: Errno 10053: An established connection was aborted by the software in your host machine
2025-03-12 08:30:14,851 - INFO - Connected to MQTT Broker!
2025-03-12 08:32:18,171 - INFO - Connected to MQTT Broker!
2025-03-12 08:34:22,346 - INFO - Connected to MQTT Broker!
2025-03-12 08:36:29,344 - INFO - Connected to MQTT Broker!
2025-03-12 08:38:29,746 - INFO - Connected to MQTT Broker!
2025-03-12 08:40:33,941 - INFO - Connected to MQTT Broker!
2025-03-12 08:42:38,209 - INFO - Connected to MQTT Broker!
2025-03-12 08:44:42,315 - INFO - Connected to MQTT Broker!
2025-03-12 08:46:44,525 - INFO - Connected to MQTT Broker!
2025-03-12 08:48:48,800 - INFO - Connected to MQTT Broker!
2025-03-12 08:50:52,862 - INFO - Connected to MQTT Broker!
2025-03-12 08:52:56,744 - INFO - Connected to MQTT Broker!
2025-03-12 08:55:00,780 - INFO - Connected to MQTT Broker!
2025-03-12 08:57:05,703 - INFO - Connected to MQTT Broker!
2025-03-12 08:59:07,839 - INFO - Connected to MQTT Broker!
2025-03-12 09:01:12,178 - INFO - Connected to MQTT Broker!
2025-03-12 09:03:16,269 - INFO - Connected to MQTT Broker!
2025-03-12 09:05:20,301 - INFO - Connected to MQTT Broker!
2025-03-12 09:07:24,492 - INFO - Connected to MQTT Broker!
2025-03-12 09:09:28,433 - INFO - Connected to MQTT Broker!
2025-03-12 09:11:32,560 - INFO - Connected to MQTT Broker!
2025-03-12 09:13:36,517 - INFO - Connected to MQTT Broker!
2025-03-12 09:15:40,657 - INFO - Connected to MQTT Broker!
2025-03-12 09:17:44,668 - INFO - Connected to MQTT Broker!
2025-03-12 09:19:48,909 - INFO - Connected to MQTT Broker!
2025-03-12 09:21:52,863 - INFO - Connected to MQTT Broker!
2025-03-12 09:23:57,028 - INFO - Connected to MQTT Broker!
2025-03-12 09:26:01,253 - INFO - Connected to MQTT Broker!
2025-03-12 09:28:05,240 - INFO - Connected to MQTT Broker!
2025-03-12 09:30:09,180 - INFO - Connected to MQTT Broker!
2025-03-12 09:32:13,356 - INFO - Connected to MQTT Broker!
2025-03-12 09:34:17,514 - INFO - Connected to MQTT Broker!
2025-03-12 09:36:21,528 - INFO - Connected to MQTT Broker!
2025-03-12 09:38:25,548 - INFO - Connected to MQTT Broker!
2025-03-12 09:40:29,846 - INFO - Connected to MQTT Broker!
2025-03-12 09:42:34,000 - INFO - Connected to MQTT Broker!
2025-03-12 09:44:37,947 - INFO - Connected to MQTT Broker!
2025-03-12 09:46:42,054 - INFO - Connected to MQTT Broker!
2025-03-12 09:48:46,271 - INFO - Connected to MQTT Broker!
2025-03-12 09:50:50,223 - INFO - Connected to MQTT Broker!
2025-03-12 09:52:54,292 - INFO - Connected to MQTT Broker!
2025-03-12 09:54:58,313 - INFO - Connected to MQTT Broker!
2025-03-12 09:57:02,329 - INFO - Connected to MQTT Broker!
2025-03-12 09:59:06,118 - INFO - Connected to MQTT Broker!
2025-03-12 10:01:10,027 - INFO - Connected to MQTT Broker!
2025-03-12 10:03:14,058 - INFO - Connected to MQTT Broker!
2025-03-12 10:05:18,213 - INFO - Connected to MQTT Broker!
2025-03-12 10:07:22,421 - INFO - Connected to MQTT Broker!
2025-03-12 10:09:26,431 - INFO - Connected to MQTT Broker!
2025-03-12 10:11:30,456 - INFO - Connected to MQTT Broker!
2025-03-12 10:13:34,724 - INFO - Connected to MQTT Broker!
2025-03-12 10:15:36,814 - INFO - Connected to MQTT Broker!
2025-03-12 10:17:40,861 - INFO - Connected to MQTT Broker!
2025-03-12 10:19:45,058 - INFO - Connected to MQTT Broker!
2025-03-12 10:21:49,165 - INFO - Connected to MQTT Broker!
2025-03-12 10:23:53,336 - INFO - Connected to MQTT Broker!
2025-03-12 10:25:57,861 - INFO - Connected to MQTT Broker!
2025-03-12 10:27:59,821 - INFO - Connected to MQTT Broker!
2025-03-12 10:30:03,974 - INFO - Connected to MQTT Broker!
2025-03-12 10:32:08,190 - INFO - Connected to MQTT Broker!
2025-03-12 10:34:12,311 - INFO - Connected to MQTT Broker!
2025-03-12 10:36:16,452 - INFO - Connected to MQTT Broker!
2025-03-12 10:38:20,777 - INFO - Connected to MQTT Broker!
2025-03-12 10:40:24,875 - INFO - Connected to MQTT Broker!
2025-03-12 10:42:28,897 - INFO - Connected to MQTT Broker!
2025-03-12 10:44:32,717 - INFO - Connected to MQTT Broker!
2025-03-12 10:46:16,519 - ERROR - 2003: Can't connect to MySQL server on 'localhost:3306' (Errno 10048: Only one usage of each socket address (protocol/network address/port) is normally permitted)
2025-03-12 10:46:27,042 - INFO - Connected to MQTT Broker!
2025-03-12 10:46:27,301 - ERROR - 2003: Can't connect to MySQL server on 'localhost:3306' (Errno 10048: Only one usage of each socket address (protocol/network address/port) is normally permitted)
2025-03-12 10:46:37,832 - INFO - Connected to MQTT Broker!
2025-03-12 10:46:38,105 - ERROR - 2003: Can't connect to MySQL server on 'localhost:3306' (Errno 10048: Only one usage of each socket address (protocol/network address/port) is normally permitted)
2025-03-12 10:46:48,638 - INFO - Connected to MQTT Broker!
2025-03-12 10:46:48,907 - ERROR - 2003: Can't connect to MySQL server on 'localhost:3306' (Errno 10048: Only one usage of each socket address (protocol/network address/port) is normally permitted)
2025-03-12 10:46:59,424 - INFO - Connected to MQTT Broker!
2025-03-12 10:48:08,474 - ERROR - 1040: Too many connections
2025-03-12 10:48:18,993 - INFO - Connected to MQTT Broker!
2025-03-12 10:49:06,759 - ERROR - 2003: Can't connect to MySQL server on 'localhost:3306' (Errno 10048: Only one usage of each socket address (protocol/network address/port) is normally permitted)
2025-03-12 10:49:17,250 - INFO - Connected to MQTT Broker!
2025-03-12 10:49:17,512 - ERROR - 2003: Can't connect to MySQL server on 'localhost:3306' (Errno 10048: Only one usage of each socket address (protocol/network address/port) is normally permitted)
2025-03-12 10:49:28,044 - INFO - Connected to MQTT Broker!
2025-03-12 10:49:28,308 - ERROR - 2003: Can't connect to MySQL server on 'localhost:3306' (Errno 10048: Only one usage of each socket address (protocol/network address/port) is normally permitted)
2025-03-12 10:49:38,821 - INFO - Connected to MQTT Broker!
2025-03-12 10:49:41,096 - ERROR - 2003: Can't connect to MySQL server on 'localhost:3306' (Errno 10048: Only one usage of each socket address (protocol/network address/port) is normally permitted)
2025-03-12 10:49:51,625 - INFO - Connected to MQTT Broker!
2025-03-12 10:51:55,506 - INFO - Connected to MQTT Broker!
2025-03-12 10:53:59,767 - INFO - Connected to MQTT Broker!
2025-03-12 10:56:03,814 - INFO - Connected to MQTT Broker!
2025-03-12 10:58:07,655 - INFO - Connected to MQTT Broker!
2025-03-12 11:00:11,311 - INFO - Connected to MQTT Broker!
2025-03-12 11:02:15,352 - INFO - Connected to MQTT Broker!
2025-03-12 11:04:19,409 - INFO - Connected to MQTT Broker!
2025-03-12 11:06:23,389 - INFO - Connected to MQTT Broker!
2025-03-12 11:08:27,301 - INFO - Connected to MQTT Broker!
2025-03-12 11:10:32,131 - INFO - Connected to MQTT Broker!
2025-03-12 11:11:24,505 - ERROR - Database Connection Faild
2025-03-12 11:21:10,893 - INFO - package: mysql.connector.plugins
2025-03-12 11:21:10,893 - INFO - plugin_name: mysql_native_password
2025-03-12 11:21:10,894 - INFO - AUTHENTICATION_PLUGIN_CLASS: MySQLNativePasswordAuthPlugin
2025-03-12 11:21:35,890 - INFO - package: mysql.connector.plugins
2025-03-12 11:21:35,890 - INFO - plugin_name: mysql_native_password
2025-03-12 11:21:35,890 - INFO - AUTHENTICATION_PLUGIN_CLASS: MySQLNativePasswordAuthPlugin
2025-03-12 11:21:35,891 - INFO - Database is connected
2025-03-12 11:21:46,434 - INFO - Connected to MQTT Broker!
2025-03-12 11:23:52,309 - INFO - Connected to MQTT Broker!
2025-03-12 11:25:56,195 - INFO - Connected to MQTT Broker!
2025-03-12 11:28:00,067 - INFO - Connected to MQTT Broker!
2025-03-12 11:30:04,144 - INFO - Connected to MQTT Broker!
2025-03-12 11:32:08,005 - INFO - Connected to MQTT Broker!
2025-03-12 11:34:12,542 - INFO - Connected to MQTT Broker!
2025-03-12 11:36:16,490 - INFO - Connected to MQTT Broker!
2025-03-12 11:38:20,333 - INFO - Connected to MQTT Broker!
2025-03-12 11:40:24,309 - INFO - Connected to MQTT Broker!
2025-03-12 11:42:28,055 - INFO - Connected to MQTT Broker!
2025-03-12 11:44:32,376 - INFO - Connected to MQTT Broker!
2025-03-12 11:46:34,512 - INFO - Connected to MQTT Broker!
2025-03-12 11:48:38,174 - INFO - Connected to MQTT Broker!
2025-03-12 11:50:41,944 - INFO - Connected to MQTT Broker!
2025-03-12 11:52:45,340 - INFO - Connected to MQTT Broker!
2025-03-12 11:54:48,867 - INFO - Connected to MQTT Broker!
2025-03-14 11:45:04,510 - INFO - package: mysql.connector.plugins
2025-03-14 11:45:04,510 - INFO - plugin_name: mysql_native_password
2025-03-14 11:45:04,525 - INFO - AUTHENTICATION_PLUGIN_CLASS: MySQLNativePasswordAuthPlugin
2025-03-14 11:45:04,525 - INFO - Database is connected
2025-03-14 11:45:14,906 - INFO - Connected to MQTT Broker!
2025-03-14 11:47:19,109 - INFO - Connected to MQTT Broker!
2025-03-14 11:49:24,015 - INFO - Connected to MQTT Broker!
2025-03-14 11:51:29,424 - INFO - Connected to MQTT Broker!
2025-03-14 11:53:33,236 - INFO - Connected to MQTT Broker!
2025-03-14 11:55:36,834 - INFO - Connected to MQTT Broker!
2025-03-14 11:57:45,037 - INFO - Connected to MQTT Broker!
2025-03-14 11:59:51,006 - INFO - Connected to MQTT Broker!
2025-03-14 12:01:59,259 - INFO - Connected to MQTT Broker!
2025-03-14 12:04:05,625 - INFO - Connected to MQTT Broker!
2025-03-14 12:06:11,555 - INFO - Connected to MQTT Broker!
2025-03-14 12:08:17,929 - INFO - Connected to MQTT Broker!
2025-03-14 12:10:25,891 - INFO - Connected to MQTT Broker!
2025-03-14 12:12:29,812 - INFO - Connected to MQTT Broker!
2025-03-14 12:14:38,210 - INFO - Connected to MQTT Broker!
2025-03-14 12:16:46,378 - INFO - Connected to MQTT Broker!
2025-03-14 12:18:50,253 - INFO - Connected to MQTT Broker!
2025-03-14 12:20:57,970 - INFO - Connected to MQTT Broker!
2025-03-14 12:23:05,501 - INFO - Connected to MQTT Broker!
2025-03-14 12:25:09,167 - INFO - Connected to MQTT Broker!
2025-03-14 12:27:17,066 - INFO - Connected to MQTT Broker!
2025-03-14 12:29:25,317 - INFO - Connected to MQTT Broker!
2025-03-14 12:31:28,819 - INFO - Connected to MQTT Broker!
2025-03-14 12:33:37,630 - INFO - Connected to MQTT Broker!
2025-03-14 12:35:39,057 - INFO - Connected to MQTT Broker!
2025-03-14 12:37:42,834 - INFO - Connected to MQTT Broker!
2025-03-14 12:39:49,034 - INFO - Connected to MQTT Broker!
2025-03-14 12:41:56,425 - INFO - Connected to MQTT Broker!
2025-03-14 12:43:59,913 - INFO - Connected to MQTT Broker!
2025-03-14 12:46:07,603 - INFO - Connected to MQTT Broker!
2025-03-14 12:48:14,961 - INFO - Connected to MQTT Broker!
2025-03-14 12:50:18,764 - INFO - Connected to MQTT Broker!
2025-03-14 12:52:26,599 - INFO - Connected to MQTT Broker!
2025-03-14 12:54:34,081 - INFO - Connected to MQTT Broker!
2025-03-14 12:56:37,632 - INFO - Connected to MQTT Broker!
2025-03-14 12:58:45,515 - INFO - Connected to MQTT Broker!
2025-03-14 13:00:51,378 - INFO - Connected to MQTT Broker!
2025-03-14 13:02:55,351 - INFO - Connected to MQTT Broker!
2025-03-14 13:05:05,120 - INFO - Connected to MQTT Broker!
2025-03-14 13:07:10,790 - INFO - Connected to MQTT Broker!
2025-03-14 13:09:14,022 - INFO - Connected to MQTT Broker!
2025-03-14 13:11:21,749 - INFO - Connected to MQTT Broker!
2025-03-14 13:13:27,375 - INFO - Connected to MQTT Broker!
2025-03-14 13:15:31,050 - INFO - Connected to MQTT Broker!
2025-03-14 13:17:40,942 - INFO - Connected to MQTT Broker!
2025-03-14 13:19:46,630 - INFO - Connected to MQTT Broker!
2025-03-14 13:21:50,266 - INFO - Connected to MQTT Broker!
2025-03-14 13:23:57,990 - INFO - Connected to MQTT Broker!
2025-03-14 13:26:03,797 - INFO - Connected to MQTT Broker!
2025-03-14 13:28:07,446 - INFO - Connected to MQTT Broker!
2025-03-14 13:30:15,053 - INFO - Connected to MQTT Broker!
2025-03-14 13:32:18,904 - INFO - Connected to MQTT Broker!
2025-03-14 13:34:22,857 - INFO - Connected to MQTT Broker!
2025-03-14 13:36:30,899 - INFO - Connected to MQTT Broker!
2025-03-14 13:38:37,033 - INFO - Connected to MQTT Broker!
2025-03-14 13:40:40,933 - INFO - Connected to MQTT Broker!
2025-03-14 13:42:51,428 - INFO - Connected to MQTT Broker!
2025-03-14 13:44:55,288 - INFO - Connected to MQTT Broker!
2025-03-14 13:46:59,260 - INFO - Connected to MQTT Broker!
2025-03-14 13:49:09,257 - INFO - Connected to MQTT Broker!
2025-03-14 13:51:13,460 - INFO - Connected to MQTT Broker!
2025-03-14 13:53:17,807 - INFO - Connected to MQTT Broker!
2025-03-14 13:55:19,776 - INFO - Connected to MQTT Broker!
2025-03-14 13:57:23,848 - INFO - Connected to MQTT Broker!
2025-03-14 13:59:27,284 - INFO - Connected to MQTT Broker!
2025-03-14 14:00:44,254 - INFO - Connected to MQTT Broker!
2025-03-14 14:02:50,579 - INFO - Connected to MQTT Broker!
2025-03-14 14:04:55,543 - INFO - Connected to MQTT Broker!
2025-03-14 14:06:57,977 - INFO - Connected to MQTT Broker!
2025-03-14 14:09:02,281 - INFO - Connected to MQTT Broker!
2025-03-14 14:11:06,245 - INFO - Connected to MQTT Broker!
2025-03-14 14:13:14,010 - INFO - Connected to MQTT Broker!
2025-03-14 14:15:17,974 - ERROR - Database Connection Faild
2025-03-15 20:01:36,693 - INFO - package: mysql.connector.plugins
2025-03-15 20:01:36,694 - INFO - plugin_name: mysql_native_password
2025-03-15 20:01:36,700 - INFO - AUTHENTICATION_PLUGIN_CLASS: MySQLNativePasswordAuthPlugin
2025-03-15 20:01:36,700 - INFO - Database is connected
2025-03-15 20:01:47,159 - INFO - Connected to MQTT Broker!
2025-03-15 20:03:53,101 - INFO - Connected to MQTT Broker!
2025-03-15 20:05:57,805 - INFO - Connected to MQTT Broker!
2025-03-15 20:08:04,282 - INFO - Connected to MQTT Broker!
2025-03-15 20:10:08,076 - INFO - Connected to MQTT Broker!
2025-03-15 20:12:15,737 - INFO - Connected to MQTT Broker!
2025-03-15 20:14:17,874 - INFO - Connected to MQTT Broker!
2025-03-15 20:16:24,566 - INFO - Connected to MQTT Broker!
2025-03-15 20:18:28,771 - INFO - Connected to MQTT Broker!
2025-03-15 20:20:34,673 - INFO - Connected to MQTT Broker!
2025-03-15 20:22:45,164 - INFO - Connected to MQTT Broker!
2025-03-15 20:24:49,645 - INFO - Connected to MQTT Broker!
2025-03-15 20:26:52,054 - INFO - Connected to MQTT Broker!
2025-03-15 20:28:54,668 - INFO - Connected to MQTT Broker!
2025-03-15 20:30:56,994 - INFO - Connected to MQTT Broker!
2025-03-15 20:33:02,378 - INFO - Connected to MQTT Broker!
2025-03-15 20:35:05,772 - INFO - Connected to MQTT Broker!
2025-03-15 20:37:09,934 - INFO - Connected to MQTT Broker!
2025-03-15 20:39:13,965 - INFO - Connected to MQTT Broker!
2025-03-15 20:41:15,905 - INFO - Connected to MQTT Broker!
2025-03-15 20:43:23,437 - INFO - Connected to MQTT Broker!
2025-03-15 20:45:25,253 - INFO - Connected to MQTT Broker!
2025-03-15 20:47:29,892 - INFO - Connected to MQTT Broker!
2025-03-15 20:49:33,700 - INFO - Connected to MQTT Broker!
2025-03-15 20:51:37,928 - INFO - Connected to MQTT Broker!
2025-03-15 20:53:40,966 - INFO - Connected to MQTT Broker!
2025-03-15 20:55:46,007 - INFO - Connected to MQTT Broker!
2025-03-15 20:56:40,576 - ERROR - Database Connection Faild
2025-03-15 20:57:20,967 - INFO - package: mysql.connector.plugins
2025-03-15 20:57:20,967 - INFO - plugin_name: mysql_native_password
2025-03-15 20:57:20,968 - INFO - AUTHENTICATION_PLUGIN_CLASS: MySQLNativePasswordAuthPlugin
2025-03-15 20:57:20,968 - INFO - Database is connected
2025-03-15 20:57:31,622 - INFO - Connected to MQTT Broker!
2025-03-15 20:59:34,264 - INFO - Connected to MQTT Broker!
2025-03-15 21:01:40,718 - INFO - Connected to MQTT Broker!
2025-03-15 21:01:44,096 - ERROR - bytearray index out of range
2025-03-15 21:01:44,310 - ERROR - Database Connection Faild
2025-03-15 21:04:51,737 - INFO - package: mysql.connector.plugins
2025-03-15 21:04:51,737 - INFO - plugin_name: mysql_native_password
2025-03-15 21:04:51,738 - INFO - AUTHENTICATION_PLUGIN_CLASS: MySQLNativePasswordAuthPlugin
2025-03-15 21:04:51,739 - INFO - Database is connected
2025-03-15 21:05:03,569 - INFO - Connected to MQTT Broker!
2025-03-15 21:05:10,316 - ERROR - insertRecord() missing 1 required positional argument: 'second_sensor_value'
2025-03-15 21:05:20,939 - INFO - Connected to MQTT Broker!
2025-03-15 21:06:54,982 - INFO - package: mysql.connector.plugins
2025-03-15 21:06:54,983 - INFO - plugin_name: mysql_native_password
2025-03-15 21:06:54,983 - INFO - AUTHENTICATION_PLUGIN_CLASS: MySQLNativePasswordAuthPlugin
2025-03-15 21:06:54,984 - INFO - Database is connected
2025-03-15 21:07:05,611 - INFO - Connected to MQTT Broker!
2025-03-15 21:07:12,245 - ERROR - insertRecord() missing 1 required positional argument: 'second_sensor_value'
2025-03-15 21:07:22,906 - INFO - Connected to MQTT Broker!
2025-03-15 21:07:29,569 - ERROR - insertRecord() missing 1 required positional argument: 'second_sensor_value'
2025-03-15 21:07:41,227 - INFO - Connected to MQTT Broker!
2025-03-15 21:07:47,969 - ERROR - insertRecord() missing 1 required positional argument: 'second_sensor_value'
2025-03-15 21:07:58,627 - INFO - Connected to MQTT Broker!
2025-03-15 21:08:05,221 - ERROR - insertRecord() missing 1 required positional argument: 'second_sensor_value'
2025-03-15 21:08:15,862 - INFO - Connected to MQTT Broker!
2025-03-15 21:08:22,606 - ERROR - insertRecord() missing 1 required positional argument: 'second_sensor_value'
2025-03-15 21:08:33,207 - INFO - Connected to MQTT Broker!
2025-03-15 21:08:39,891 - ERROR - insertRecord() missing 1 required positional argument: 'second_sensor_value'
2025-03-15 21:08:50,513 - INFO - Connected to MQTT Broker!
2025-03-15 21:08:57,262 - ERROR - insertRecord() missing 1 required positional argument: 'second_sensor_value'
2025-03-15 21:09:07,899 - INFO - Connected to MQTT Broker!
2025-03-15 21:09:14,681 - ERROR - insertRecord() missing 1 required positional argument: 'second_sensor_value'
2025-03-15 21:09:25,333 - INFO - Connected to MQTT Broker!
2025-03-15 21:09:34,185 - INFO - package: mysql.connector.plugins
2025-03-15 21:09:34,185 - INFO - plugin_name: mysql_native_password
2025-03-15 21:09:34,186 - INFO - AUTHENTICATION_PLUGIN_CLASS: MySQLNativePasswordAuthPlugin
2025-03-15 21:09:34,187 - INFO - Database is connected
2025-03-15 21:09:45,486 - INFO - Connected to MQTT Broker!
2025-03-15 21:09:52,306 - ERROR - insertRecord() missing 1 required positional argument: 'second_sensor_value'
2025-03-15 21:10:02,889 - INFO - Connected to MQTT Broker!
2025-03-15 21:10:08,119 - ERROR - Database Connection Faild
2025-03-15 21:11:18,314 - INFO - package: mysql.connector.plugins
2025-03-15 21:11:18,315 - INFO - plugin_name: mysql_native_password
2025-03-15 21:11:18,315 - INFO - AUTHENTICATION_PLUGIN_CLASS: MySQLNativePasswordAuthPlugin
2025-03-15 21:11:18,316 - INFO - Database is connected
2025-03-15 21:11:28,933 - INFO - Connected to MQTT Broker!
2025-03-15 21:12:05,800 - ERROR - Database Connection Faild
2025-03-15 21:12:10,953 - INFO - package: mysql.connector.plugins
2025-03-15 21:12:10,953 - INFO - plugin_name: mysql_native_password
2025-03-15 21:12:10,953 - INFO - AUTHENTICATION_PLUGIN_CLASS: MySQLNativePasswordAuthPlugin
2025-03-15 21:12:10,954 - INFO - Database is connected
2025-03-15 21:12:21,575 - INFO - Connected to MQTT Broker!
2025-03-15 21:12:51,535 - ERROR - Database Connection Faild
2025-03-15 21:12:54,631 - INFO - package: mysql.connector.plugins
2025-03-15 21:12:54,631 - INFO - plugin_name: mysql_native_password
2025-03-15 21:12:54,632 - INFO - AUTHENTICATION_PLUGIN_CLASS: MySQLNativePasswordAuthPlugin
2025-03-15 21:12:54,632 - INFO - Database is connected
2025-03-15 21:13:05,255 - INFO - Connected to MQTT Broker!
2025-03-15 21:13:46,479 - ERROR - insertRecord() missing 1 required positional argument: 'second_sensor_value'
2025-03-15 21:13:57,100 - INFO - Connected to MQTT Broker!
2025-03-15 21:14:38,231 - ERROR - insertRecord() missing 1 required positional argument: 'second_sensor_value'
2025-03-15 21:14:46,934 - ERROR - Database Connection Faild
2025-03-15 21:14:52,401 - INFO - package: mysql.connector.plugins
2025-03-15 21:14:52,402 - INFO - plugin_name: mysql_native_password
2025-03-15 21:14:52,402 - INFO - AUTHENTICATION_PLUGIN_CLASS: MySQLNativePasswordAuthPlugin
2025-03-15 21:14:52,403 - INFO - Database is connected
2025-03-15 21:15:03,990 - INFO - Connected to MQTT Broker!
2025-03-15 21:15:20,661 - ERROR - Database Connection Faild
2025-03-15 21:16:07,733 - INFO - package: mysql.connector.plugins
2025-03-15 21:16:07,734 - INFO - plugin_name: mysql_native_password
2025-03-15 21:16:07,734 - INFO - AUTHENTICATION_PLUGIN_CLASS: MySQLNativePasswordAuthPlugin
2025-03-15 21:16:07,735 - INFO - Database is connected
2025-03-15 21:16:18,386 - INFO - Connected to MQTT Broker!
2025-03-15 21:18:23,761 - INFO - Connected to MQTT Broker!
2025-03-15 21:20:27,881 - INFO - Connected to MQTT Broker!
2025-03-15 21:22:34,129 - INFO - Connected to MQTT Broker!
2025-03-15 21:24:40,310 - INFO - Connected to MQTT Broker!
2025-03-15 21:26:42,035 - INFO - Connected to MQTT Broker!
2025-03-15 21:28:46,011 - INFO - Connected to MQTT Broker!
2025-03-15 21:30:51,020 - INFO - Connected to MQTT Broker!
2025-03-15 21:32:53,153 - INFO - Connected to MQTT Broker!
2025-03-15 21:35:00,535 - INFO - Connected to MQTT Broker!
2025-03-15 21:37:11,770 - INFO - Connected to MQTT Broker!
2025-03-15 21:39:12,601 - INFO - Connected to MQTT Broker!
2025-03-15 21:41:17,881 - INFO - Connected to MQTT Broker!
2025-03-15 21:43:24,168 - INFO - Connected to MQTT Broker!
2025-03-15 21:45:31,464 - INFO - Connected to MQTT Broker!
2025-03-15 21:47:35,993 - INFO - Connected to MQTT Broker!
2025-03-15 21:49:45,526 - INFO - Connected to MQTT Broker!
2025-03-15 21:51:48,230 - INFO - Connected to MQTT Broker!
2025-03-15 21:53:55,443 - INFO - Connected to MQTT Broker!
2025-03-15 21:56:01,103 - INFO - Connected to MQTT Broker!
2025-03-15 21:58:05,352 - INFO - Connected to MQTT Broker!
2025-03-15 22:00:07,674 - INFO - Connected to MQTT Broker!
2025-03-15 22:02:11,809 - INFO - Connected to MQTT Broker!
2025-03-15 22:04:16,721 - INFO - Connected to MQTT Broker!
2025-03-15 22:06:26,076 - INFO - Connected to MQTT Broker!
2025-03-15 22:08:31,593 - INFO - Connected to MQTT Broker!
2025-03-15 22:10:32,923 - INFO - Connected to MQTT Broker!
2025-03-15 22:12:41,180 - INFO - Connected to MQTT Broker!
2025-03-15 22:14:43,695 - INFO - Connected to MQTT Broker!
2025-03-15 22:16:47,677 - INFO - Connected to MQTT Broker!
2025-03-15 22:18:54,491 - INFO - Connected to MQTT Broker!
2025-03-15 22:20:56,247 - INFO - Connected to MQTT Broker!
2025-03-15 22:22:59,463 - INFO - Connected to MQTT Broker!
2025-03-15 22:25:03,514 - INFO - Connected to MQTT Broker!
2025-03-15 22:27:07,057 - INFO - Connected to MQTT Broker!
2025-03-15 22:29:15,684 - INFO - Connected to MQTT Broker!
2025-03-15 22:31:17,431 - INFO - Connected to MQTT Broker!
2025-03-15 22:33:22,644 - INFO - Connected to MQTT Broker!
2025-03-15 22:35:27,795 - INFO - Connected to MQTT Broker!
2025-03-15 22:37:34,062 - INFO - Connected to MQTT Broker!
2025-03-15 22:39:38,792 - INFO - Connected to MQTT Broker!
2025-03-15 22:41:49,028 - INFO - Connected to MQTT Broker!
2025-03-15 22:43:52,189 - INFO - Connected to MQTT Broker!
2025-03-15 22:45:56,505 - INFO - Connected to MQTT Broker!
2025-03-15 22:48:00,416 - INFO - Connected to MQTT Broker!
2025-03-15 22:50:04,762 - INFO - Connected to MQTT Broker!
2025-03-15 22:52:09,257 - INFO - Connected to MQTT Broker!
2025-03-15 22:54:12,227 - INFO - Connected to MQTT Broker!
2025-03-15 22:56:15,238 - INFO - Connected to MQTT Broker!
2025-03-15 22:58:18,873 - INFO - Connected to MQTT Broker!
2025-03-15 23:00:25,575 - INFO - Connected to MQTT Broker!
2025-03-15 23:02:31,237 - INFO - Connected to MQTT Broker!
2025-03-15 23:04:33,595 - INFO - Connected to MQTT Broker!
2025-03-15 23:06:40,203 - INFO - Connected to MQTT Broker!
2025-03-15 23:08:42,338 - INFO - Connected to MQTT Broker!
2025-03-15 23:10:47,620 - INFO - Connected to MQTT Broker!
2025-03-15 23:12:50,837 - INFO - Connected to MQTT Broker!
2025-03-15 23:14:54,660 - INFO - Connected to MQTT Broker!
2025-03-15 23:16:58,353 - INFO - Connected to MQTT Broker!
2025-03-15 23:19:01,517 - INFO - Connected to MQTT Broker!
2025-03-15 23:21:05,888 - INFO - Connected to MQTT Broker!
2025-03-15 23:23:10,420 - INFO - Connected to MQTT Broker!
2025-03-15 23:25:18,065 - INFO - Connected to MQTT Broker!
2025-03-15 23:27:25,309 - INFO - Connected to MQTT Broker!
2025-03-15 23:29:30,559 - INFO - Connected to MQTT Broker!
2025-03-15 23:31:34,476 - INFO - Connected to MQTT Broker!
2025-03-15 23:33:38,950 - INFO - Connected to MQTT Broker!
2025-03-15 23:35:45,357 - INFO - Connected to MQTT Broker!
2025-03-15 23:37:49,707 - INFO - Connected to MQTT Broker!
2025-03-15 23:39:54,108 - INFO - Connected to MQTT Broker!
2025-03-15 23:41:57,858 - INFO - Connected to MQTT Broker!
2025-03-15 23:43:59,593 - INFO - Connected to MQTT Broker!
2025-03-15 23:46:03,146 - INFO - Connected to MQTT Broker!
2025-03-15 23:48:05,676 - INFO - Connected to MQTT Broker!
2025-03-15 23:50:14,346 - INFO - Connected to MQTT Broker!
2025-03-15 23:52:18,962 - INFO - Connected to MQTT Broker!
2025-03-15 23:54:23,373 - INFO - Connected to MQTT Broker!
2025-03-15 23:56:29,309 - INFO - Connected to MQTT Broker!
2025-03-15 23:58:31,405 - INFO - Connected to MQTT Broker!
2025-03-16 00:00:36,110 - INFO - Connected to MQTT Broker!
2025-03-16 00:02:38,957 - INFO - Connected to MQTT Broker!
2025-03-16 00:04:43,435 - INFO - Connected to MQTT Broker!
2025-03-16 00:06:51,174 - INFO - Connected to MQTT Broker!
2025-03-16 00:08:54,543 - INFO - Connected to MQTT Broker!
2025-03-16 00:10:59,874 - INFO - Connected to MQTT Broker!
2025-03-16 00:13:05,406 - INFO - Connected to MQTT Broker!
2025-03-16 00:15:11,648 - INFO - Connected to MQTT Broker!
2025-03-16 00:17:21,010 - INFO - Connected to MQTT Broker!
2025-03-16 00:19:29,271 - INFO - Connected to MQTT Broker!
2025-03-16 00:21:34,310 - INFO - Connected to MQTT Broker!
2025-03-16 00:23:40,548 - INFO - Connected to MQTT Broker!
2025-03-16 00:25:47,135 - INFO - Connected to MQTT Broker!
2025-03-16 00:27:49,708 - INFO - Connected to MQTT Broker!
2025-03-16 00:29:53,663 - INFO - Connected to MQTT Broker!
2025-03-16 00:32:00,126 - INFO - Connected to MQTT Broker!
2025-03-16 00:34:02,673 - INFO - Connected to MQTT Broker!
2025-03-16 00:36:09,166 - INFO - Connected to MQTT Broker!
2025-03-16 00:38:11,672 - INFO - Connected to MQTT Broker!
2025-03-16 00:40:15,469 - INFO - Connected to MQTT Broker!
2025-03-16 00:42:22,501 - INFO - Connected to MQTT Broker!
2025-03-16 00:44:26,856 - INFO - Connected to MQTT Broker!
2025-03-16 00:46:33,391 - INFO - Connected to MQTT Broker!
2025-03-16 00:48:37,706 - INFO - Connected to MQTT Broker!
2025-03-16 00:50:44,147 - INFO - Connected to MQTT Broker!
2025-03-16 00:52:48,678 - INFO - Connected to MQTT Broker!
2025-03-16 00:54:58,598 - INFO - Connected to MQTT Broker!
2025-03-16 00:57:02,401 - INFO - Connected to MQTT Broker!
2025-03-16 00:59:04,215 - INFO - Connected to MQTT Broker!
2025-03-16 01:01:11,696 - INFO - Connected to MQTT Broker!
2025-03-16 01:03:17,463 - INFO - Connected to MQTT Broker!
2025-03-16 01:05:21,593 - INFO - Connected to MQTT Broker!
2025-03-16 01:07:25,796 - INFO - Connected to MQTT Broker!
2025-03-16 01:09:31,320 - INFO - Connected to MQTT Broker!
2025-03-16 01:11:38,676 - INFO - Connected to MQTT Broker!
2025-03-16 01:13:40,302 - INFO - Connected to MQTT Broker!
2025-03-16 01:15:44,617 - INFO - Connected to MQTT Broker!
2025-03-16 01:17:49,249 - INFO - Connected to MQTT Broker!
2025-03-16 01:19:58,150 - INFO - Connected to MQTT Broker!
2025-03-16 01:22:04,735 - INFO - Connected to MQTT Broker!
2025-03-16 01:24:05,916 - INFO - Connected to MQTT Broker!
2025-03-16 01:26:18,649 - INFO - Connected to MQTT Broker!
2025-03-16 01:28:24,488 - INFO - Connected to MQTT Broker!
2025-03-16 01:30:28,376 - INFO - Connected to MQTT Broker!
2025-03-16 01:32:31,119 - INFO - Connected to MQTT Broker!
2025-03-16 01:34:35,101 - INFO - Connected to MQTT Broker!
2025-03-16 01:36:36,311 - INFO - Connected to MQTT Broker!
2025-03-16 01:38:44,032 - INFO - Connected to MQTT Broker!
2025-03-16 01:40:46,055 - INFO - Connected to MQTT Broker!
2025-03-16 01:42:52,674 - INFO - Connected to MQTT Broker!
2025-03-16 01:44:57,655 - INFO - Connected to MQTT Broker!
2025-03-16 01:47:01,856 - INFO - Connected to MQTT Broker!
2025-03-16 01:49:04,341 - INFO - Connected to MQTT Broker!
2025-03-16 01:51:10,183 - INFO - Connected to MQTT Broker!
2025-03-16 01:53:16,499 - INFO - Connected to MQTT Broker!
2025-03-16 01:55:22,755 - INFO - Connected to MQTT Broker!
2025-03-16 01:57:29,291 - INFO - Connected to MQTT Broker!
2025-03-16 01:59:35,810 - INFO - Connected to MQTT Broker!
2025-03-16 09:13:47,675 - INFO - Connected to MQTT Broker!
2025-03-16 09:15:53,504 - INFO - Connected to MQTT Broker!
2025-03-16 09:17:56,596 - INFO - Connected to MQTT Broker!
2025-03-16 09:20:01,131 - INFO - Connected to MQTT Broker!
2025-03-16 09:22:07,453 - INFO - Connected to MQTT Broker!
2025-03-16 09:24:10,603 - INFO - Connected to MQTT Broker!
2025-03-16 09:26:16,618 - INFO - Connected to MQTT Broker!
2025-03-16 09:28:20,700 - INFO - Connected to MQTT Broker!
2025-03-16 09:30:28,006 - INFO - Connected to MQTT Broker!
2025-03-16 09:32:33,123 - INFO - Connected to MQTT Broker!
2025-03-16 09:33:32,679 - ERROR - Database Connection Faild
2025-03-17 09:25:37,239 - INFO - package: mysql.connector.plugins
2025-03-17 09:25:37,241 - INFO - plugin_name: mysql_native_password
2025-03-17 09:25:37,248 - INFO - AUTHENTICATION_PLUGIN_CLASS: MySQLNativePasswordAuthPlugin
2025-03-17 09:25:37,256 - INFO - Database is connected
2025-03-17 09:25:47,860 - INFO - Connected to MQTT Broker!
2025-03-17 09:27:54,332 - INFO - Connected to MQTT Broker!
2025-03-17 09:30:01,131 - INFO - Connected to MQTT Broker!
2025-03-17 09:32:03,658 - INFO - Connected to MQTT Broker!
2025-03-17 09:34:09,889 - INFO - Connected to MQTT Broker!
2025-03-17 09:36:13,210 - INFO - Connected to MQTT Broker!
2025-03-17 09:38:21,884 - INFO - Connected to MQTT Broker!
2025-03-17 09:40:25,531 - INFO - Connected to MQTT Broker!
2025-03-17 09:42:32,572 - INFO - Connected to MQTT Broker!
2025-03-17 09:44:40,090 - INFO - Connected to MQTT Broker!
2025-03-17 09:46:46,061 - INFO - Connected to MQTT Broker!
2025-03-17 09:48:49,095 - INFO - Connected to MQTT Broker!
2025-03-17 09:50:53,589 - INFO - Connected to MQTT Broker!
2025-03-17 09:52:57,498 - INFO - Connected to MQTT Broker!
2025-03-17 09:55:02,392 - INFO - Connected to MQTT Broker!
2025-03-17 09:57:09,585 - INFO - Connected to MQTT Broker!
2025-03-17 09:59:13,445 - INFO - Connected to MQTT Broker!
2025-03-17 10:01:16,263 - INFO - Connected to MQTT Broker!
2025-03-17 10:03:22,331 - INFO - Connected to MQTT Broker!
2025-03-17 10:05:27,378 - INFO - Connected to MQTT Broker!
2025-03-17 10:07:29,413 - INFO - Connected to MQTT Broker!
2025-03-17 10:09:36,318 - INFO - Connected to MQTT Broker!
2025-03-17 10:11:40,384 - INFO - Connected to MQTT Broker!
2025-03-17 10:13:46,318 - INFO - Connected to MQTT Broker!
2025-03-17 10:15:51,179 - INFO - Connected to MQTT Broker!
2025-03-17 10:17:54,002 - INFO - Connected to MQTT Broker!
2025-03-17 10:19:58,918 - INFO - Connected to MQTT Broker!
2025-03-17 10:22:04,968 - INFO - Connected to MQTT Broker!
2025-03-17 10:24:11,708 - INFO - Connected to MQTT Broker!
2025-03-17 10:26:13,621 - INFO - Connected to MQTT Broker!
2025-03-17 10:28:19,522 - INFO - Connected to MQTT Broker!
2025-03-17 10:30:22,296 - INFO - Connected to MQTT Broker!
2025-03-17 10:32:24,095 - INFO - Connected to MQTT Broker!
2025-03-17 10:34:27,128 - INFO - Connected to MQTT Broker!
2025-03-17 10:36:29,038 - INFO - Connected to MQTT Broker!
2025-03-17 10:38:34,985 - INFO - Connected to MQTT Broker!
2025-03-17 10:40:38,811 - INFO - Connected to MQTT Broker!
2025-03-17 10:42:47,750 - INFO - Connected to MQTT Broker!
2025-03-17 10:44:50,577 - INFO - Connected to MQTT Broker!
2025-03-17 10:46:54,282 - INFO - Connected to MQTT Broker!
2025-03-17 10:48:58,516 - INFO - Connected to MQTT Broker!
2025-03-17 10:51:00,316 - INFO - Connected to MQTT Broker!
2025-03-17 10:53:10,285 - INFO - Connected to MQTT Broker!
2025-03-17 10:55:19,076 - INFO - Connected to MQTT Broker!
2025-03-17 10:57:25,161 - INFO - Connected to MQTT Broker!
2025-03-17 10:59:28,292 - INFO - Connected to MQTT Broker!
2025-03-17 11:01:33,819 - INFO - Connected to MQTT Broker!
2025-03-17 11:03:39,789 - INFO - Connected to MQTT Broker!
2025-03-17 11:05:45,499 - INFO - Connected to MQTT Broker!
2025-03-17 11:07:53,170 - INFO - Connected to MQTT Broker!
2025-03-17 11:09:57,241 - INFO - Connected to MQTT Broker!
2025-03-17 11:12:02,573 - INFO - Connected to MQTT Broker!
2025-03-17 11:14:05,983 - INFO - Connected to MQTT Broker!
2025-03-17 11:16:10,574 - INFO - Connected to MQTT Broker!
2025-03-17 11:18:15,324 - INFO - Connected to MQTT Broker!
2025-03-17 11:20:20,370 - INFO - Connected to MQTT Broker!
2025-03-17 11:22:23,822 - INFO - Connected to MQTT Broker!
2025-03-17 11:24:29,715 - INFO - Connected to MQTT Broker!
2025-03-17 11:26:32,193 - INFO - Connected to MQTT Broker!
2025-03-17 11:28:36,960 - INFO - Connected to MQTT Broker!
2025-03-17 11:30:42,607 - INFO - Connected to MQTT Broker!
2025-03-17 11:32:45,649 - INFO - Connected to MQTT Broker!
2025-03-17 11:34:52,148 - INFO - Connected to MQTT Broker!
2025-03-17 11:36:57,810 - INFO - Connected to MQTT Broker!
2025-03-17 11:39:02,104 - INFO - Connected to MQTT Broker!
2025-03-17 11:41:05,704 - INFO - Connected to MQTT Broker!
2025-03-17 11:43:11,805 - INFO - Connected to MQTT Broker!
2025-03-17 11:45:16,196 - INFO - Connected to MQTT Broker!
2025-03-17 11:47:20,431 - INFO - Connected to MQTT Broker!
2025-03-17 11:49:25,634 - INFO - Connected to MQTT Broker!
2025-03-17 11:51:32,113 - INFO - Connected to MQTT Broker!
2025-03-17 11:53:37,442 - INFO - Connected to MQTT Broker!
2025-03-17 11:55:43,113 - INFO - Connected to MQTT Broker!
2025-03-17 11:57:50,295 - INFO - Connected to MQTT Broker!
2025-03-17 11:59:53,876 - INFO - Connected to MQTT Broker!
2025-03-17 12:01:56,806 - INFO - Connected to MQTT Broker!
2025-03-17 12:04:01,632 - INFO - Connected to MQTT Broker!
2025-03-17 12:06:04,882 - INFO - Connected to MQTT Broker!
2025-03-17 12:08:09,231 - INFO - Connected to MQTT Broker!
2025-03-17 12:10:15,595 - INFO - Connected to MQTT Broker!
2025-03-17 12:12:20,425 - INFO - Connected to MQTT Broker!
2025-03-17 12:14:21,486 - INFO - Connected to MQTT Broker!
2025-03-17 12:16:25,048 - INFO - Connected to MQTT Broker!
2025-03-17 12:18:33,603 - INFO - Connected to MQTT Broker!
2025-03-17 12:20:39,030 - INFO - Connected to MQTT Broker!
2025-03-17 12:22:48,084 - INFO - Connected to MQTT Broker!
2025-03-17 12:24:47,760 - INFO - Connected to MQTT Broker!
2025-03-17 12:26:56,491 - INFO - Connected to MQTT Broker!
2025-03-17 12:29:03,189 - INFO - Connected to MQTT Broker!
2025-03-17 12:31:08,829 - INFO - Connected to MQTT Broker!
2025-03-17 12:33:17,963 - INFO - Connected to MQTT Broker!
2025-03-17 12:35:24,373 - INFO - Connected to MQTT Broker!
2025-03-17 12:37:31,685 - INFO - Connected to MQTT Broker!
2025-03-17 12:39:38,001 - INFO - Connected to MQTT Broker!
2025-03-17 12:41:44,462 - INFO - Connected to MQTT Broker!
2025-03-17 12:43:52,211 - INFO - Connected to MQTT Broker!
2025-03-17 12:45:55,589 - INFO - Connected to MQTT Broker!
2025-03-17 12:47:56,858 - INFO - Connected to MQTT Broker!
2025-03-17 12:50:00,278 - INFO - Connected to MQTT Broker!
2025-03-17 12:52:04,311 - INFO - Connected to MQTT Broker!
2025-03-17 12:54:10,902 - INFO - Connected to MQTT Broker!
2025-03-17 12:56:16,516 - INFO - Connected to MQTT Broker!
2025-03-17 12:58:23,940 - INFO - Connected to MQTT Broker!
2025-03-17 13:00:28,263 - INFO - Connected to MQTT Broker!
2025-03-17 13:02:31,871 - INFO - Connected to MQTT Broker!
2025-03-17 13:04:37,496 - INFO - Connected to MQTT Broker!
2025-03-17 13:06:41,855 - INFO - Connected to MQTT Broker!
2025-03-17 13:08:44,070 - INFO - Connected to MQTT Broker!
2025-03-17 13:10:46,327 - INFO - Connected to MQTT Broker!
2025-03-17 13:12:48,595 - INFO - Connected to MQTT Broker!
2025-03-17 13:14:54,749 - INFO - Connected to MQTT Broker!
2025-03-17 13:16:57,168 - INFO - Connected to MQTT Broker!
2025-03-17 13:18:59,906 - INFO - Connected to MQTT Broker!
2025-03-17 13:21:01,630 - INFO - Connected to MQTT Broker!
2025-03-17 13:23:05,084 - INFO - Connected to MQTT Broker!
2025-03-17 13:25:07,368 - INFO - Connected to MQTT Broker!
2025-03-17 13:27:13,225 - INFO - Connected to MQTT Broker!
2025-03-17 13:29:16,472 - INFO - Connected to MQTT Broker!
2025-03-17 13:31:20,025 - INFO - Connected to MQTT Broker!
2025-03-17 13:33:22,528 - INFO - Connected to MQTT Broker!
2025-03-17 13:35:25,316 - INFO - Connected to MQTT Broker!
2025-03-17 13:37:27,777 - INFO - Connected to MQTT Broker!
2025-03-17 13:39:34,523 - INFO - Connected to MQTT Broker!
2025-03-17 13:41:40,978 - INFO - Connected to MQTT Broker!
2025-03-17 13:43:46,479 - INFO - Connected to MQTT Broker!
2025-03-17 13:45:50,947 - INFO - Connected to MQTT Broker!
2025-03-17 13:47:56,615 - INFO - Connected to MQTT Broker!
2025-03-17 13:50:01,006 - INFO - Connected to MQTT Broker!
2025-03-17 13:52:05,359 - INFO - Connected to MQTT Broker!
2025-03-17 13:54:10,882 - INFO - Connected to MQTT Broker!
2025-03-17 13:56:14,631 - INFO - Connected to MQTT Broker!
2025-03-17 13:58:17,036 - INFO - Connected to MQTT Broker!
2025-03-17 14:00:23,542 - INFO - Connected to MQTT Broker!
2025-03-17 14:02:26,906 - INFO - Connected to MQTT Broker!
2025-03-17 14:04:34,087 - INFO - Connected to MQTT Broker!
2025-03-17 14:06:39,644 - INFO - Connected to MQTT Broker!
2025-03-17 14:08:44,102 - INFO - Connected to MQTT Broker!
2025-03-17 14:10:48,741 - INFO - Connected to MQTT Broker!
2025-03-17 14:12:53,380 - INFO - Connected to MQTT Broker!
2025-03-17 14:15:03,135 - INFO - Connected to MQTT Broker!
2025-03-17 14:17:05,330 - INFO - Connected to MQTT Broker!
2025-03-17 14:19:09,171 - INFO - Connected to MQTT Broker!
2025-03-17 14:21:14,942 - INFO - Connected to MQTT Broker!
2025-03-17 14:23:23,730 - INFO - Connected to MQTT Broker!
2025-03-17 14:25:27,294 - INFO - Connected to MQTT Broker!
2025-03-17 14:27:35,146 - INFO - Connected to MQTT Broker!
2025-03-17 14:29:38,678 - INFO - Connected to MQTT Broker!
2025-03-17 14:31:45,013 - INFO - Connected to MQTT Broker!
2025-03-17 14:33:47,581 - INFO - Connected to MQTT Broker!
2025-03-17 14:35:53,300 - INFO - Connected to MQTT Broker!
2025-03-17 14:37:59,886 - INFO - Connected to MQTT Broker!
2025-03-17 14:40:02,337 - INFO - Connected to MQTT Broker!
2025-03-17 14:42:09,997 - INFO - Connected to MQTT Broker!
2025-03-17 14:44:17,490 - INFO - Connected to MQTT Broker!
2025-03-17 14:46:21,819 - INFO - Connected to MQTT Broker!
2025-03-17 14:48:13,063 - INFO - Connected to MQTT Broker!
2025-03-17 14:50:16,947 - INFO - Connected to MQTT Broker!
2025-03-17 14:52:09,837 - ERROR - Database Connection Faild
2025-03-17 16:56:29,113 - INFO - package: mysql.connector.plugins
2025-03-17 16:56:29,113 - INFO - plugin_name: mysql_native_password
2025-03-17 16:56:29,114 - INFO - AUTHENTICATION_PLUGIN_CLASS: MySQLNativePasswordAuthPlugin
2025-03-17 16:56:29,115 - INFO - Database is connected
2025-03-17 16:56:41,757 - INFO - Connected to MQTT Broker!
2025-03-17 16:58:44,109 - INFO - Connected to MQTT Broker!
2025-03-17 17:45:06,536 - INFO - Connected to MQTT Broker!
2025-03-17 18:52:42,739 - INFO - Connected to MQTT Broker!
2025-03-17 18:53:54,724 - INFO - Connected to MQTT Broker!
2025-03-17 18:55:55,568 - INFO - Connected to MQTT Broker!
2025-03-17 18:58:00,195 - INFO - Connected to MQTT Broker!
2025-03-17 19:00:03,811 - INFO - Connected to MQTT Broker!
2025-03-17 19:02:06,778 - INFO - Connected to MQTT Broker!
2025-03-17 19:03:45,807 - INFO - Connected to MQTT Broker!
2025-03-17 19:05:47,099 - INFO - Connected to MQTT Broker!
2025-03-17 19:07:54,079 - INFO - Connected to MQTT Broker!
2025-03-17 19:09:34,194 - INFO - Connected to MQTT Broker!
2025-03-17 19:11:46,706 - INFO - Connected to MQTT Broker!
2025-03-17 19:13:53,605 - INFO - Connected to MQTT Broker!
2025-03-17 19:15:59,005 - INFO - Connected to MQTT Broker!
2025-03-17 19:18:02,044 - INFO - Connected to MQTT Broker!
2025-03-17 19:20:16,288 - INFO - Connected to MQTT Broker!
2025-03-17 19:23:15,515 - INFO - Connected to MQTT Broker!
2025-03-17 19:25:17,304 - INFO - Connected to MQTT Broker!
2025-03-17 19:27:28,238 - INFO - Connected to MQTT Broker!
2025-03-17 19:31:00,113 - INFO - Connected to MQTT Broker!
2025-03-17 19:32:54,832 - INFO - Connected to MQTT Broker!
2025-03-17 19:34:54,578 - INFO - Connected to MQTT Broker!
2025-03-17 19:36:55,244 - INFO - Connected to MQTT Broker!
2025-03-17 19:38:02,786 - INFO - Connected to MQTT Broker!
2025-03-17 19:40:08,726 - INFO - Connected to MQTT Broker!
2025-03-17 19:42:04,028 - INFO - Connected to MQTT Broker!
2025-03-17 19:43:54,511 - INFO - Connected to MQTT Broker!
2025-03-17 19:46:21,042 - INFO - Connected to MQTT Broker!
2025-03-17 19:48:07,316 - INFO - Connected to MQTT Broker!
2025-03-17 19:50:11,705 - INFO - Connected to MQTT Broker!
2025-03-17 19:52:35,572 - INFO - Connected to MQTT Broker!
2025-03-17 19:57:45,428 - INFO - Connected to MQTT Broker!
2025-03-17 19:58:47,859 - INFO - Connected to MQTT Broker!
2025-03-17 20:00:49,904 - INFO - Connected to MQTT Broker!
2025-03-17 20:03:00,372 - INFO - Connected to MQTT Broker!
2025-03-17 20:05:05,719 - INFO - Connected to MQTT Broker!
2025-03-17 20:07:24,060 - INFO - Connected to MQTT Broker!
2025-03-17 20:09:52,049 - INFO - Connected to MQTT Broker!
2025-03-17 20:11:27,278 - INFO - Connected to MQTT Broker!
2025-03-17 20:13:35,779 - INFO - Connected to MQTT Broker!
2025-03-17 20:15:46,411 - INFO - Connected to MQTT Broker!
2025-03-17 20:17:50,451 - INFO - Connected to MQTT Broker!
2025-03-17 20:19:55,211 - INFO - Connected to MQTT Broker!
2025-03-17 20:22:00,838 - INFO - Connected to MQTT Broker!
2025-03-17 20:24:08,257 - INFO - Connected to MQTT Broker!
2025-03-17 20:26:12,653 - INFO - Connected to MQTT Broker!
2025-03-17 20:28:13,989 - INFO - Connected to MQTT Broker!
2025-03-17 20:30:21,085 - INFO - Connected to MQTT Broker!
2025-03-17 20:32:24,135 - INFO - Connected to MQTT Broker!
2025-03-17 20:34:29,513 - INFO - Connected to MQTT Broker!
2025-03-17 20:36:39,842 - INFO - Connected to MQTT Broker!
2025-03-17 20:38:35,624 - INFO - Connected to MQTT Broker!
2025-03-17 20:40:46,360 - INFO - Connected to MQTT Broker!
2025-03-17 20:42:47,116 - INFO - Connected to MQTT Broker!
2025-03-17 20:45:01,531 - INFO - Connected to MQTT Broker!
2025-03-17 20:47:12,345 - INFO - Connected to MQTT Broker!
2025-03-17 20:49:15,241 - INFO - Connected to MQTT Broker!
2025-03-17 20:51:21,934 - INFO - Connected to MQTT Broker!
2025-03-17 20:53:07,321 - INFO - Connected to MQTT Broker!
2025-03-17 21:01:51,815 - INFO - Connected to MQTT Broker!
2025-03-17 21:03:54,719 - INFO - Connected to MQTT Broker!
2025-03-17 21:05:58,230 - INFO - Connected to MQTT Broker!
2025-03-17 21:08:04,731 - INFO - Connected to MQTT Broker!
2025-03-17 21:11:00,402 - INFO - Connected to MQTT Broker!
2025-03-17 21:13:03,322 - INFO - Connected to MQTT Broker!
2025-03-17 21:15:10,688 - INFO - Connected to MQTT Broker!
2025-03-17 21:17:14,445 - INFO - Connected to MQTT Broker!
2025-03-17 21:19:18,120 - INFO - Connected to MQTT Broker!
2025-03-17 21:21:21,702 - INFO - Connected to MQTT Broker!
2025-03-17 21:23:25,711 - INFO - Connected to MQTT Broker!
2025-03-17 21:25:30,509 - INFO - Connected to MQTT Broker!
2025-03-17 21:27:35,209 - INFO - Connected to MQTT Broker!
2025-03-17 21:29:42,248 - INFO - Connected to MQTT Broker!
2025-03-17 21:31:45,464 - INFO - Connected to MQTT Broker!
2025-03-17 21:49:24,208 - INFO - Connected to MQTT Broker!
2025-03-17 21:51:29,264 - INFO - Connected to MQTT Broker!
2025-03-17 21:53:36,714 - INFO - Connected to MQTT Broker!
2025-03-17 21:55:45,000 - INFO - Connected to MQTT Broker!
2025-03-17 21:57:48,450 - INFO - Connected to MQTT Broker!
2025-03-17 21:59:53,663 - INFO - Connected to MQTT Broker!
2025-03-17 22:01:57,240 - INFO - Connected to MQTT Broker!
2025-03-17 22:04:00,990 - INFO - Connected to MQTT Broker!
2025-03-17 22:06:06,793 - INFO - Connected to MQTT Broker!
2025-03-17 22:08:13,867 - INFO - Connected to MQTT Broker!
2025-03-17 22:10:20,003 - INFO - Connected to MQTT Broker!
2025-03-17 22:12:26,279 - INFO - Connected to MQTT Broker!
2025-03-17 22:14:31,345 - INFO - Connected to MQTT Broker!
2025-03-17 22:16:33,087 - INFO - Connected to MQTT Broker!
2025-03-17 22:18:38,940 - INFO - Connected to MQTT Broker!
2025-03-17 22:20:42,960 - INFO - Connected to MQTT Broker!
2025-03-17 22:22:46,796 - INFO - Connected to MQTT Broker!
2025-03-17 22:24:53,718 - INFO - Connected to MQTT Broker!
2025-03-17 22:26:56,760 - INFO - Connected to MQTT Broker!
2025-03-17 22:29:04,824 - INFO - Connected to MQTT Broker!
2025-03-17 22:31:12,134 - INFO - Connected to MQTT Broker!
2025-03-17 22:33:19,091 - INFO - Connected to MQTT Broker!
2025-03-17 22:35:23,842 - INFO - Connected to MQTT Broker!
2025-03-17 22:37:28,634 - INFO - Connected to MQTT Broker!
2025-03-17 22:39:39,603 - INFO - Connected to MQTT Broker!
2025-03-17 22:41:42,559 - INFO - Connected to MQTT Broker!
2025-03-17 22:43:49,499 - INFO - Connected to MQTT Broker!
2025-03-17 22:45:52,217 - INFO - Connected to MQTT Broker!
2025-03-17 22:47:54,118 - INFO - Connected to MQTT Broker!
2025-03-17 22:49:57,662 - INFO - Connected to MQTT Broker!
2025-03-17 22:52:04,595 - INFO - Connected to MQTT Broker!
2025-03-17 22:54:10,601 - INFO - Connected to MQTT Broker!
2025-03-17 22:56:12,462 - INFO - Connected to MQTT Broker!
2025-03-17 22:58:17,524 - INFO - Connected to MQTT Broker!
2025-03-17 23:00:23,504 - INFO - Connected to MQTT Broker!
2025-03-17 23:02:31,729 - INFO - Connected to MQTT Broker!
2025-03-17 23:04:38,829 - INFO - Connected to MQTT Broker!
2025-03-17 23:06:49,926 - INFO - Connected to MQTT Broker!
2025-03-17 23:08:53,849 - INFO - Connected to MQTT Broker!
2025-03-17 23:10:55,617 - INFO - Connected to MQTT Broker!
2025-03-17 23:13:04,020 - INFO - Connected to MQTT Broker!
2025-03-17 23:15:09,813 - INFO - Connected to MQTT Broker!
2025-03-17 23:17:14,722 - INFO - Connected to MQTT Broker!
2025-03-17 23:19:19,655 - INFO - Connected to MQTT Broker!
2025-03-17 23:21:23,664 - INFO - Connected to MQTT Broker!
2025-03-17 23:23:32,938 - INFO - Connected to MQTT Broker!
2025-03-17 23:25:35,763 - INFO - Connected to MQTT Broker!
2025-03-17 23:27:42,931 - INFO - Connected to MQTT Broker!
2025-03-17 23:29:49,698 - INFO - Connected to MQTT Broker!
2025-03-17 23:31:51,418 - INFO - Connected to MQTT Broker!
2025-03-17 23:33:56,673 - INFO - Connected to MQTT Broker!
2025-03-17 23:36:02,719 - INFO - Connected to MQTT Broker!
2025-03-17 23:38:04,579 - INFO - Connected to MQTT Broker!
2025-03-17 23:40:07,803 - INFO - Connected to MQTT Broker!
2025-03-17 23:42:14,803 - INFO - Connected to MQTT Broker!
2025-03-17 23:44:18,941 - INFO - Connected to MQTT Broker!
2025-03-17 23:46:22,970 - INFO - Connected to MQTT Broker!
2025-03-17 23:48:27,193 - INFO - Connected to MQTT Broker!
2025-03-17 23:50:31,536 - INFO - Connected to MQTT Broker!
2025-03-17 23:52:35,052 - INFO - Connected to MQTT Broker!
2025-03-17 23:54:39,712 - INFO - Connected to MQTT Broker!
2025-03-17 23:56:43,913 - INFO - Connected to MQTT Broker!
2025-03-17 23:58:48,058 - INFO - Connected to MQTT Broker!
2025-03-18 00:00:54,731 - INFO - Connected to MQTT Broker!
2025-03-18 00:03:01,847 - INFO - Connected to MQTT Broker!
2025-03-18 00:05:08,786 - INFO - Connected to MQTT Broker!
2025-03-18 00:07:17,732 - INFO - Connected to MQTT Broker!
2025-03-18 00:09:26,575 - INFO - Connected to MQTT Broker!
2025-03-18 00:11:29,540 - INFO - Connected to MQTT Broker!
2025-03-18 00:13:31,531 - INFO - Connected to MQTT Broker!
2025-03-18 00:15:37,771 - INFO - Connected to MQTT Broker!
2025-03-18 00:17:43,059 - INFO - Connected to MQTT Broker!
2025-03-18 00:19:46,495 - INFO - Connected to MQTT Broker!
2025-03-18 00:21:51,719 - INFO - Connected to MQTT Broker!
2025-03-18 00:23:56,655 - INFO - Connected to MQTT Broker!
2025-03-18 00:26:03,236 - INFO - Connected to MQTT Broker!
2025-03-18 00:28:10,066 - INFO - Connected to MQTT Broker!
2025-03-18 00:30:13,622 - INFO - Connected to MQTT Broker!
2025-03-18 00:32:16,732 - INFO - Connected to MQTT Broker!
2025-03-18 00:34:23,944 - INFO - Connected to MQTT Broker!
2025-03-18 00:36:27,249 - INFO - Connected to MQTT Broker!
2025-03-18 00:38:31,657 - INFO - Connected to MQTT Broker!
2025-03-18 00:40:33,907 - INFO - Connected to MQTT Broker!
2025-03-18 00:42:39,218 - INFO - Connected to MQTT Broker!
2025-03-18 00:44:46,644 - INFO - Connected to MQTT Broker!
2025-03-18 00:46:56,344 - INFO - Connected to MQTT Broker!
2025-03-18 08:33:25,619 - INFO - Connected to MQTT Broker!
2025-03-18 08:35:31,901 - INFO - Connected to MQTT Broker!
2025-03-18 08:37:36,010 - INFO - Connected to MQTT Broker!
2025-03-18 08:39:44,377 - INFO - Connected to MQTT Broker!
2025-03-18 08:41:50,087 - INFO - Connected to MQTT Broker!
2025-03-18 08:43:55,139 - INFO - Connected to MQTT Broker!
2025-03-18 08:46:01,210 - INFO - Connected to MQTT Broker!
2025-03-18 08:48:04,710 - INFO - Connected to MQTT Broker!
2025-03-18 08:50:13,586 - INFO - Connected to MQTT Broker!
2025-03-18 08:52:18,357 - INFO - Connected to MQTT Broker!
2025-03-18 08:54:24,003 - INFO - Connected to MQTT Broker!
2025-03-18 08:56:28,510 - INFO - Connected to MQTT Broker!
2025-03-18 08:58:34,140 - INFO - Connected to MQTT Broker!
2025-03-18 09:00:39,900 - INFO - Connected to MQTT Broker!
2025-03-18 09:02:43,614 - INFO - Connected to MQTT Broker!
2025-03-18 09:04:50,868 - INFO - Connected to MQTT Broker!
2025-03-18 09:06:56,668 - INFO - Connected to MQTT Broker!
2025-03-18 09:09:00,146 - INFO - Connected to MQTT Broker!
2025-03-18 09:11:07,725 - INFO - Connected to MQTT Broker!
2025-03-18 09:13:10,976 - INFO - Connected to MQTT Broker!
2025-03-18 09:15:17,873 - INFO - Connected to MQTT Broker!
2025-03-18 09:17:22,398 - INFO - Connected to MQTT Broker!
2025-03-18 09:19:28,905 - INFO - Connected to MQTT Broker!
2025-03-18 09:21:34,470 - INFO - Connected to MQTT Broker!
2025-03-18 09:23:39,816 - INFO - Connected to MQTT Broker!
2025-03-18 09:25:47,298 - INFO - Connected to MQTT Broker!
2025-03-18 09:27:54,442 - INFO - Connected to MQTT Broker!
2025-03-18 09:29:59,784 - INFO - Connected to MQTT Broker!
2025-03-18 09:32:05,625 - INFO - Connected to MQTT Broker!
2025-03-18 09:34:09,253 - INFO - Connected to MQTT Broker!
2025-03-18 09:36:14,681 - INFO - Connected to MQTT Broker!
2025-03-18 09:38:22,321 - INFO - Connected to MQTT Broker!
2025-03-18 09:40:29,079 - INFO - Connected to MQTT Broker!
2025-03-18 09:42:32,723 - INFO - Connected to MQTT Broker!
2025-03-18 09:44:40,315 - INFO - Connected to MQTT Broker!
2025-03-18 09:46:47,931 - INFO - Connected to MQTT Broker!
2025-03-18 09:48:51,116 - INFO - Connected to MQTT Broker!
2025-03-18 09:51:00,582 - INFO - Connected to MQTT Broker!
2025-03-18 09:53:03,123 - INFO - Connected to MQTT Broker!
2025-03-18 09:55:10,541 - INFO - Connected to MQTT Broker!
2025-03-18 09:57:14,184 - INFO - Connected to MQTT Broker!
2025-03-18 09:59:21,586 - INFO - Connected to MQTT Broker!
2025-03-18 10:01:29,456 - INFO - Connected to MQTT Broker!
2025-03-18 10:03:36,543 - INFO - Connected to MQTT Broker!
2025-03-18 10:05:40,423 - INFO - Connected to MQTT Broker!
2025-03-18 10:07:44,297 - INFO - Connected to MQTT Broker!
2025-03-18 10:09:49,044 - INFO - Connected to MQTT Broker!
2025-03-18 10:11:57,175 - INFO - Connected to MQTT Broker!
2025-03-18 10:14:00,960 - INFO - Connected to MQTT Broker!
2025-03-18 10:16:08,054 - INFO - Connected to MQTT Broker!
2025-03-18 16:56:54,729 - INFO - Connected to MQTT Broker!
2025-03-18 16:59:00,405 - INFO - Connected to MQTT Broker!
2025-03-18 17:01:01,980 - INFO - Connected to MQTT Broker!
2025-03-18 17:03:11,373 - INFO - Connected to MQTT Broker!
2025-03-18 17:05:16,043 - INFO - Connected to MQTT Broker!
2025-03-18 17:07:17,730 - INFO - Connected to MQTT Broker!
2025-03-18 17:09:26,141 - INFO - Connected to MQTT Broker!
2025-03-18 17:11:29,511 - INFO - Connected to MQTT Broker!
2025-03-18 17:13:33,477 - INFO - Connected to MQTT Broker!
2025-03-18 17:15:42,003 - INFO - Connected to MQTT Broker!
2025-03-18 17:17:50,291 - INFO - Connected to MQTT Broker!
2025-03-18 17:19:53,449 - INFO - Connected to MQTT Broker!
2025-03-18 17:21:57,427 - INFO - Connected to MQTT Broker!
2025-03-18 17:24:03,287 - INFO - Connected to MQTT Broker!
2025-03-18 17:26:11,210 - INFO - Connected to MQTT Broker!
2025-03-18 17:28:19,054 - INFO - Connected to MQTT Broker!
2025-03-18 17:30:23,536 - INFO - Connected to MQTT Broker!
2025-03-18 17:32:28,156 - INFO - Connected to MQTT Broker!
2025-03-18 17:34:30,067 - INFO - Connected to MQTT Broker!
2025-03-18 17:36:35,791 - INFO - Connected to MQTT Broker!
2025-03-18 17:38:41,663 - INFO - Connected to MQTT Broker!
2025-03-18 17:40:45,094 - INFO - Connected to MQTT Broker!
2025-03-18 17:42:50,430 - INFO - Connected to MQTT Broker!
2025-03-18 17:44:52,625 - INFO - Connected to MQTT Broker!
2025-03-18 17:46:58,634 - INFO - Connected to MQTT Broker!
2025-03-18 17:49:02,142 - INFO - Connected to MQTT Broker!
2025-03-18 17:51:10,278 - INFO - Connected to MQTT Broker!
2025-03-18 17:53:16,394 - INFO - Connected to MQTT Broker!
2025-03-18 17:55:24,019 - INFO - Connected to MQTT Broker!
2025-03-18 17:57:32,376 - INFO - Connected to MQTT Broker!
2025-03-18 17:59:38,331 - INFO - Connected to MQTT Broker!
2025-03-18 18:01:46,622 - INFO - Connected to MQTT Broker!
2025-03-18 18:03:48,455 - INFO - Connected to MQTT Broker!
2025-03-18 18:05:51,294 - INFO - Connected to MQTT Broker!
2025-03-18 18:07:56,951 - INFO - Connected to MQTT Broker!
2025-03-18 18:10:01,651 - INFO - Connected to MQTT Broker!
2025-03-18 18:12:07,637 - INFO - Connected to MQTT Broker!
2025-03-18 18:14:13,523 - INFO - Connected to MQTT Broker!
2025-03-18 18:16:19,334 - INFO - Connected to MQTT Broker!
2025-03-18 18:18:26,111 - INFO - Connected to MQTT Broker!
2025-03-18 18:20:30,826 - INFO - Connected to MQTT Broker!
2025-03-18 18:22:33,133 - INFO - Connected to MQTT Broker!
2025-03-18 18:24:35,144 - INFO - Connected to MQTT Broker!
2025-03-18 18:26:39,155 - INFO - Connected to MQTT Broker!
2025-03-18 18:28:43,203 - INFO - Connected to MQTT Broker!
2025-03-18 18:30:48,620 - INFO - Connected to MQTT Broker!
2025-03-18 18:32:51,995 - INFO - Connected to MQTT Broker!
2025-03-18 18:34:54,288 - INFO - Connected to MQTT Broker!
2025-03-18 18:36:56,578 - INFO - Connected to MQTT Broker!
2025-03-18 18:39:05,223 - INFO - Connected to MQTT Broker!
2025-03-18 18:41:07,004 - INFO - Connected to MQTT Broker!
2025-03-18 18:43:09,181 - INFO - Connected to MQTT Broker!
2025-03-18 18:45:15,167 - INFO - Connected to MQTT Broker!
2025-03-18 18:47:18,162 - INFO - Connected to MQTT Broker!
2025-03-18 18:49:23,463 - INFO - Connected to MQTT Broker!
2025-03-18 18:51:29,663 - INFO - Connected to MQTT Broker!
2025-03-18 18:53:37,886 - INFO - Connected to MQTT Broker!
2025-03-18 18:55:44,016 - INFO - Connected to MQTT Broker!
2025-03-18 18:57:50,892 - INFO - Connected to MQTT Broker!
2025-03-18 18:59:55,168 - INFO - Connected to MQTT Broker!
2025-03-18 19:02:03,304 - INFO - Connected to MQTT Broker!
2025-03-18 19:04:07,611 - INFO - Connected to MQTT Broker!
2025-03-18 19:06:12,592 - INFO - Connected to MQTT Broker!
2025-03-18 19:08:15,346 - INFO - Connected to MQTT Broker!
2025-03-18 19:10:17,689 - INFO - Connected to MQTT Broker!
2025-03-18 19:12:22,122 - INFO - Connected to MQTT Broker!
2025-03-18 19:14:30,139 - INFO - Connected to MQTT Broker!
2025-03-18 19:16:36,362 - INFO - Connected to MQTT Broker!
2025-03-18 19:18:41,246 - INFO - Connected to MQTT Broker!
2025-03-18 19:20:43,449 - INFO - Connected to MQTT Broker!
2025-03-18 19:22:51,232 - INFO - Connected to MQTT Broker!
2025-03-18 19:24:56,034 - INFO - Connected to MQTT Broker!
2025-03-18 19:26:59,972 - INFO - Connected to MQTT Broker!
2025-03-18 19:29:04,724 - INFO - Connected to MQTT Broker!
2025-03-18 19:31:12,665 - INFO - Connected to MQTT Broker!
2025-03-18 19:33:22,681 - INFO - Connected to MQTT Broker!
2025-03-18 19:35:26,956 - INFO - Connected to MQTT Broker!
2025-03-18 19:37:33,128 - INFO - Connected to MQTT Broker!
2025-03-18 19:39:38,805 - INFO - Connected to MQTT Broker!
2025-03-18 19:41:44,101 - INFO - Connected to MQTT Broker!
2025-03-18 19:43:51,358 - INFO - Connected to MQTT Broker!
2025-03-18 19:45:58,568 - INFO - Connected to MQTT Broker!
2025-03-18 19:48:05,462 - INFO - Connected to MQTT Broker!
2025-03-18 23:46:02,929 - INFO - package: mysql.connector.plugins
2025-03-18 23:46:02,929 - INFO - plugin_name: mysql_native_password
2025-03-18 23:46:02,929 - INFO - AUTHENTICATION_PLUGIN_CLASS: MySQLNativePasswordAuthPlugin
2025-03-18 23:46:02,929 - INFO - Database is connected
2025-03-18 23:46:13,386 - INFO - Connected to MQTT Broker!
2025-03-18 23:48:18,346 - INFO - Connected to MQTT Broker!
2025-03-18 23:50:22,471 - INFO - Connected to MQTT Broker!
2025-03-18 23:52:25,251 - INFO - Connected to MQTT Broker!
2025-03-18 23:54:30,032 - INFO - Connected to MQTT Broker!
2025-03-18 23:56:34,484 - INFO - Connected to MQTT Broker!
2025-03-18 23:58:38,394 - INFO - Connected to MQTT Broker!
2025-03-19 00:00:41,389 - INFO - Connected to MQTT Broker!
2025-03-19 00:02:47,357 - INFO - Connected to MQTT Broker!
2025-03-19 00:04:49,897 - INFO - Connected to MQTT Broker!
2025-03-19 00:06:55,852 - INFO - Connected to MQTT Broker!
2025-03-19 00:08:58,590 - INFO - Connected to MQTT Broker!
2025-03-19 00:11:01,329 - INFO - Connected to MQTT Broker!
2025-03-19 00:13:09,327 - INFO - Connected to MQTT Broker!
2025-03-19 00:14:08,178 - ERROR - Database Connection Faild
2025-03-19 00:51:30,490 - INFO - package: mysql.connector.plugins
2025-03-19 00:51:30,491 - INFO - plugin_name: mysql_native_password
2025-03-19 00:51:30,491 - INFO - AUTHENTICATION_PLUGIN_CLASS: MySQLNativePasswordAuthPlugin
2025-03-19 00:51:30,492 - INFO - Database is connected
2025-03-19 00:51:32,555 - ERROR - Database Connection Faild
2025-03-19 00:53:28,742 - INFO - package: mysql.connector.plugins
2025-03-19 00:53:28,744 - INFO - plugin_name: mysql_native_password
2025-03-19 00:53:28,744 - INFO - AUTHENTICATION_PLUGIN_CLASS: MySQLNativePasswordAuthPlugin
2025-03-19 00:53:28,745 - INFO - Database is connected
2025-03-19 00:53:40,328 - INFO - Connected to MQTT Broker!
2025-03-19 00:55:43,229 - INFO - Connected to MQTT Broker!
2025-03-19 00:57:47,286 - INFO - Connected to MQTT Broker!
2025-03-19 00:59:50,651 - INFO - Connected to MQTT Broker!
2025-03-19 01:01:54,642 - INFO - Connected to MQTT Broker!
2025-03-19 01:03:56,798 - INFO - Connected to MQTT Broker!
2025-03-19 01:06:01,925 - INFO - Connected to MQTT Broker!
2025-03-19 01:08:07,019 - INFO - Connected to MQTT Broker!
2025-03-19 01:10:11,796 - INFO - Connected to MQTT Broker!
2025-03-19 01:12:20,344 - INFO - Connected to MQTT Broker!
2025-03-19 01:14:24,607 - INFO - Connected to MQTT Broker!
2025-03-19 01:16:29,904 - INFO - Connected to MQTT Broker!
2025-03-19 01:18:35,707 - INFO - Connected to MQTT Broker!
2025-03-19 01:20:42,739 - INFO - Connected to MQTT Broker!
2025-03-19 01:22:48,613 - INFO - Connected to MQTT Broker!
2025-03-19 01:24:53,062 - INFO - Connected to MQTT Broker!
2025-03-19 01:26:57,088 - INFO - Connected to MQTT Broker!
2025-03-19 01:29:02,659 - INFO - Connected to MQTT Broker!
2025-03-19 01:31:06,350 - INFO - Connected to MQTT Broker!
2025-03-19 01:33:13,416 - INFO - Connected to MQTT Broker!
2025-03-19 01:35:16,719 - INFO - Connected to MQTT Broker!
2025-03-19 01:37:24,273 - INFO - Connected to MQTT Broker!
2025-03-19 01:39:32,668 - INFO - Connected to MQTT Broker!
2025-03-19 01:41:34,734 - INFO - Connected to MQTT Broker!
2025-03-19 01:43:39,424 - INFO - Connected to MQTT Broker!
2025-03-19 01:45:47,295 - INFO - Connected to MQTT Broker!
2025-03-19 01:47:49,529 - INFO - Connected to MQTT Broker!
2025-03-19 01:49:53,598 - INFO - Connected to MQTT Broker!
2025-03-19 01:51:59,897 - INFO - Connected to MQTT Broker!
2025-03-19 01:54:04,840 - INFO - Connected to MQTT Broker!
2025-03-19 01:56:11,046 - INFO - Connected to MQTT Broker!
2025-03-19 01:58:14,944 - INFO - Connected to MQTT Broker!
2025-03-19 02:00:18,812 - INFO - Connected to MQTT Broker!
2025-03-19 02:02:24,314 - INFO - Connected to MQTT Broker!
2025-03-19 02:04:25,864 - INFO - Connected to MQTT Broker!
2025-03-19 02:06:30,019 - INFO - Connected to MQTT Broker!
2025-03-19 02:08:32,130 - INFO - Connected to MQTT Broker!
2025-03-19 02:10:33,858 - INFO - Connected to MQTT Broker!
2025-03-19 02:12:40,738 - INFO - Connected to MQTT Broker!
2025-03-19 02:14:44,809 - INFO - Connected to MQTT Broker!
2025-03-19 02:16:49,028 - INFO - Connected to MQTT Broker!
2025-03-19 02:18:50,974 - INFO - Connected to MQTT Broker!
2025-03-19 02:20:57,021 - INFO - Connected to MQTT Broker!
2025-03-19 02:23:03,318 - INFO - Connected to MQTT Broker!
2025-03-19 02:25:06,434 - INFO - Connected to MQTT Broker!
2025-03-19 02:27:13,863 - INFO - Connected to MQTT Broker!
2025-03-19 02:29:19,990 - INFO - Connected to MQTT Broker!
2025-03-19 02:30:28,952 - ERROR - Database Connection Faild
2025-03-19 03:05:22,191 - INFO - package: mysql.connector.plugins
2025-03-19 03:05:22,191 - INFO - plugin_name: mysql_native_password
2025-03-19 03:05:22,192 - INFO - AUTHENTICATION_PLUGIN_CLASS: MySQLNativePasswordAuthPlugin
2025-03-19 03:05:22,193 - INFO - Database is connected
2025-03-19 03:05:32,577 - INFO - Connected to MQTT Broker!
2025-03-19 03:07:36,930 - INFO - Connected to MQTT Broker!
2025-03-19 03:09:38,892 - INFO - Connected to MQTT Broker!
2025-03-19 03:11:43,863 - INFO - Connected to MQTT Broker!
2025-03-19 03:13:47,814 - INFO - Connected to MQTT Broker!
2025-03-19 03:15:49,770 - INFO - Connected to MQTT Broker!
2025-03-19 03:17:52,986 - INFO - Connected to MQTT Broker!
2025-03-19 03:19:56,918 - INFO - Connected to MQTT Broker!
2025-03-19 03:21:59,562 - INFO - Connected to MQTT Broker!
2025-03-19 03:24:04,649 - INFO - Connected to MQTT Broker!
2025-03-19 03:26:08,941 - INFO - Connected to MQTT Broker!
2025-03-19 03:28:14,711 - INFO - Connected to MQTT Broker!
2025-03-19 03:30:20,447 - INFO - Connected to MQTT Broker!
2025-03-19 03:32:26,617 - INFO - Connected to MQTT Broker!
2025-03-19 03:34:31,688 - INFO - Connected to MQTT Broker!
2025-03-19 03:36:35,278 - INFO - Connected to MQTT Broker!
2025-03-19 03:38:39,588 - INFO - Connected to MQTT Broker!
2025-03-19 03:40:43,651 - INFO - Connected to MQTT Broker!
2025-03-19 03:42:48,426 - INFO - Connected to MQTT Broker!
2025-03-19 03:44:49,981 - INFO - Connected to MQTT Broker!
2025-03-19 03:46:52,248 - INFO - Connected to MQTT Broker!
2025-03-19 03:49:00,643 - INFO - Connected to MQTT Broker!
2025-03-19 03:51:08,289 - INFO - Connected to MQTT Broker!
2025-03-19 03:53:12,211 - INFO - Connected to MQTT Broker!
2025-03-19 03:55:18,177 - INFO - Connected to MQTT Broker!
2025-03-19 03:57:23,959 - INFO - Connected to MQTT Broker!
2025-03-19 03:59:28,409 - INFO - Connected to MQTT Broker!
2025-03-19 04:01:33,283 - INFO - Connected to MQTT Broker!
2025-03-19 04:03:41,190 - INFO - Connected to MQTT Broker!
2025-03-19 04:05:45,180 - INFO - Connected to MQTT Broker!
2025-03-19 08:24:07,944 - INFO - Connected to MQTT Broker!
2025-03-19 08:26:15,290 - INFO - Connected to MQTT Broker!
2025-03-19 08:28:17,234 - INFO - Connected to MQTT Broker!
2025-03-19 08:30:22,636 - INFO - Connected to MQTT Broker!
2025-03-19 08:32:26,609 - INFO - Connected to MQTT Broker!
2025-03-19 08:34:31,354 - INFO - Connected to MQTT Broker!
2025-03-19 08:36:36,627 - INFO - Connected to MQTT Broker!
2025-03-19 08:38:43,927 - INFO - Connected to MQTT Broker!
2025-03-19 08:40:48,777 - INFO - Connected to MQTT Broker!
2025-03-19 08:42:53,562 - INFO - Connected to MQTT Broker!
2025-03-19 08:44:59,677 - INFO - Connected to MQTT Broker!
2025-03-19 08:47:04,475 - INFO - Connected to MQTT Broker!
2025-03-19 08:49:10,724 - INFO - Connected to MQTT Broker!
2025-03-19 08:51:16,572 - INFO - Connected to MQTT Broker!
2025-03-19 08:53:21,290 - INFO - Connected to MQTT Broker!
2025-03-19 08:55:27,542 - INFO - Connected to MQTT Broker!
2025-03-19 08:57:31,094 - INFO - Connected to MQTT Broker!
2025-03-19 08:59:36,892 - INFO - Connected to MQTT Broker!
2025-03-19 09:01:41,989 - INFO - Connected to MQTT Broker!
2025-03-19 09:03:49,909 - INFO - Connected to MQTT Broker!
2025-03-19 09:05:54,079 - INFO - Connected to MQTT Broker!
2025-03-19 09:08:00,961 - INFO - Connected to MQTT Broker!
2025-03-19 09:10:06,443 - INFO - Connected to MQTT Broker!
2025-03-19 09:12:09,365 - INFO - Connected to MQTT Broker!
2025-03-19 09:14:16,284 - INFO - Connected to MQTT Broker!
2025-03-19 09:16:24,421 - INFO - Connected to MQTT Broker!
2025-03-19 09:18:27,967 - INFO - Connected to MQTT Broker!
2025-03-19 09:20:35,774 - INFO - Connected to MQTT Broker!
2025-03-19 09:22:44,173 - INFO - Connected to MQTT Broker!
2025-03-19 09:24:49,394 - INFO - Connected to MQTT Broker!
2025-03-19 09:26:56,116 - INFO - Connected to MQTT Broker!
2025-03-19 09:29:02,215 - INFO - Connected to MQTT Broker!
2025-03-19 09:31:07,135 - INFO - Connected to MQTT Broker!
2025-03-19 09:33:12,792 - INFO - Connected to MQTT Broker!
2025-03-19 09:35:16,158 - INFO - Connected to MQTT Broker!
2025-03-19 09:37:19,458 - INFO - Connected to MQTT Broker!
2025-03-19 09:39:26,546 - INFO - Connected to MQTT Broker!
2025-03-19 09:41:32,604 - INFO - Connected to MQTT Broker!
2025-03-19 09:43:35,838 - INFO - Connected to MQTT Broker!
2025-03-19 09:45:44,017 - INFO - Connected to MQTT Broker!
2025-03-19 09:47:52,782 - INFO - Connected to MQTT Broker!
2025-03-19 09:49:55,977 - INFO - Connected to MQTT Broker!
2025-03-19 09:52:02,390 - INFO - Connected to MQTT Broker!
2025-03-19 09:54:10,471 - INFO - Connected to MQTT Broker!
2025-03-19 09:56:17,682 - INFO - Connected to MQTT Broker!
2025-03-19 09:58:23,022 - INFO - Connected to MQTT Broker!
2025-03-19 10:00:28,623 - INFO - Connected to MQTT Broker!
2025-03-19 10:02:36,489 - INFO - Connected to MQTT Broker!
2025-03-19 10:04:40,521 - INFO - Connected to MQTT Broker!
2025-03-19 10:06:42,627 - INFO - Connected to MQTT Broker!
2025-03-19 10:08:47,702 - INFO - Connected to MQTT Broker!
2025-03-19 10:10:51,691 - INFO - Connected to MQTT Broker!
2025-03-19 10:12:58,834 - INFO - Connected to MQTT Broker!
2025-03-19 10:15:01,767 - INFO - Connected to MQTT Broker!
2025-03-19 10:17:06,846 - INFO - Connected to MQTT Broker!
2025-03-19 10:19:15,428 - INFO - Connected to MQTT Broker!
2025-03-19 10:21:17,445 - INFO - Connected to MQTT Broker!
2025-03-19 10:23:25,227 - INFO - Connected to MQTT Broker!
2025-03-19 10:25:33,162 - INFO - Connected to MQTT Broker!
2025-03-19 10:27:37,283 - INFO - Connected to MQTT Broker!
2025-03-19 10:29:44,748 - INFO - Connected to MQTT Broker!
2025-03-19 10:31:48,628 - INFO - Connected to MQTT Broker!
2025-03-19 10:33:55,481 - INFO - Connected to MQTT Broker!
2025-03-19 10:36:01,805 - INFO - Connected to MQTT Broker!
2025-03-19 10:38:09,856 - INFO - Connected to MQTT Broker!
2025-03-19 10:40:12,512 - INFO - Connected to MQTT Broker!
2025-03-19 10:42:19,164 - INFO - Connected to MQTT Broker!
2025-03-19 10:44:23,586 - INFO - Connected to MQTT Broker!
2025-03-19 10:46:27,878 - INFO - Connected to MQTT Broker!
2025-03-19 10:48:34,395 - INFO - Connected to MQTT Broker!
2025-03-19 10:50:41,331 - INFO - Connected to MQTT Broker!
2025-03-19 10:52:46,165 - INFO - Connected to MQTT Broker!
2025-03-19 10:54:54,115 - INFO - Connected to MQTT Broker!
2025-03-19 10:57:02,732 - INFO - Connected to MQTT Broker!
2025-03-19 10:59:07,507 - INFO - Connected to MQTT Broker!
2025-03-19 11:01:12,425 - INFO - Connected to MQTT Broker!
2025-03-19 11:03:16,767 - INFO - Connected to MQTT Broker!
2025-03-19 11:05:20,676 - INFO - Connected to MQTT Broker!
2025-03-19 11:07:26,598 - INFO - Connected to MQTT Broker!
2025-03-19 11:09:35,689 - INFO - Connected to MQTT Broker!
2025-03-19 11:11:38,834 - INFO - Connected to MQTT Broker!
2025-03-19 11:13:45,791 - INFO - Connected to MQTT Broker!
2025-03-19 11:15:47,749 - INFO - Connected to MQTT Broker!
2025-03-19 11:17:50,702 - INFO - Connected to MQTT Broker!
2025-03-19 11:19:56,381 - INFO - Connected to MQTT Broker!
2025-03-19 11:22:03,117 - INFO - Connected to MQTT Broker!
2025-03-19 11:24:08,210 - INFO - Connected to MQTT Broker!
2025-03-19 11:26:15,845 - INFO - Connected to MQTT Broker!
2025-03-19 11:28:24,896 - INFO - Connected to MQTT Broker!
2025-03-19 11:30:28,652 - INFO - Connected to MQTT Broker!
2025-03-19 11:32:33,041 - INFO - Connected to MQTT Broker!
2025-03-19 11:34:37,861 - INFO - Connected to MQTT Broker!
2025-03-19 11:36:42,473 - INFO - Connected to MQTT Broker!
2025-03-19 11:38:47,113 - INFO - Connected to MQTT Broker!
2025-03-19 11:40:53,714 - INFO - Connected to MQTT Broker!
2025-03-19 11:42:58,314 - INFO - Connected to MQTT Broker!
2025-03-19 11:45:04,488 - INFO - Connected to MQTT Broker!
2025-03-19 11:47:06,932 - INFO - Connected to MQTT Broker!
2025-03-19 11:49:11,385 - INFO - Connected to MQTT Broker!
2025-03-19 11:51:16,092 - INFO - Connected to MQTT Broker!
2025-03-19 11:53:24,386 - INFO - Connected to MQTT Broker!
2025-03-19 11:55:29,458 - INFO - Connected to MQTT Broker!
2025-03-19 11:57:36,654 - INFO - Connected to MQTT Broker!
2025-03-19 11:59:43,441 - INFO - Connected to MQTT Broker!
2025-03-19 12:01:48,822 - INFO - Connected to MQTT Broker!
2025-03-19 12:03:56,879 - INFO - Connected to MQTT Broker!
2025-03-19 12:05:59,322 - INFO - Connected to MQTT Broker!
2025-03-19 12:08:05,961 - INFO - Connected to MQTT Broker!
2025-03-19 12:10:15,726 - INFO - Connected to MQTT Broker!
2025-03-19 12:12:22,791 - INFO - Connected to MQTT Broker!
2025-03-19 12:14:25,844 - INFO - Connected to MQTT Broker!
2025-03-19 12:16:32,380 - INFO - Connected to MQTT Broker!
2025-03-19 12:18:34,690 - INFO - Connected to MQTT Broker!
2025-03-19 12:20:41,091 - INFO - Connected to MQTT Broker!
2025-03-19 12:22:47,694 - INFO - Connected to MQTT Broker!
2025-03-19 12:24:54,106 - INFO - Connected to MQTT Broker!
2025-03-19 12:26:58,213 - INFO - Connected to MQTT Broker!
2025-03-19 12:29:04,780 - INFO - Connected to MQTT Broker!
2025-03-19 12:31:13,283 - INFO - Connected to MQTT Broker!
2025-03-19 12:33:18,489 - INFO - Connected to MQTT Broker!
2025-03-19 12:35:24,326 - INFO - Connected to MQTT Broker!
2025-03-19 12:37:29,104 - INFO - Connected to MQTT Broker!
2025-03-19 12:39:33,427 - INFO - Connected to MQTT Broker!
2025-03-19 12:41:38,254 - INFO - Connected to MQTT Broker!
2025-03-19 12:43:46,358 - INFO - Connected to MQTT Broker!
2025-03-19 12:46:18,880 - INFO - Connected to MQTT Broker!
2025-03-19 13:15:52,647 - ERROR - Database Connection Faild
2025-03-19 17:29:44,764 - INFO - package: mysql.connector.plugins
2025-03-19 17:29:44,764 - INFO - plugin_name: mysql_native_password
2025-03-19 17:29:44,781 - INFO - AUTHENTICATION_PLUGIN_CLASS: MySQLNativePasswordAuthPlugin
2025-03-19 17:29:44,783 - INFO - Database is connected
2025-03-19 17:29:55,411 - INFO - Connected to MQTT Broker!
2025-03-19 17:32:01,031 - INFO - Connected to MQTT Broker!
2025-03-19 20:20:22,393 - INFO - Connected to MQTT Broker!
2025-03-19 20:55:31,336 - INFO - Connected to MQTT Broker!
2025-03-19 21:44:19,367 - INFO - Connected to MQTT Broker!
2025-03-20 08:45:33,207 - INFO - Connected to MQTT Broker!
2025-03-20 09:00:43,317 - INFO - Connected to MQTT Broker!
2025-03-20 14:15:23,934 - INFO - Connected to MQTT Broker!
2025-03-20 16:08:12,365 - INFO - Connected to MQTT Broker!
2025-03-20 19:23:46,708 - INFO - Connected to MQTT Broker!
2025-03-20 23:48:06,672 - ERROR - Database Connection Faild
2025-03-21 06:03:02,050 - INFO - package: mysql.connector.plugins
2025-03-21 06:03:02,050 - INFO - plugin_name: mysql_native_password
2025-03-21 06:03:02,050 - INFO - AUTHENTICATION_PLUGIN_CLASS: MySQLNativePasswordAuthPlugin
2025-03-21 06:03:02,050 - INFO - Database is connected
2025-03-21 06:03:12,446 - INFO - Connected to MQTT Broker!
2025-03-21 10:57:49,142 - INFO - Connected to MQTT Broker!
2025-03-24 19:45:36,454 - INFO - package: mysql.connector.plugins
2025-03-24 19:45:36,455 - INFO - plugin_name: mysql_native_password
2025-03-24 19:45:36,460 - INFO - AUTHENTICATION_PLUGIN_CLASS: MySQLNativePasswordAuthPlugin
2025-03-24 19:45:36,462 - INFO - Database is connected
2025-03-24 19:45:46,850 - INFO - Connected to MQTT Broker!
2025-03-24 19:47:49,530 - INFO - Connected to MQTT Broker!
2025-03-24 19:49:51,279 - INFO - Connected to MQTT Broker!
2025-03-24 19:51:54,045 - INFO - Connected to MQTT Broker!
2025-03-24 19:53:59,299 - INFO - Connected to MQTT Broker!
2025-03-24 19:56:00,904 - INFO - Connected to MQTT Broker!
2025-03-24 19:58:03,621 - INFO - Connected to MQTT Broker!
2025-03-24 20:00:05,429 - INFO - Connected to MQTT Broker!
2025-03-24 20:02:09,986 - INFO - Connected to MQTT Broker!
2025-03-24 20:04:15,812 - INFO - Connected to MQTT Broker!
2025-03-24 20:06:20,983 - INFO - Connected to MQTT Broker!
2025-03-24 20:08:24,005 - INFO - Connected to MQTT Broker!
2025-03-24 20:10:30,276 - INFO - Connected to MQTT Broker!
2025-03-24 20:12:33,558 - INFO - Connected to MQTT Broker!
2025-03-24 20:14:39,047 - INFO - Connected to MQTT Broker!
2025-03-24 20:16:40,738 - INFO - Connected to MQTT Broker!
2025-03-24 20:18:47,730 - INFO - Connected to MQTT Broker!
2025-03-24 20:20:54,276 - INFO - Connected to MQTT Broker!
2025-03-24 20:22:28,227 - ERROR - Database Connection Faild
2025-03-24 20:23:50,056 - INFO - package: mysql.connector.plugins
2025-03-24 20:23:50,056 - INFO - plugin_name: mysql_native_password
2025-03-24 20:23:50,057 - INFO - AUTHENTICATION_PLUGIN_CLASS: MySQLNativePasswordAuthPlugin
2025-03-24 20:23:50,057 - INFO - Database is connected
2025-03-24 20:24:01,186 - INFO - Connected to MQTT Broker!
2025-03-24 20:24:10,944 - ERROR - Database Connection Faild
2025-03-24 20:25:08,172 - INFO - package: mysql.connector.plugins
2025-03-24 20:25:08,172 - INFO - plugin_name: mysql_native_password
2025-03-24 20:25:08,173 - INFO - AUTHENTICATION_PLUGIN_CLASS: MySQLNativePasswordAuthPlugin
2025-03-24 20:25:08,174 - INFO - Database is connected
2025-03-24 20:25:18,588 - INFO - Connected to MQTT Broker!
2025-03-24 20:25:26,067 - ERROR - Database Connection Faild
2025-03-24 20:25:30,123 - INFO - package: mysql.connector.plugins
2025-03-24 20:25:30,124 - INFO - plugin_name: mysql_native_password
2025-03-24 20:25:30,124 - INFO - AUTHENTICATION_PLUGIN_CLASS: MySQLNativePasswordAuthPlugin
2025-03-24 20:25:30,142 - ERROR - Database Connection Faild
2025-03-24 20:25:45,144 - ERROR - Database Connection Faild
2025-03-24 20:25:55,727 - INFO - package: mysql.connector.plugins
2025-03-24 20:25:55,727 - INFO - plugin_name: mysql_native_password
2025-03-24 20:25:55,728 - INFO - AUTHENTICATION_PLUGIN_CLASS: MySQLNativePasswordAuthPlugin
2025-03-24 20:25:55,729 - ERROR - Database Connection Faild
2025-03-24 20:26:10,736 - ERROR - Database Connection Faild
2025-03-24 20:26:18,762 - INFO - package: mysql.connector.plugins
2025-03-24 20:26:18,762 - INFO - plugin_name: mysql_native_password
2025-03-24 20:26:18,762 - INFO - AUTHENTICATION_PLUGIN_CLASS: MySQLNativePasswordAuthPlugin
2025-03-24 20:26:18,763 - INFO - Database is connected
2025-03-24 20:26:29,448 - INFO - Connected to MQTT Broker!
2025-03-25 22:31:13,342 - INFO - Connected to MQTT Broker!
2025-03-26 08:40:11,774 - INFO - Connected to MQTT Broker!
